production_date,shift,id_machine,packer,material,id_type,mould,type,jo_no,qty_perct,gross_weight,part_weight,shot,qty_order,wip_opening,wip_closing,shift_output,finish_good,inward,qty_accum,qty_balance,material_used,runner,reject_startup,reject_startup_per,reject_prod,reject_prod_per,act_ct,production_running,sap_ct, change_full_set , change_half_set , change_parts , maintenance_dt , technician_dt ,production_dt,remark,reject_purging,reject_preform,reject_total_pcs
1/7/2026,1,1,KAVITHAH,PET RECRON,322448,0,BCY28-0500-W-R-CL,10698738,4,40,40,931,204120,,810,3724,2430,97.2,42120,162000,148.96,0,0,0,15.6,0.104726101,27.4,7,23,,,,0,5,,"Mc stop 10am cav # 1 &2 nozel temprature problem,restart 3 pm,lumpy",3,4,390
1/7/2026,1,2,MOGANA,PET,442034,0,BC28-0250-Z-S-CL,10699054,4,23,23,576,139776,3840,,2304,6144,141.312,139776,0,52.992,0,,0,2,0.037741546,24.3,3.9,22,,,,,0,,C/order,4,3,86
1/7/2026,1,2,MOGANA,PET,442034,0,BC28-0250-Z-S-CL,10699055,4,23,23,1152,139776,,,4608,4608,105.984,4608,135168,105.984,0,,0,,0,24.3,8.1,22,,,,,0,,Drooling,,,0
1/7/2026,1,3,AISHAH/BHOLA,PET,324198,0,BX38-0100-C-R-CL,10700605,4,20,20,1877,25920,3600,2160,7508,8640,172.8,19440,6480,150.16,0,,0,4,0.026638253,22.4,11.67911111,19.5,,,,,0.320888889,,Drooling,3.5,6,200
1/7/2026,1,4,JEGA,PET,426555,0,BX38-0330-Z-S-CL-HW,10699839,4,29,29,1637,81600,340,205,6548,6120,177.48,17545,64055,189.892,0,,0,4,0.021064605,25.9,11.77730556,22.72,,,,,0.222694444,,Run well,4.2,3,137
1/7/2026,1,5,JEGA/MOGANA,PET,577492,0,BC28-0375-K-R-Tinted Brown,10699842,4,35.6,35.6,1790,60720,736,736,7160,7360,262.016,5888,54832,254.896,0,,0,3,0.011769506,23.3,11.58527778,27,,,,,0.414722222,,Run well.L.test.,,,84
1/7/2026,1,6,HABIRAMI,PET,324165,0,JJ63-0400-SH-S-WH,10698665,4,32.56,33,1641,104192,2176,,6564,8704,287.232,104192,0,216.612,0,,0,1.5,0.006924824,26.6,12,22,,,,,0,,C/order,,,45
1/7/2026,1,7,AISHAH,PET,322445,0,JJ63-0400-SH-S-CL,10699847,4,32.74,33,1867,72000,1440,,7468,7200,237.6,39600,32400,246.444,0,,0,6,0.024346302,22.7,11.77247222,22,,,,,0.227527778,,Flow mark,,6,181
1/7/2026,1,8,HABIRAMI/AISYAH/KAVITHAH,rPET,593537,0,BX38-1000-RN-R-CL-rPET 0.2,10700450,4,56.5,56.8,1447,69000,345,,5788,5750,326.6,44850,24150,328.7584,0,0,0,3,0.009125242,29,11.7,28.5,,,,,0.3,,Tech adjust neck dented .L.test,,,52
1/7/2026,1,9,NA,KingFa NC050,666344,2,BC28-0056-D-APH-5040-0756-PP,10700883,6,12.3,12.3,,162000,,0,0,,0,,162000,0,0,19,,,,26.7,0,26,,,,,12,,Dome height,2,6,0
1/7/2026,1,10,BINOD,PET,323102,0,BX38-1500-H-R-CL-LW(GREEN) (ASEM),10700489,4,56.9,56.9,339,40960,,160,1356,640,36.416,800,40160,77.1564,0,12,0.155528252,2,0.025921375,28,2.5,26,,,,,9.5,,Start 3.30 pm .lumpy & body soff,27,45,35
1/7/2026,1,11,BHOLA,PPSB520Y,552181,5,BC28-0090-D-APH-5180-3538-PP-6 NOTCHES,10698216,6,14.7,14.7,1470,108000,1350,3780,8820,5400,79.38,49950,58050,129.654,0,0,0,4,0.030851343,30.5,12,27,,,,,0,,Bottle dented  leak test problem.L.test,,,272
1/7/2026,1,12,NA,PET RECRON,620599,0,BC28-0750-K4-R-CL (55g)  ,10699339,4,55,55,,72000,1275,1275,0,,0,66075,5925,0,0,0,,,,29.7,0,28,,,,,12,,Under tech.Mould dented.,3,1,0
1/7/2026,1,13,NA,KingFa NC050,666344,3,BC28-0056-D-APH-5040-0756-PP,10700431,6,12.3,12.3,540,162000,,3240,3240,,0,,162000,39.852,0,5,0.125464218,1,0.025092844,28.1,4.5,26,,,,,7.5,,Restart 1.30pm .L.test,5,2,81
1/7/2026,1,14,AISYAH,PET,541381,0,BC28-1200-K-R-CL,10700742,4,55,55,1529,84000,3780,60,6116,6300,346.5,26660,57340,336.38,0,,0,6,0.01783697,27.5,11.67986111,30.08,,,,,0.320138889,,Dirty.L.test.,3.7,5,109
1/7/2026,1,15,BHOLA,PPSB520Y,552181,1,BC28-0090-D-APH-5180-3538-PP-6 NOTCHES,10700435,6,14.7,14.7,1453,108000,,1350,8718,10800,158.76,60750,47250,128.1546,0,,0,1,0.007803075,28.9,11.66436111,27,,,,,0.335638889,,Run well.L.test.,,,68
1/7/2026,1,16,NIPU/ASNULLAH,KingFa NC050,666343,3,BC28-0170-D-5180-3539-PP,10700430,6,28,28,196,100800,4200,5376,1176,,0,35616,65184,32.928,0,5,0.151846453,1,0.030369291,48.1,2,42,,,,,10,,Restart 4.00pm.Ltest,6,13,35
1/7/2026,1,17,NIKHIL,SM398,606524,0,C35-R/S-F.TOP D.CHOC W SEAL 2.0 (ASEM),10700879,12,5.86,5.86,1305,170000,13600,27200,15660,,0,27200,142800,91.7676,0,0,0,3,0.032691277,28.5,10.33125,29.04,,,,,1.66875,,Uncapping & scratches.,,,511
1/7/2026,1,18,NA,SM398,665673,0,C32- TOP CAP-RED-KKM,10700243,8,2.1,2.1,,340500,,,0,,0,,340500,0,0,0,,,,15.9,0,16,,,,,12,,Under tech.,,,0
1/7/2026,1,19,NIKHIL,PET PF CAN,588637,0,PF-JK57-24-82-KEKO,10700330,6,24.6,24.6,379,144000,160500,24000,2274,2250,55.35,78138,65862,55.9404,0,0,0,,0,32.6,3.432055556,26,,,,,8.567944444,,Stop mc .mould change,,,0
1/7/2026,1,20,,,123456,0,,,,,,0,0,0,0,,0,0,0,,,,0,,0,,0,0,0,,,,,0,12,NO SCHEDULE,,,0
1/7/2026,1,21,NIPU,R-HDPE ASTERENE HXM 6007,573943,0,EBK38-2000-K-S-WH-PE(S2012),10700679,1,180,122,1235,20160,225,,1235,1440,175.68,6120,14040,150.67,71.63,0,0,12,0.079644256,33.4,11.45805556,35,,,,,0.541944444,,Black dot.L.test.,,,98
1/7/2026,1,22,,,123456,0,,,,,,0,0,0,0,,0,0,0,,,,0,,0,,0,0,0,,,,,0,12,NO SCHEDULE,,,0
1/7/2026,1,23,ASNULLAH,R-HDPE ASTERENE HXM 6007,580580,0,EBK38-2017-K-S-WHITE-PE(S2017),10698803,1,139.8,103,1293,20680,110,,1293,1320,135.96,17160,3520,133.179,47.5824,0,0,8,0.06006953,33,11.8525,33,,,,,0.1475,,Black dot.L.test.,,,77
1/7/2026,1,24,IRSAD,SM240,453796,0,AL2012-BK 38MM CAP (BLACK) C/W SEAL ASEM,10700491,16,4,3.5,1421,400000,44000,20000,22736,,0,,400000,79.576,11.368,,0,18,0.226198854,15.9,6.3,16,,,,,5.7,,Always mc stop blokage short moulding & flashing,11,,5142
1/7/2026,1,24,IRSAD,SM240,453796,0,AL2012-BK 38MM CAP (BLACK) C/W SEAL ASEM,10700491,16,4,3.5,0,0,56000,,0,56000,196,,0,0,0,0,,,,10,0,20.8,,,,,0,,Assy.,,,0
1/7/2026,1,25,,,123456,0,,,,,,0,0,0,0,,0,0,0,,,,0,,0,,0,0,0,,,,,0,12,NO SCHEDULE,,,0
1/7/2026,1,26,RAIS,PET CAN,588272,0,JK57-0350-R-CL-KEKO,10699331,2,24,18,4277,91800,340,1360,8554,6120,110.16,,91800,153.972,0,0,0,12,0.077936248,7.4,8.8,6.8,,,,,3.2,,Body dented gate off center selver streak,,,666
1/7/2026,1,27,,,123456,0,,,,,,0,0,0,0,,0,0,0,,,,0,,0,,0,0,0,,,,,0,12,NO SCHEDULE,,,0
1/7/2026,1,28,,,123456,0,,,,,,0,0,0,0,,0,0,0,,,,0,,0,,0,0,0,,,,,0,12,NO SCHEDULE,,,0
1/7/2026,1,29,NA,MARLEX5502,645095,0,E44-3900-S-NA-FMC-HDPE,TESTING,2,317,190,,0,0,,0,,0,,0,0,0,0,,,,45,0,45,,,,,12,,Testing.,9,,0
1/7/2026,2,1,WIYAH,PET RECRON,322448,0,BCY28-0500-W-R-CL,10698738,4,40,40,1510,204120,810,324,6040,6480,259.2,48114,156006,241.6,0,0,0,6.5,0.026903974,27.4,11.5,23,,,,,0.5,,Lumphy.L.test,,,162
1/7/2026,2,2,ZAM,PET,442034,0,BC28-0250-Z-S-CL,10699055,4,23,23,1736,139776,0,2304,6944,4608,105.984,11520,128256,159.712,0,0,0,2.7,0.01690543,24.3,11.718,22,,,,,0.282,,Run well.,,,117
1/7/2026,2,3,ASIAH/SUMATHI,PET,324198,0,BX38-0100-C-R-CL,10700605,4,20,20,1636,25920,2160,0,6544,8640,172.8,25920,0,130.88,0,0,0,2.5,0.019101467,22.4,10.25,19.5,,,,,0,,Drolling.Stop 4.15am.C/order.,,,125
1/7/2026,2,3,NA,PET,611949,0,BX38-0150-R-R-AM,10700559,4,20,20,0,36300,0,0,0,0,0,0,36300,0,0,0,,0,,22.4,0,21.64,,,1.5,,0.25,,Change mould.,,,0
1/7/2026,2,4,DIPAK,PET,426555,0,BX38-0330-Z-S-CL-HW,10699839,4,29,29,1668,54912,205,0,6672,7140,207.06,24480,30432,193.488,0,0,0,2,0.010336558,25.9,12,22.72,,,,,0,,Drolling.,,,68
1/7/2026,2,5,DIPAK/ZAM,PET,577492,0,BC28-0375-K-R-Tinted Brown,10699842,4,35.6,35.6,1850,60720,736,736,7400,7360,262.016,22816,37904,263.44,0,0,0,1,0.003795931,23.3,11.97361111,27,,,,,0.026388889,,Run well.L.test.,,,28
1/7/2026,2,6,WIYAH/PUVES,PET,322412,0,JJ63-0200-R-R-CL,10699844,4,24.3,24,451,40600,0,406,1804,0,0,406,40194,43.296,0,14.6,0.337213599,0,0,26.6,1,20,5.5,,,,5.5,,Start 5.00am.,,,0
1/7/2026,2,7,ASIAH,PET,322445,0,JJ63-0400-SH-S-CL,10699847,4,32.74,33,1890,72000,0,0,7560,7200,237.6,27000,45000,249.48,0,0,0,7.8,0.031265031,22.9,12,22,,,,,0,,Flow mark.,,,236
1/7/2026,2,8,WIYAH/PUVES,rPET,593537,0,BX38-1000-RN-R-CL-rPET 0.2,10700450,4,56.5,56.8,1460,69000,0,230,5840,5750,326.6,50830,18170,331.712,0,0,0,2,0.006029327,29,11.76111111,28.5,,,,,0.238888889,,Run well.L.test,,,35
1/7/2026,2,9,KALAMODIN,KingFa NC050,666344,2,BC28-0056-D-APH-5040-0756-PP,10700883,6,12.3,12.3,0,162000,0,0,0,0,0,0,162000,0,0,12.7,,0,,26.7,0,26,,,,,12,,Under tech.Thickness.Start 6.00am,,,0
1/7/2026,2,10,SHAHID,PET,323102,0,BX38-1500-H-R-CL-LW(GREEN) (ASEM),10700489,4,56.9,56.9,1508,40960,160,0,6032,6080,345.952,6720,34240,343.2208,0,0,0,8.6,0.025056756,28,11.72888889,26,,,,,0.271111111,,"Gate off center,flashing.",,,151
1/7/2026,2,11,RAM,PPSB520Y,552181,5,BC28-0090-D-APH-5180-3538-PP-6 NOTCHES,10698216,6,14.7,14.7,1392,108000,3780,1350,8352,10800,158.76,60750,47250,122.7744,0,0,0,1,0.00814502,30.5,11.79333333,27,,,,,0.206666667,,Run well.L.test.,,,68
1/7/2026,2,12,NA,PET RECRON,620599,0,BC28-0750-K4-R-CL (55g)  ,10699339,4,55,55,0,72000,1275,0,0,0,0,66075,5925,0,0,0,,0,,29.7,0,28,,,,,12,,Under tech.Mould dented.,,,0
1/7/2026,2,13,SUMATHI/ASIAH,KingFa NC050,666344,3,BC28-0056-D-APH-5040-0756-PP,10700431,6,12.3,12.3,1538,162000,3240,4860,9228,8100,99.63,45360,116640,113.5044,0,0,0,1,0.008810231,28.1,12,26,,,,,0,,Run wel.L.test,,,81
1/7/2026,2,14,PUVES,PET,541381,0,BC28-1200-K-R-CL,10700742,4,55,55,1548,84000,60,0,6192,6300,346.5,32900,51100,340.56,0,0,0,2,0.00587268,27.5,11.825,30.08,,,,,0.175,,Run well.L.test.,,,36
1/7/2026,2,15,RAM,PPSB520Y,552181,1,BC28-0090-D-APH-5180-3538-PP-6 NOTCHES,10700435,6,14.7,14.7,1468,108000,1350,5130,8808,5400,79.38,69930,38070,129.4776,0,0,0,2,0.015446687,28.9,11.78477778,27,,,,,0.215222222,,Run well.L.test.,,,136
1/7/2026,2,16,SHESHNATH/KAIMULLAH,KingFa NC050,666343,3,BC28-0170-D-5180-3539-PP,10700430,6,28,28,720,100800,5376,6216,4320,3360,94.08,39816,60984,120.96,0,0,0,2.5,0.020667989,46.92,9.4,42,,,,,2.6,,Run well.L.test.Sometimes alarm.,,,89
1/7/2026,2,17,JIWAN,SM398,606524,0,C35-R/S-F.TOP D.CHOC W SEAL 2.0 (ASEM),10700879,12,5.86,5.86,1350,170000,27200,8500,16200,34000,199.24,42500,127500,94.932,0,0,0,1,0.010533856,28.5,10.8,29.04,,,,,1.2,,Uncapping & scratches.,,,170
1/7/2026,2,18,NA,SM398,665673,0,C32- TOP CAP-RED-KKM,10700243,8,2.1,2.1,0,340500,0,0,0,0,0,0,340500,0,0,0,,0,,15.9,0,16,,,,,12,,Under tech.,,,0
1/7/2026,2,19,NA,PET PF CAN,588637,0,PF-JK57-24-82-KEKO,10700330,6,24.6,24.6,0,144000,24000,24000,0,0,0,78138,65862,0,0,0,,0,,32.6,0,26,,,,,12,,Mould testing.,,,0
1/7/2026,2,20,,,123456,0,,,,,,0,0,0,0,,0,0,0,,,,0,,0,,0,0,0,,,,,0,12,NO SCHEDULE,,,0
1/7/2026,2,21,SHESHNATH,R-HDPE ASTERENE HXM 6007,573943,0,EBK38-2000-K-S-WH-PE(S2012),10700679,1,180,122,1263,20160,0,315,1263,720,87.84,7155,13005,154.086,73.254,0,0,27.8,0.180418727,33.4,11.71783333,35,,,,,0.282166667,,Black dot.L.test.,,,227
1/7/2026,2,22,,,123456,0,,,,,,0,0,0,0,,0,0,0,,,,0,,0,,0,0,0,,,,,0,12,NO SCHEDULE,,,0
1/7/2026,2,23,KAIMULLAH,R-HDPE ASTERENE HXM 6007,580580,0,EBK38-2017-K-S-WHITE-PE(S2017),10698803,1,139.8,103,1325,20680,0,275,1325,880,90.64,18315,2365,136.475,48.76,0,0,24.6,0.180252794,33,12,33,,,,,0,,Black dot.L.test.,,,238
1/7/2026,2,24,NITESH,SM240,453796,0,AL2012-BK 38MM CAP (BLACK) C/W SEAL ASEM,10700491,16,4,3.5,2350,400000,20000,32000,37600,0,0,64000,336000,131.6,18.8,0,0,1,0.007598784,15.9,10.4,16,,,,,1.6,,"Short moulding,sometimes blokage.",,,285
1/7/2026,2,24,NITESH,SM240,453796,0,AL2012-BK 38MM CAP (BLACK) C/W SEAL ASEM,10700491,16,4,3.5,0,400000,0,120000,0,0,0,120000,280000,0,0,0,,0,,15.9,0,16,,,,,0,,Assy.,,,0
1/7/2026,2,25,,,123456,0,,,,,,0,0,0,0,,0,0,0,,,,0,,0,,0,0,0,,,,,0,12,NO SCHEDULE,,,0
1/7/2026,2,26,KALAMODIN,PET CAN,588272,0,JK57-0350-R-CL-KEKO,10699331,2,24,18,5125,91800,1360,2295,10250,9180,165.24,31935,59865,184.5,0,0,0,10,0.054200542,7.4,10.53472222,6.8,,,,,1.465277778,,Botttle stuck sometimes.silver streak & dented.Stop 6.00am.,,,555
1/7/2026,2,27,,,123456,0,,,,,,0,0,0,0,,0,0,0,,,,0,,0,,0,0,0,,,,,0,12,NO SCHEDULE,,,0
1/7/2026,2,28,,,123456,0,,,,,,0,0,0,0,,0,0,0,,,,0,,0,,0,0,0,,,,,0,12,NO SCHEDULE,,,0
1/7/2026,2,29,NA,R-HDPE ASTERENE HXM 50100S,611846,0,B54-5000-S-CL-HDPE,TESTING,2,453,329,0,-,0,0,0,0,0,0,-,0,0,0,,0,,67.1,0,40.1,,,,,12,,Testing,,,0
2/7/2026,1,1,HABIRAMI,PET RECRON,322448,0,BCY28-0500-W-R-CL,10698738,4,40,40,1431,204120,324,1134,5724,4860,194.4,53784,150336,228.96,0,0,0,3,0.013102725,30.1,12,23,,,,,0,,Black dot.L.test.,,,75
2/7/2026,1,2,KAVITHAH,PET,442034,0,BC28-0250-Z-S-CL,10699055,4,23,23,1239,139776,2304,2304,4956,4608,105.984,16120,123656,113.988,0,0,0,2,0.017545707,24.3,8.4,22,,,,,3.6,,White mark.Stop 2pm-5.45pm.Hr nozzle #1/2 temprature down.,,,86
2/7/2026,1,3,NA,PET,611949,0,BX38-0150-R-R-AM,10700559,4,20,20,0,36300,0,0,0,0,0,0,36300,0,0,1.5,,0,,22.4,0,21.64,,,,,12,,Colour mixed 3.5%.Load mtrl 4pm.,,,0
2/7/2026,1,4,BINOD,PET,426555,0,BX38-0330-Z-S-CL-HW,10699839,4,29,29,1684,81600,0,510,6736,6120,177.48,31110,50490,195.344,0,0,0,3,0.015357523,25.9,12,22.72,,,,,0,,Base & body deform.L.test.,,,103
2/7/2026,1,5,BINOD/KAVITHAH,PET,577492,0,BC28-0375-K-R-Tinted Brown,10699842,4,35.6,35.6,1850,60720,736,736,7400,7360,262.016,30176,30544,263.44,0,0,0,2,0.007591862,23.3,11.97361111,27,,,,,0.026388889,,Run well.L.test.,,,56
2/7/2026,1,6,HABIRAMI/AISYAH,PET,322412,0,JJ63-0200-R-R-CL,10699844,4,24.3,24,2079,40600,406,406,8316,8120,194.88,8526,32074,199.584,0,0,0,4.5,0.022546898,20.7,11.95425,20,,,,,0.04575,,Base rounded.,,,187
2/7/2026,1,7,AISHAH,PET,322445,0,JJ63-0400-SH-S-CL,10699847,4,32.74,33,1881,72000,0,180,7524,7200,237.6,34380,37620,248.292,0,0,0,4.8,0.019332077,22.7,11.86075,22,,,,,0.13925,,Flow mark,,,145
2/7/2026,1,8,AISYAH,rPET,593537,0,BX38-1000-RN-R-CL-rPET 0.2,10700450,4,56.5,56.8,1504,69000,230,460,6016,5750,326.6,56810,12190,341.7088,0,0,0,2,0.005852937,29,12,28.5,,,,,0,,Run well.L.test.,,,35
2/7/2026,1,9,MOGANA,KingFa NC050,666344,2,BC28-0056-D-APH-5040-0756-PP,10700883,6,12.3,12.3,1506,162000,0,810,9036,8100,99.63,8910,153090,111.1428,0,0,0,1.5,0.013496151,27.6,11.546,26,,,,,0.454,,Run well.L.test.,,,121
2/7/2026,1,10,RAIS,PET,323102,0,BX38-1500-H-R-CL-LW(GREEN) (ASEM),10700489,4,56.9,56.9,1208,40960,0,240,4832,4480,254.912,11440,29520,274.9408,0,0,0,6.3,0.022914024,28.3,9.496222222,26,,,,2.5,0.003777778,,Gate off center.Mc stop 10am-12.30am.Under mntc change blow vavle.,,,110
2/7/2026,1,11,BHOLA,PPSB520Y,552181,5,BC28-0090-D-APH-5180-3538-PP-6 NOTCHES,10698216,6,14.7,14.7,517,108000,1350,4320,3102,0,0,61720,46280,45.5994,0,0,0,1.5,0.03289517,30.5,4.380138889,27,,,,7.6,0.019861111,,Base lumpy.mc stop 10.15am.Lower mould cyclinder shaft loose.,,,102
2/7/2026,1,12,NA,PET RECRON,620599,0,BC28-0750-K4-R-CL (55g)  ,10699339,4,55,55,0,72000,0,0,0,0,0,66075,5925,0,0,0,,0,,29.7,0,28,,,,,12,,Under tech.Mould dented.,,,0
2/7/2026,1,13,MOGANA/VICKY,KingFa NC050,666344,3,BC28-0056-D-APH-5040-0756-PP,10700431,6,12.3,12.3,1499,162000,4860,5670,8994,8100,99.63,54270,107730,110.6262,0,0,0,1,0.00903945,28.1,11.70052778,26,,,,,0.299472222,,Run well.L.test.,,,81
2/7/2026,1,14,VICKY,PET,541381,0,BC28-1200-K-R-CL,10700742,4,55,55,1586,84000,0,0,6344,6300,346.5,39200,44800,348.92,0,0,0,2.5,0.007164966,27.5,12,30.08,,,,,0,,Dirty.L.test.,,,45
2/7/2026,1,15,BHOLA,PPSB520Y,552181,1,BC28-0090-D-APH-5180-3538-PP-6 NOTCHES,10700435,6,14.7,14.7,1491,108000,5130,3240,8946,10800,158.76,78840,29160,131.5062,0,0,0,0.5,0.003802102,28.9,11.96941667,27,,,,,0.030583333,,Run well.L.test.,,,34
2/7/2026,1,16,NIPU/KAIMULLAH,KingFa NC050,666343,3,BC28-0170-D-5180-3539-PP,10700430,6,28,28,908,100800,2688,1344,5448,6720,188.16,45024,55776,152.544,0,0,0,2,0.013110971,47,11.85444444,42,,,,,0.145555556,,Run well.L.test.,,,71
2/7/2026,1,17,IRSAD,SM398,606524,0,C35-R/S-F.TOP D.CHOC W SEAL 2.0 (ASEM),10700879,12,5.86,5.86,1317,170000,8500,23800,15804,0,0,57800,112200,92.61144,0,0,0,3,0.032393406,32.5,11.88958333,29.04,,,,,0.110416667,,Uncapping & scratches.,,,511
2/7/2026,1,18,NA,SM398,665673,0,C32- TOP CAP-RED-KKM,10700243,6,2.1,2.1,0,340500,0,0,0,0,0,147000,193500,0,0,0,,0,,15.9,0,16,,,,,12,,Under tech.,,,0
2/7/2026,1,19,NA,PET CZ333,655555,0,PFA32-0410-CL-PET-HF,TESTING,8,31,31,0,0,0,0,0,0,0,0,0,0,0,0,,0,,32.6,0,37.5,,,,,12,,Mould testing.,,,0
2/7/2026,1,20,,,123456,0,,,,,,0,0,0,0,,0,0,0,,,,0,,0,,0,0,0,,,,,0,12,NO SCHEDULE,,,0
2/7/2026,1,21,NIPU,R-HDPE ASTERENE HXM 6007,573943,0,EBK38-2000-K-S-WH-PE(S2012),10700679,1,180,122,1197,20160,315,225,1197,1080,131.76,7845,12315,146.034,69.426,0,0,24,0.164345289,33.4,11.1055,35,,,,,0.8945,,Black dot.L.test.,,,196
2/7/2026,1,22,,,123456,0,,,,,,0,0,0,0,,0,0,0,,,,0,,0,,0,0,0,,,,,0,12,NO SCHEDULE,,,0
2/7/2026,1,23,KAIMULLAH,R-HDPE ASTERENE HXM 6007,580580,0,EBK38-2017-K-S-WHITE-PE(S2017),10698803,1,139.8,103,1273,20680,275,165,1273,1320,135.96,19525,1155,131.119,46.8464,0,0,6.5,0.049573288,33,11.66916667,33,,,,,0.330833333,,Black dot.L.test.,,,63
2/7/2026,1,24,NIKHIL,SM240,453796,0,AL2012-BK 38MM CAP (BLACK) C/W SEAL ASEM,10692770,16,4,3.5,0,480000,0,0,0,80000,280,480000,0,0,0,0,,0,,0,0,20.8,,,,,0,,Inward.,,,0
2/7/2026,1,24,NIKHIL,SM240,453796,0,AL2012-BK 38MM CAP (BLACK) C/W SEAL ASEM,10700491,16,4,3.5,2162,400000,0,124000,34592,0,0,124000,276000,121.072,17.296,0,0,1.4,0.011563367,17.4,10.4,16,,,,,1.6,,Shot moulding & dirty.Blockage sometimes.,,,400
2/7/2026,1,24,NIKHIL,SM240,453796,0,AL2012-BK 38MM CAP (BLACK) C/W SEAL ASEM,ASSY,16,4,3.5,0,0,0,32000,0,0,0,0,0,0,0,0,,1,,0,0,20.8,,,,,0,,Assy output.,,,285
2/7/2026,1,25,,,123456,0,,,,,,0,0,0,0,,0,0,0,,,,0,,0,,0,0,0,,,,,0,12,NO SCHEDULE,,,0
2/7/2026,1,26,NA,PET CAN,588272,0,JK57-0350-R-CL-KEKO,10699331,2,24,18,0,91800,2295,2295,0,0,0,31935,59865,0,0,0,,0,,7.4,0,6.8,,,,12,0,,Under mntc.Preform holder loose.,,,0
2/7/2026,1,27,,,123456,0,,,,,,0,0,0,0,,0,0,0,,,,0,,0,,0,0,0,,,,,0,12,NO SCHEDULE,,,0
2/7/2026,1,28,,,123456,0,,,,,,0,0,0,0,,0,0,0,,,,0,,0,,0,0,0,,,,,0,12,NO SCHEDULE,,,0
2/7/2026,1,29,NA,MARLEX5502,645095,0,E44-3900-S-NA-FMC-HDPE,TESTING,2,317,190,0,0,0,0,0,0,0,0,0,0,0,0,,0,,45,0,45,,,,,12,,New die testing.,,,0
2/7/2026,2,1,WIYAH,PET RECRON,322448,0,BCY28-0500-W-R-CL,10698738,4,40,40,1421,204120,1134,324,5684,6480,259.2,59454,144666,227.36,0,0,0,1,0.004398311,30.1,11.8,23,,,,,0.2,,Run well..L.test,,,25
2/7/2026,2,2,PUVES,PET,442034,0,BC28-0250-Z-S-CL,10699055,4,23,23,1772,139776,2304,384,7088,9216,211.968,23424,116352,163.024,0,0,0,1,0.006134066,24.3,11.961,22,,,,,0.039,,Run well.,,,43
2/7/2026,2,3,KAIMULLAH,PET,611949,0,BX38-0150-R-R-AM,10700559,4,20,20,376,36300,0,1100,1504,0,0,1100,35200,30.08,0,9.8,0.325797872,0,0,25.24,2.6,21.64,,,,,9.4,,Start 4.00am drooling.L.test.,,,0
2/7/2026,2,4,RAM,PET,426555,0,BX38-0330-Z-S-CL-HW,10699839,4,29,29,1663,122400,510,0,6652,7140,207.06,38250,84150,192.908,0,0,0,2.6,0.013477927,25.9,11.96436111,22.72,,,,,0.035638889,,Drolling.,,,89
2/7/2026,2,5,PUVES/RAM,PET,577492,0,BC28-0375-K-R-Tinted Brown,10699842,4,35.6,35.6,1813,60720,736,736,7252,7360,262.016,37536,23184,258.1712,0,0,0,2,0.007746797,23.3,11.73413889,27,,,,,0.265861111,,Run well.L.test.,,,56
2/7/2026,2,6,"WIYAH,DIN,SHAHID",PET,322412,0,JJ63-0200-R-R-CL,1069844,4,24.3,24,2062,40600,406,3451,8248,5075,121.8,16646,23954,197.952,0,0,0,3.6,0.018186227,20.7,11.8565,20,,,,,0.1435,,Base deform.Stop 6.30am mould dented.Qc on hold 3plt dented at neck area.,,,150
2/7/2026,2,7,ASIAH/DIPAK/KAIMULLAH,PET,322445,0,JJ63-0400-SH-S-CL,10699847,4,32.74,33,1877,72000,180,360,7508,7200,237.6,41760,30240,247.764,0,0,0,4.8,0.019373275,22.9,11.93980556,22,,,,,0.060194444,,Flow mark.,,,145
2/7/2026,2,8,"KALAMUDIN,SHAHID",rPET,593537,0,BX38-1000-RN-R-CL-rPET 0.2,10700450,4,56.5,56.8,1462,69000,460,115,5848,6325,359.26,62790,6210,332.1664,0,0,0,1,0.003010539,29,11.77722222,28.5,,,,,0.222777778,,Run well.L.test.,,,17
2/7/2026,2,9,ASIAH,KingFa NC050,666344,2,BC28-0056-D-APH-5040-0756-PP,10700883,6,12.3,12.3,1549,162000,810,2025,9294,8100,99.63,18225,143775,114.3162,0,0,0,2.5,0.021869166,27.6,11.87566667,26,,,,,0.124333333,,Run well.L.test.,,,203
2/7/2026,2,10,KAIMULLAH,PET,323102,0,BX38-1500-H-R-CL-LW(GREEN) (ASEM),10700489,4,56.9,56.9,517,40960,240,0,2068,1920,109.248,13120,27840,117.6692,0,0,0,18.7,0.158920091,28.3,4.064194444,26,,,,7.9,0.035805556,,Base deform.Stop 10.40pm.Air pressure alarm.,,,328
2/7/2026,2,11,NA,PPSB520Y,552181,5,BC28-0090-D-APH-5180-3538-PP-6 NOTCHES,10698216,6,14.7,14.7,0,108000,4320,4320,0,0,0,63720,44280,0,0,0,,0,,30.5,0,27,,,,,12,,Run well.L.test.,,,0
2/7/2026,2,12,NA,PET RECRON,620599,0,BC28-0750-K4-R-CL (55g)  ,10699339,4,55,55,0,72000,0,0,0,0,0,65700,6300,0,0,0,,0,,29.7,0,28,,,,,12,,Under tech.Mould dented.,,,0
2/7/2026,2,13,SHAHID/ASIAH,KingFa NC050,666344,3,BC28-0056-D-APH-5040-0756-PP,10700431,6,12.3,12.3,1495,162000,5670,6480,8970,8100,99.63,63180,98820,110.331,0,0,0,3,0.027190907,28.1,11.66930556,26,,,,,0.330694444,,Dirty.L.test,,,243
2/7/2026,2,14,KALAMODIN,PET,541381,0,BC28-1200-K-R-CL,10700742,4,55,55,1563,84000,0,0,6252,6300,346.5,45500,38500,343.86,0,0,0,2,0.005816321,27.5,11.93958333,30.08,,,,,0.060416667,,Run well.L.test.,,,36
2/7/2026,2,15,DIPAK,PPSB520Y,552181,1,BC28-0090-D-APH-5180-3538-PP-6 NOTCHES,10700435,6,14.7,14.7,1469,108000,3240,1350,8814,10800,158.76,87750,20250,129.5658,0,0,0,1,0.007718086,28.9,11.79280556,27,,,,,0.207194444,,Run well.L.test.,,,68
2/7/2026,2,16,KAIMULAH,KingFa NC050,666343,3,BC28-0170-D-5180-3539-PP,10700430,6,28,28,825,100800,1344,2352,4950,3360,94.08,49392,51408,138.6,0,0,0,14.6,0.105339105,46.92,10.8,42,,,,,1.2,,Flow mark.L.test.Sometimes mc stop alarm.,,,521
2/7/2026,2,17,SHESHNATH,SM398,606524,0,C35-R/S-F.TOP D.CHOC W SEAL 2.0 (ASEM),10700879,12,5.86,5.86,1207,170000,23800,3400,14484,34000,199.24,71400,98600,84.87624,0,0,0,3.5,0.041236511,32.5,10.9,29.04,,,,,1.1,,"Uncapping & scratches,Short moulding.",,,597
2/7/2026,2,18,NA,SM398,665673,0,C32- TOP CAP-RED-KKM,10700243,6,2.1,2.1,0,340500,0,0,0,0,0,147000,193500,0,0,0,,0,,15.9,0,16,,,,,12,,Under tech.,,,0
2/7/2026,2,19,NA,PET CZ333,655555,0,PFA32-0410-CL-PET-HF,TESTING,8,31,31,0,-,-,0,0,0,0,0,0,0,0,0,,0,,32.6,0,37.5,,,,,12,,Mould testing.,,,0
2/7/2026,2,20,,,123456,0,,,,,,0,0,0,0,,0,0,0,,,,0,,0,,0,0,0,,,,,0,12,NO SCHEDULE,,,0
2/7/2026,2,21,ZAM,R-HDPE ASTERENE HXM 6007,573943,0,EBK38-2000-K-S-WH-PE(S2012),10700679,1,180,122,1296,20160,225,90,1296,1440,175.68,6450,13710,158.112,75.168,0,0,7.8,0.049332119,33.4,12,35,,,,,0,,Black dot.L.test.,,,63
2/7/2026,2,22,,,123456,0,,,,,,0,0,0,0,,0,0,0,,,,0,,0,,0,0,0,,,,,0,12,NO SCHEDULE,,,0
2/7/2026,2,23,JIWAN,R-HDPE ASTERENE HXM 6007,580580,0,EBK38-2017-K-S-WHITE-PE(S2017),10698803,1,139.8,103,818,20240,165,0,818,880,90.64,20240,0,84.254,30.1024,0,0,11.5,0.136492036,33,7.498333333,33,,,,,4.501666667,,Black dot.L.test.Stop 1.30am.C/order.,,,111
2/7/2026,2,24,NITESH,SM240,453796,0,AL2012-BK 38MM CAP (BLACK) C/W SEAL ASEM,ASSY,6,4,3.5,0,-,0,40000,0,0,0,0,-,0,0,0,,0,,15.9,0,16,,,,,0,,Assy.,,,0
2/7/2026,2,24,NITESH,SM240,453796,0,AL2012-BK 38MM CAP (BLACK) C/W SEAL ASEM,10700491,16,4,3.5,2450,400000,124000,164000,39200,0,0,164000,236000,137.2,19.6,0,0,1,0.00728863,17.4,11.84,16,,,,,0.16,,"Short moulding,sometimes blokage.",,,285
2/7/2026,2,25,,,123456,0,,,,,,0,0,0,0,,0,0,0,,,,0,,0,,0,0,0,,,,,0,12,NO SCHEDULE,,,0
2/7/2026,2,26,NA,PET CAN,588272,0,JK57-0350-R-CL-KEKO,10699331,2,24,18,0,91800,2295,2295,0,0,0,31935,59865,0,0,0,,0,,7.4,0,6.8,,,,12,0,,Under mntc.Preform holder loose.,,,0
2/7/2026,2,27,,,123456,0,,,,,,0,0,0,0,,0,0,0,,,,0,,0,,0,0,0,,,,,0,12,NO SCHEDULE,,,0
2/7/2026,2,28,,,123456,0,,,,,,0,0,0,0,,0,0,0,,,,0,,0,,0,0,0,,,,,0,12,NO SCHEDULE,,,0
2/7/2026,2,29,NA,R-HDPE ASTERENE HXM 50100S,611846,0,B54-5000-S-CL-HDPE,TESTING,2,453,329,0,-,0,0,0,0,0,0,-,0,0,0,,0,,67.1,0,40.1,,,,,12,,New die testing.,,,0
3/7/2026,1,1,HABIRAMI,PET RECRON,322448,0,BCY28-0500-W-R-CL,10698738,4,40,40,1396,204120,324,972,5584,4860,194.4,64962,139158,223.36,0,0,0,3,0.013431232,30.1,11.7,23,,,,,0.3,,Black dot.L.test.,,3,75
3/7/2026,1,2,AISYAH,PET,442034,0,BC28-0250-Z-S-CL,10699055,4,23,23,1751,139776,384,2688,7004,4608,105.984,30336,109440,161.092,0,0,0,2.1,0.013036029,23.7,11.52741667,22,,,,,0.472583333,,Run well.,,4,91
3/7/2026,1,3,MOGANA,PET,611949,0,BX38-0150-R-R-AM,10700559,4,20,20,1688,36300,1100,1100,6752,6600,132,7700,28600,135.04,0,0,0,3,0.02221564,25.3,11.86288889,21.64,,,,,0.137111111,,Drooling.L.test.,12,10,150
3/7/2026,1,4,KAVITHAH,PET,426555,0,BX38-0330-Z-S-CL-HW,10699839,4,29,29,1305,81600,0,850,5220,4080,118.32,42670,38930,151.38,0,0,0,8.3,0.054828907,25.9,9.38875,22.72,,,,,2.61125,,Base & body deform.Stop 3.30pm-6pm.Under mntc change blow vavle.,3,2,286
3/7/2026,1,5,KAVITHAH/AISYAH,PET,577492,0,BC28-0375-K-R-Tinted Brown,10699842,4,35.6,35.6,1854,60720,736,736,7416,7360,262.016,44928,15792,264.0096,0,0,0,2,0.007575482,23.3,11.9995,27,,,,,0.0005,,Run well.L.test.,,,56
3/7/2026,1,6,HABIRAMI/AISHAH,PET,322412,0,JJ63-0200-R-R-CL,10699844,3,24.3,24,733,40600,3451,3248,2199,2030,48.72,18473,22127,52.776,0,0,0,8.9,0.168637259,22.2,4.5,20,,,,,7.5,,Restart 12pm.Run 3cav.Mc stop 5pm.Another mould dented.,,13,370
3/7/2026,1,7,NIKHIL,PET,322445,0,JJ63-0400-SH-S-CL,10699847,4,32.74,33,1875,72000,360,540,7500,7200,237.6,49140,22860,247.5,0,0,0,4,0.016161616,22.7,11.82291667,22,,,,,0.177083333,,Flow mark,2,,121
3/7/2026,1,8,AISHAH,rPET,593537,0,BX38-1000-RN-R-CL-rPET 0.2,10700450,4,56.5,56.8,1485,69000,115,230,5940,5750,326.6,68655,345,337.392,0,0,0,4.3,0.012744819,29,11.9625,28.5,,,,,0.0375,,Black dot.L.test.,,,75
3/7/2026,1,9,RAIS/MOGANA,KingFa NC050,666344,2,BC28-0056-D-APH-5040-0756-PP,10700883,6,12.3,12.3,1521,162000,2025,2835,9126,8100,99.63,27135,134865,112.2498,0,0,0,2.5,0.022271755,27.6,11.661,26,,,,,0.339,,Run well.L.test.,,,203
3/7/2026,1,10,BHOLA,PET,323102,0,BX38-1500-H-R-CL-LW(GREEN) (ASEM),10700489,4,56.9,56.9,223,40960,0,400,892,320,18.208,13840,27120,50.7548,0,0,0,9.5,0.187174415,28.3,1.753027778,26,,,,10.2,0.046972222,,Base deform.Air preasure not enough.Restart 4pm.,12,24,166
3/7/2026,1,11,NA,PPSB520Y,552181,5,BC28-0090-D-APH-5180-3538-PP-6 NOTCHES,10698216,6,14.7,14.7,0,108000,4320,4320,0,0,0,63720,44280,0,0,8.5,,0,,30.5,0,27,,,,8,4,,Lower mould cyclinder shaft loose.Under tech.Thickness.,,,0
3/7/2026,1,12,NA,PET RECRON,620599,0,BC28-0750-K4-R-CL (55g)  ,10699339,4,55,55,0,72000,1275,1275,0,0,0,66075,5925,0,0,0,,0,,29.7,0,28,,,,,12,,Under tech.Mould dented.,,,0
3/7/2026,1,13,RAIS,KingFa NC050,666344,3,BC28-0056-D-APH-5040-0756-PP,10700431,6,12.3,12.3,1514,162000,6480,7290,9084,8100,99.63,72090,89910,111.7332,0,0,0,2,0.017899783,28.1,11.81761111,26,,,,,0.182388889,,Run well.L.test.,,,162
3/7/2026,1,14,AISHAH,PET,541381,0,BC28-1200-K-R-CL,10700742,4,55,55,541,84000,0,0,2164,2100,115.5,47600,36400,119.02,0,0,0,3.5,0.029406822,27.5,3.1,30.08,,,,8.9,0,,Stop 10.15am.Under mntc take shaft nut lower mould.,2,3,63
3/7/2026,1,15,NIKHIL,PPSB520Y,552181,1,BC28-0090-D-APH-5180-3538-PP-6 NOTCHES,10700435,6,14.7,14.7,1496,108000,1350,4860,8976,5400,79.38,96660,11340,131.9472,0,0,0,1,0.007578789,28.9,12,27,,,,,0,,Run well.L.test.,,,68
3/7/2026,1,16,BINOD,KingFa NC050,666343,3,BC28-0170-D-5180-3539-PP,10700430,6,28,28,240,100800,2352,0,1440,3360,94.08,50400,50400,40.32,0,0,0,12,0.297619048,47,3.1,42,,,,,8.9,,Mc stop 8.15am.Block water leaking.,6,12,428
3/7/2026,1,17,ASMULLAH,SM398,606524,0,C35-R/S-F.TOP D.CHOC W SEAL 2.0 (ASEM),10700879,12,5.86,5.86,1334,170000,3400,18700,16008,0,0,83300,86700,93.80688,0,0,0,4.2,0.044772835,32,11.85777778,29.04,,,,,0.142222222,,Uncapping & scratches.,,,716
3/7/2026,1,18,NA,LDPE265YZ+HDPE1010J,555555,0,Y20261 KEWPIE CAP,SAMPLE,-,-,-,-,-,-,-,-,-,-,-,-,-,,3.1,0,0,0,15.9,0,16,,,,,12,,Sample.,3,,0
3/7/2026,1,19,NA,PET CZ333,655555,0,PFA32-0410-CL-PET-HF,TESTING,8,31,31,0,0,0,0,0,0,0,0,0,0,0,0,,0,,32.6,0,37.5,,,,,12,,Mould testing.,,,0
3/7/2026,1,20,,,123456,0,,,,,,0,0,0,0,,0,0,0,,,,0,,0,,0,0,0,,,,,0,12,NO SCHEDULE,,,0
3/7/2026,1,21,NIPU,R-HDPE ASTERENE HXM 6007,573943,0,EBK38-2000-K-S-WH-PE(S2012),10700679,1,180,122,1275,20160,90,180,1275,1080,131.76,10620,9540,155.55,73.95,0,0,12.8,0.082288653,33.4,11.82916667,35,,,,,0.170833333,,Black dot & line mark.L.test.,,,104
3/7/2026,1,22,NA,PP855,123456,0,BCT28-0360-KF-NA-PP,SAMPLE,43.6,30,30,0,0,0,0,0,0,0,0,0,0,0,10,,0,,33,0,,,,,,12,,Sample.,11,,0
3/7/2026,1,23,NA,HD5403A,453811,0,BS0300-NA GBB0300 HDPE BTL (NATURAL),10695560,1,60.3,38,0,21750,0,0,0,0,0,0,21750,0,0,6.8,,0,,33,0,30,,,,,12,,Under tech.Neck height & base mark.,11,,0
3/7/2026,1,24,IRSAD,SM240,453796,0,AL2012-BK 38MM CAP (BLACK) C/W SEAL ASEM,10700491,16,4,3.5,2509,400000,164000,124000,40144,80000,280,204000,196000,140.504,20.072,0,0,0.6,0.004270341,17.4,12,16,,,,,0,,Shot moulding & dirty.,,,171
3/7/2026,1,24,IRSAD,SM240,453796,0,AL2012-BK 38MM CAP (BLACK) C/W SEAL ASEM,ASSY,16,4,3.5,0,0,40000,0,0,0,0,0,0,0,0,0,,0.2,,0,0,20.8,,,,,0,,Assy output.,,,57
3/7/2026,1,25,,,123456,0,,,,,,0,0,0,0,,0,0,0,,,,0,,0,,0,0,0,,,,,0,12,NO SCHEDULE,,,0
3/7/2026,1,26,NA,PET CAN,588272,0,JK57-0350-R-CL-KEKO,10699331,2,24,18,0,91800,2295,2295,0,0,0,31935,59865,0,0,0,,0,,7.4,0,6.8,,,,12,0,,Under mntc.Preform holder loose.,,,0
3/7/2026,1,27,,,123456,0,,,,,,0,0,0,0,,0,0,0,,,,0,,0,,0,0,0,,,,,0,12,NO SCHEDULE,,,0
3/7/2026,1,28,,,123456,0,,,,,,0,0,0,0,,0,0,0,,,,0,,0,,0,0,0,,,,,0,12,NO SCHEDULE,,,0
3/7/2026,1,29,NA,MARLEX5502,645095,0,E44-3900-S-NA-FMC-HDPE,TESTING,2,317,190,0,0,0,0,0,0,0,0,0,0,0,0,,0,,45,0,45,,,,,12,,New die testing.,,,0
3/7/2026,2,1,PUVES,PET RECRON,322448,0,BCY28-0500-W-R-CL,10698738,4,40,40,1379,204120,972,0,5516,6480,259.2,70470,133650,220.64,0,0,0,3.5,0.015862944,30.1,11.5,23,,,,,0.5,,Black dot.L.test.,,,87
3/7/2026,2,2,DIPAK,PET,442034,0,BC28-0250-Z-S-CL,10699055,4,23,23,1824,139776,2688,768,7296,9216,211.968,37632,102144,167.808,0,0,0,1,0.005959191,23.7,12,22,,,,,0,,Run well.,,,43
3/7/2026,2,3,SUMATHI,PET,611949,0,BX38-0150-R-R-AM,10700559,4,20,20,1676,36300,1100,1100,6704,6600,132,14300,22000,134.08,0,0,0,3,0.022374702,25.24,11.75062222,21.64,,,,,0.249377778,,Drooling.L.test.,,,150
3/7/2026,2,4,SHAHID,PET,426555,0,BX38-0330-Z-S-CL-HW,10699839,4,29,29,1662,122400,850,0,6648,7140,207.06,48960,73440,192.792,0,0,0,9.8,0.050831985,25.9,11.95716667,22.72,,,,,0.042833333,,"White mark,gate off center.L.test",,,337
3/7/2026,2,5,SHAHID/DIPAK/WIYAH,PET,577492,0,BC28-0375-K-R-Tinted Brown,10699842,4,35.6,35.6,1821,60720,736,736,7284,7360,262.016,52256,8464,259.3104,0,0,0,1,0.003856382,23.3,11.78591667,27,,,,,0.214083333,,Run well.L.test,,,28
3/7/2026,2,6,NA,PET,322412,0,JJ63-0200-R-R-CL,1069844,3,24.3,24,0,40600,3248,458,0,2030,48.72,17713,22887,0,0,0,,0,,20.7,0,20,,,,,0,,Mould dented.Inward only.,,,0
3/7/2026,2,6,WIYAH/PUVES,PET,322429,0,JJ63-0300-R-R-CL,10700606,3,24.93,24,826,40600,0,0,2478,2030,48.72,2030,38570,59.472,0,18.5,0.311070756,0,0,21.28,4.9,16.96,,,,,7.1,,Start 2.00am.Base deform,,,0
3/7/2026,2,7,WIYAH/ASIAH,PET,322445,0,JJ63-0400-SH-S-CL,10699847,4,32.74,33,1859,72000,540,5400,7436,2700,89.1,56700,15300,245.388,0,0,0,2,0.008150358,22.9,11.82530556,22,,,,,0.174694444,,Run well.,,,60
3/7/2026,2,8,SUMATHI/PUVES/ASIAH,rPET,593537,0,BX38-1000-RN-R-CL-rPET 0.2,10700450,4,56.5,56.8,87,69000,230,0,348,575,32.66,69000,0,19.7664,0,0,0,1,0.050590902,29,0.7,28.5,,,,,0,,Run well.L.test.C j/o,,,17
3/7/2026,2,8,SUMATHI/PUVES/ASIAH,rPET,593537,0,BX38-1000-RN-R-CL-rPET 0.2,10700488,4,56.5,56.8,1388,69000,0,0,5552,5750,326.6,5750,63250,315.3536,0,0,0,0,0,29,11.3,28.5,,,,,0,,Run well.L.test,,,0
3/7/2026,2,9,ASIAH,KingFa NC050,666344,2,BC28-0056-D-APH-5040-0756-PP,10700883,6,12.3,12.3,1536,162000,2835,4050,9216,8100,99.63,36450,125550,113.3568,0,0,0,3.5,0.03087596,27.6,11.776,26,,,,,0.224,,Dented.L.test,,,284
3/7/2026,2,10,KALAMODIN/RAM,PET,323102,0,BX38-1500-H-R-CL-LW(GREEN) (ASEM),10700489,4,56.9,56.9,1319,40960,400,80,5276,5440,309.536,18960,22000,300.2044,0,0,0,7,0.023317446,28.3,10.4,26,,,,,1.6,,Gate off center.,,,123
3/7/2026,2,11,KAIMULLAH,PPSB520Y,552181,5,BC28-0090-D-APH-5180-3538-PP-6 NOTCHES,10698216,6,14.7,14.7,939,108000,4320,4050,5634,5400,79.38,68850,39150,82.8198,0,4.6,0.055542274,0,0,30.5,8,27,,,,,4,,Thickness.Restart 10.30pm.Run well.L.test.,,,0
3/7/2026,2,12,NA,PET RECRON,620599,0,BC28-0750-K4-R-CL (55g)  ,10699339,4,55,55,0,72000,1275,1275,0,0,0,66075,5925,0,0,14.6,,0,,29.7,0,28,,,,,12,,Under tech.Mould dented.,,,0
3/7/2026,2,13,KAIMULLAH,KingFa NC050,666344,3,BC28-0056-D-APH-5040-0756-PP,10700431,6,12.3,12.3,1552,162000,7290,405,9312,16200,199.26,81405,80595,114.5376,0,0,0,1,0.008730757,28.1,12,26,,,,,0,,Run well.L.test.,,,81
3/7/2026,2,14,NA,PET,541381,0,BC28-1200-K-R-CL,10700742,4,55,55,0,84000,0,0,0,0,0,47600,36400,0,0,0,,0,,27.5,0,30.08,,,,12,0,,Under mntc take shaft nut lower mould.,,,0
3/7/2026,2,15,KAIMULLAH,PPSB520Y,552181,1,BC28-0090-D-APH-5180-3538-PP-6 NOTCHES,10700435,6,14.7,14.7,1478,108000,4860,3240,8868,10800,158.76,105840,2160,130.3596,0,0,0,1,0.007671088,28.9,11.86505556,27,,,,,0.134944444,,Run well.L.test,,,68
3/7/2026,2,16,JIWAN,KingFa NC050,666343,3,BC28-0170-D-5180-3539-PP,10700430,6,28,28,674,100800,0,336,4044,3360,94.08,54096,46704,113.232,0,12.6,0.111275964,0,0,46.92,8.8,42,,,,,3.2,,Block water leaking.Restart 10.00pm.Run well.L.test,,,0
3/7/2026,2,17,NITESH,SM398,606524,0,C35-R/S-F.TOP D.CHOC W SEAL 2.0 (ASEM),10700879,12,5.86,5.86,1215,170000,18700,32300,14580,0,0,100300,69700,85.4388,0,0,0,1,0.011704284,32.5,11,29.04,,,,,1,,Uncapping & scratches.,,,170
3/7/2026,2,18,NA,SM398,665673,0,C32- TOP CAP-RED-KKM,10700243,6,2.1,2.1,0,340500,0,0,0,0,0,0,340500,0,0,0,,0,,15.9,0,16,,,,,12,,Sample.,,,0
3/7/2026,2,19,NA,PET CZ333,655555,0,PFA32-0410-CL-PET-HF,TESTING,8,31,31,0,-,0,0,0,0,0,0,0,0,0,0,,0,,32.6,0,37.5,,,,,12,,Mould testing.,,,0
3/7/2026,2,20,,,123456,0,,,,,,0,0,0,0,,0,0,0,,,,0,,0,,0,0,0,,,,,0,12,NO SCHEDULE,,,0
3/7/2026,2,21,RAM/KALAMODIN,R-HDPE ASTERENE HXM 6007,573943,0,EBK38-2000-K-S-WH-PE(S2012),10700679,1,180,122,1298,20160,180,0,1298,1440,175.68,11880,8280,158.356,75.284,0,0,4.6,0.029048473,33.4,12,35,,,,,0,,Black dot.L.test.,,,37
3/7/2026,2,22,,,123456,0,,,,,,0,0,0,0,,0,0,0,,,,0,,0,,0,0,0,,,,,0,12,NO SCHEDULE,,,0
3/7/2026,2,23,NA,HD5403A,453811,0,BS0300-NA GBB0300 HDPE BTL (NATURAL),10695560,1,60.3,38,0,21750,0,0,0,0,0,0,21750,0,0,0,,0,,33,0,30,,,,,12,,Under tech.Neck height & base mark.,,,0
3/7/2026,2,24,SHESHNATH,SM240,453796,0,AL2012-BK 38MM CAP (BLACK) C/W SEAL ASEM,10700491,16,4,3.5,2281,400000,124000,160000,36496,0,0,240000,160000,127.736,18.248,0,0,1,0.007828647,17.4,11,16,,,,,1,,Shot moulding & dirty.,,,285
3/7/2026,2,24,SHESHNATH,SM240,453796,0,AL2012-BK 38MM CAP (BLACK) C/W SEAL ASEM,ASSY,6,4,3.5,0,-,0,40000,0,0,0,0,-,0,0,0,,0,,15.9,0,16,,,,,0,,Assy,,,0
3/7/2026,2,25,,,123456,0,,,,,,0,0,0,0,,0,0,0,,,,0,,0,,0,0,0,,,,,0,12,NO SCHEDULE,,,0
3/7/2026,2,26,NA,PET CAN,588272,0,JK57-0350-R-CL-KEKO,10699331,2,24,18,0,91800,2295,2295,0,0,0,31935,59865,0,0,0,,0,,7.4,0,6.8,,,,,12,,Under mntc.Preform holder loose.,,,0
3/7/2026,2,27,,,123456,0,,,,,,0,0,0,0,,0,0,0,,,,0,,0,,0,0,0,,,,,0,12,NO SCHEDULE,,,0
3/7/2026,2,28,,,123456,0,,,,,,0,0,0,0,,0,0,0,,,,0,,0,,0,0,0,,,,,0,12,NO SCHEDULE,,,0
3/7/2026,2,29,NA,R-HDPE ASTERENE HXM 50100S,611846,0,B54-5000-S-CL-HDPE,TESTING,2,453,329,0,-,0,0,0,0,0,0,-,0,0,0,,0,,67.1,0,40.1,,,,,12,,New die testing.,,,0
4/7/2026,1,1,HABIRAMI,PET RECRON,322448,0,BCY28-0500-W-R-CL,10698738,4,40,40,1414,204120,,810,5656,4860,194.4,76140,127980,226.24,0,0,0,1,0.004420085,30.1,11.82,23,,,,,0.18,,Black dot.L.test.,,,25
4/7/2026,1,2,KAVITHAH,PET,442034,0,BC28-0250-Z-S-CL,10699055,4,23,23,1791,139776,768,3072,7164,4608,105.984,44544,95232,164.772,0,0,0,2,0.012137985,23.7,11.79075,22,,,,,0.20925,,Run well.,,,86
4/7/2026,1,3,MOGANA,PET,611949,0,BX38-0150-R-R-AM,10700559,4,20,20,1648,36300,1100,1100,6592,6600,132,20900,15400,131.84,0,0,0,3,0.022754854,25.3,11.58177778,21.64,,,,,0.418222222,,Drooling.L.test.,,,150
4/7/2026,1,4,VICKY,PET,426555,0,BX38-0330-Z-S-CL-HW,10699839,4,29,29,1484,81600,,,5936,6120,177.48,55080,26520,172.144,0,0,0,3,0.01742727,25.9,10.67655556,22.72,,,,,1.323444444,,Drooling .L.test,,,103
4/7/2026,1,5,VICKY/KAVITHAH,PET,577492,0,BC28-0375-K-R-Tinted Brown,10699842,4,35.6,35.6,1645,60720,736,338,6580,7360,262.016,59218,1502,234.248,0,0,0,2,0.00853796,23.3,10.64680556,27,,,,,1.353194444,,Run well.L.test.,,,56
4/7/2026,1,6,HABIRAMI/AISHAH,PET,322429,0,JJ63-0300-R-R-CL,10700606,4,24.93,24,1607,40600,,120,6428,6090,146.16,8240,32360,154.272,0,0,0,4,0.025928231,22.2,10,16.96,,,,,2,,"Rotation look ,neck flashing",,,166
4/7/2026,1,7,MOGANA/RAIS,PET,322445,0,JJ63-0400-SH-S-CL,10699847,4,32.74,33,1894,72000,5400,180,7576,12600,415.8,64080,7920,250.008,0,0,0,4,0.015999488,22.7,11.94272222,22,,,,,0.057277778,,Flow mark,,,121
4/7/2026,1,8,AISHAH,rPET,593537,0,BX38-1000-RN-R-CL-rPET 0.2,10700450,4,56.5,56.8,1459,69000,,115,5836,5750,326.6,11040,57960,331.4848,0,0,0,2,0.006033459,29,11.75305556,28.5,,,,,0.246944444,,Black dot.L.test.,,,35
4/7/2026,1,9,RAIS,KingFa NC050,666344,2,BC28-0056-D-APH-5040-0756-PP,10700883,6,12.3,12.3,1526,162000,4050,5260,9156,8100,99.63,45760,116240,112.6188,0,0,0,1,0.008879512,27.6,11.69933333,26,,,,,0.300666667,,Run well.L.test.,,,81
4/7/2026,1,10,NIPU,PET,323102,0,BX38-1500-H-R-CL-LW(GREEN) (ASEM),10700489,4,56.9,56.9,1359,40960,80,360,5436,5120,291.328,24360,16600,309.3084,0,0,0,4,0.012932077,28.3,10.68325,26,,,,,1.31675,,Gate off center,,,70
4/7/2026,1,11,BHOLA,PPSB520Y,552181,5,BC28-0090-D-APH-5180-3538-PP-6 NOTCHES,10698216,6,14.7,14.7,1414,108000,4050,1350,8484,10800,158.76,76950,31050,124.7148,0,0,0,2,0.016036589,30.5,11.97972222,27,,,,,0.020277778,,Run well.L.test.,,,136
4/7/2026,1,12,MOGANA,PET RECRON,620599,0,BC28-0750-K4-R-CL (55g)  ,10699339,4,55,55,,72000,1275,1275,0,,0,66075,5925,0,0,7,,,,29.7,0,28,,,,,12,,Start 6 pm .L.test,,,0
4/7/2026,1,13,BHOLA,KingFa NC050,666344,3,BC28-0056-D-APH-5040-0756-PP,10700431,6,12.3,12.3,1487,162000,405,810,8922,8100,99.63,89910,72090,109.7406,0,0,0,1,0.009112398,28.1,11.60686111,26,,,,,0.393138889,,Run well.L.test.,,,81
4/7/2026,1,14,NA,PET,541381,0,BC28-1200-K-R-CL,10700742,4,55,55,,84000,,,0,,0,47600,36400,0,0,0,,,,27.5,0,30.08,,,,12,0,,Under mntc take shaft nut lower mould.,,,0
4/7/2026,1,15,BHOLA,PPSB520Y,552181,1,BC28-0090-D-APH-5180-3538-PP-6 NOTCHES,10700435,6,14.7,14.7,365,108000,3240,,2190,5400,79.38,108000,0,32.193,0,0,0,2,0.062125307,28.9,2.9,27,,,,,0,,C/order .L.test,,,136
4/7/2026,1,15,BHOLA,PPSB520Y,552181,1,BC28-0090-D-APH-5180-3538-PP-6 NOTCHES,10700917,6,14.7,14.7,1125,108000,,1350,6750,5400,79.38,1350,106650,99.225,0,0,0,2,0.020156211,28.9,9.1,27,,,,,0,,Run well.L.test.,,,136
4/7/2026,1,16,BINOD,KingFa NC050,666343,3,BC28-0170-D-5180-3539-PP,10700430,6,28,28,889,100800,336,3696,5334,3360,94.08,60816,39984,149.352,0,0,0,2,0.013391183,47,11.60638889,42,,,,,0.393611111,,Mc stop 8.15am.Block water leaking.,,,71
4/7/2026,1,17,IRSAD,SM398,606524,0,C35-R/S-F.TOP D.CHOC W SEAL 2.0 (ASEM),10700879,12,5.86,5.86,1299,170000,32300,11900,15588,34000,199.24,115888,54112,91.34568,0,0,0,3,0.032842276,32,11.54666667,29.04,,,,,0.453333333,,Uncapping & scratches.,,,511
4/7/2026,1,18,NA,LDPE265YZ+HDPE1010J,555555,0,Y20261 KEWPIE CAP,SAMPLE,-,-,-,-,-,-,-,-,-,-,-,-,-,,0,0,1,0,15.9,0,16,,,,,12,,Sample.,,,0
4/7/2026,1,19,NA,PET CZ333,655555,0,PFA32-0410-CL-PET-HF,TESTING,8,31,31,,0,,,0,,0,,0,0,0,0,,,,32.6,0,37.5,,,,,12,,Mould testing.,,,0
4/7/2026,1,20,,,123456,0,,,,,,0,0,0,0,,0,0,0,,,,0,,0,,0,0,0,,,,,0,12,NO SCHEDULE,,,0
4/7/2026,1,21,ASANULLAH,R-HDPE ASTERENE HXM 6007,573943,0,EBK38-2000-K-S-WH-PE(S2012),10700679,1,180,122,1245,20160,,135,1245,1080,131.76,13095,7065,151.89,72.21,0,0,9,0.059253407,33.4,11.55083333,35,,,,,0.449166667,,Black dot & line mark.L.test.,,,73
4/7/2026,1,22,NA,PP855,123456,0,BCT28-0360-KF-NA-PP,SAMPLE,-,-,-,-,-,-,-,-,-,-,-,-,-,,0,0,0,0,33,0,30,,,,,12,,Sample.,,,0
4/7/2026,1,23,NA,HD5403A,453811,0,BS0300-NA GBB0300 HDPE BTL (NATURAL),10695560,1,60.3,38,,21750,,,0,,0,,21750,0,0,0,,,,33,0,30,,,,,12,,Under tech.Neck height & base mark.,,,0
4/7/2026,1,24,NIKHIL,SM240,453796,0,AL2012-BK 38MM CAP (BLACK) C/W SEAL ASEM,10700491,16,4,3.5,2500,400000,160000,4000,40000,,0,,400000,140,20,0,0,1,0.007142857,17.4,12,16,,,,,0,,Shot moulding & dirty.,,,285
4/7/2026,1,24,,SM240,123456,0,AL2012-BK 38MM CAP (BLACK) C/W SEAL ASEM,10700491,16,4,3.5,0,0,0,0,0,0,0,0,40000,0,0,0,,0,,0,0,0,,,,,0,12,NO SCHEDULE,,,0
4/7/2026,1,25,,,123456,0,,,,,,0,0,0,0,,0,0,0,,,,0,,0,,0,0,0,,,,,0,12,NO SCHEDULE,,,0
4/7/2026,1,26,NA,PET CAN,588272,0,JK57-0350-R-CL-KEKO,10699331,2,24,18,,91800,2295,,0,,0,31935,59865,0,0,0,,,,7.4,0,6.8,,,,12,0,,Under mntc.Preform holder loose.,,,0
4/7/2026,1,27,,,123456,0,,,,,,0,0,0,0,,0,0,0,,,,0,,0,,0,0,0,,,,,0,12,NO SCHEDULE,,,0
4/7/2026,1,28,,,123456,0,,,,,,0,0,0,0,,0,0,0,,,,0,,0,,0,0,0,,,,,0,12,NO SCHEDULE,,,0
4/7/2026,1,29,NA,MARLEX5502,645095,0,E44-3900-S-NA-FMC-HDPE,TESTING,2,317,190,,0,,,0,,0,,0,0,0,0,,,,45,0,45,,,,,12,,New die testing.,,,0
4/7/2026,2,1,ASIAH,PET RECRON,322448,0,BCY28-0500-W-R-CL,10698738,4,40,40,1262,204120,810,0,5048,5670,226.8,81000,123120,201.92,0,0,0,3,0.014857369,30.1,10.6,23,,,,,1.4,,Black dot.L.test.Sometimes lower mold alarm.,,,75
4/7/2026,2,2,JIWAN,PET,442034,0,BC28-0250-Z-S-CL,10699055,4,23,23,384,139776,3072,0,1536,4608,105.984,46080,93696,35.328,0,0,0,0,0,23.7,2.528,22,,,,,9.472,,Run well.Restart 6.45am.,,,0
4/7/2026,2,3,,,123456,0,,,,,,0,0,0,0,,0,0,0,,,,0,,0,,0,0,0,,,,,0,12,NO SCHEDULE,,,0
4/7/2026,2,4,,,123456,0,,,,,,0,0,0,0,,0,0,0,,,,0,,0,,0,0,0,,,,,0,12,NO SCHEDULE,,,0
4/7/2026,2,5,,,123456,0,,,,,,0,0,0,0,,0,0,0,,,,0,,0,,0,0,0,,,,,0,12,NO SCHEDULE,,,0
4/7/2026,2,6,ASIAH/ZAM,PET,322429,0,JJ63-0300-R-R-CL,10700606,4,24.93,24,1898,40600,120,609,7592,7105,170.52,15834,24766,182.208,0,0,0,2.7,0.01481823,22.2,11.70433333,16.96,,,,,0.295666667,,Flow mark.,,,112
4/7/2026,2,7,JIWAN,PET,322445,0,JJ63-0400-SH-S-CL,10699847,4,32.74,33,1894,72000,180,540,7576,7200,237.6,72000,0,250.008,0,0,0,2,0.007999744,22.9,12,22,,,,,0,,Run well.Stop 6.30am.C/order.,,,60
4/7/2026,2,8,WIYAH/JIWAN,rPET,593537,0,BX38-1000-RN-R-CL-rPET 0.2,10700488,4,56.5,56.8,1475,69000,115,345,5900,5750,326.6,17595,51405,335.12,0,0,0,1,0.002984006,29,11.88194444,28.5,,,,,0.118055556,,Run well.L.test,,,17
4/7/2026,2,9,WIYAH,KingFa NC050,666344,2,BC28-0056-D-APH-5040-0756-PP,10700883,6,12.3,12.3,1534,162000,5260,6480,9204,8100,99.63,55080,106920,113.2092,0,0,0,1,0.008833204,27.6,11.76066667,26,,,,,0.239333333,,Run well.L.test,,,81
4/7/2026,2,10,,,123456,0,,,,,,0,0,0,0,,0,0,0,,,,0,,0,,0,0,0,,,,,0,12,NO SCHEDULE,,,0
4/7/2026,2,11,DIPAK,PPSB520Y,552181,5,BC28-0090-D-APH-5180-3538-PP-6 NOTCHES,10698216,6,14.7,14.7,1398,108000,1350,4320,8388,5400,79.38,85320,22680,123.3036,0,0,0,2,0.016220127,30.5,11.84416667,27,,,,,0.155833333,,Run well.L.test.,,,136
4/7/2026,2,12,ZAM,PET RECRON,620599,0,BC28-0750-K4-R-CL (55g)  ,10699339,4,55,55,1445,72000,1275,675,5780,5400,297,70875,1125,317.9,0,0,0,9,0.02831079,29.7,11.92125,28,,,,,0.07875,,Black dot.L.test.,,,163
4/7/2026,2,13,DIPAK,KingFa NC050,666344,3,BC28-0056-D-APH-5040-0756-PP,10700431,6,12.3,12.3,1495,162000,810,1215,8970,8100,99.63,98415,63585,110.331,0,0,0,2,0.018127272,28.1,11.66930556,26,,,,,0.330694444,,Run well.L.test.,,,162
4/7/2026,2,14,,,123456,0,,,,,,0,0,0,0,,0,0,0,,,,0,,0,,0,0,0,,,,,0,12,NO SCHEDULE,,,0
4/7/2026,2,15,DIPAK,PPSB520Y,552181,1,BC28-0090-D-APH-5180-3538-PP-6 NOTCHES,10700917,6,14.7,14.7,1468,108000,1350,4590,8808,5400,79.38,15390,92610,129.4776,0,0,0,1,0.007723344,28.9,11.78477778,27,,,,,0.215222222,,Run well.L.test,,,68
4/7/2026,2,16,SHAHID,KingFa NC050,666343,3,BC28-0170-D-5180-3539-PP,10700430,6,28,28,892,100800,3696,504,5352,6720,188.16,64344,36456,149.856,0,0,0,3.5,0.023355755,46.92,11.62573333,42,,,,,0.374266667,,Body soft.L.test,,,125
4/7/2026,2,17,,,123456,0,,,,,,0,0,0,0,,0,0,0,,,,0,,0,,0,0,0,,,,,0,12,NO SCHEDULE,,,0
4/7/2026,2,18,,,123456,0,,,,,,0,0,0,0,,0,0,0,,,,0,,0,,0,0,0,,,,,0,12,NO SCHEDULE,,,0
4/7/2026,2,19,,,123456,0,,,,,,0,0,0,0,,0,0,0,,,,0,,0,,0,0,0,,,,,0,12,NO SCHEDULE,,,0
4/7/2026,2,20,,,123456,0,,,,,,0,0,0,0,,0,0,0,,,,0,,0,,0,0,0,,,,,0,12,NO SCHEDULE,,,0
4/7/2026,2,21,KAIMULLAH,R-HDPE ASTERENE HXM 6007,573943,0,EBK38-2000-K-S-WH-PE(S2012),10700679,1,180,122,1281,20160,135,270,1281,1080,131.76,14310,5850,156.282,74.298,0,0,8,0.051189516,33.4,11.88483333,35,,,,,0.115166667,,Black dot.L.test.,,,65
4/7/2026,2,22,,,123456,0,,,,,,0,0,0,0,,0,0,0,,,,0,,0,,0,0,0,,,,,0,12,NO SCHEDULE,,,0
4/7/2026,2,23,,,123456,0,,,,,,0,0,0,0,,0,0,0,,,,0,,0,,0,0,0,,,,,0,12,NO SCHEDULE,,,0
4/7/2026,2,24,SHAHID,SM240,453796,0,AL2012-BK 38MM CAP (BLACK) C/W SEAL ASEM,10700491,16,4,3.5,2485,400000,4000,32000,39760,0,0,192000,208000,139.16,19.88,0,0,0.5,0.003592986,17.4,12,16,,,,,0,,Shot moulding.,,,142
4/7/2026,2,25,,,123456,0,,,,,,0,0,0,0,,0,0,0,,,,0,,0,,0,0,0,,,,,0,12,NO SCHEDULE,,,0
4/7/2026,2,26,,,123456,0,,,,,,0,0,0,0,,0,0,0,,,,0,,0,,0,0,0,,,,,0,12,NO SCHEDULE,,,0
4/7/2026,2,27,,,123456,0,,,,,,0,0,0,0,,0,0,0,,,,0,,0,,0,0,0,,,,,0,12,NO SCHEDULE,,,0
4/7/2026,2,28,,,123456,0,,,,,,0,0,0,0,,0,0,0,,,,0,,0,,0,0,0,,,,,0,12,NO SCHEDULE,,,0
4/7/2026,2,29,,,123456,0,,,,,,0,0,0,0,,0,0,0,,,,0,,0,,0,0,0,,,,,0,12,NO SCHEDULE,,,0
5/7/2026,1,1,NA,PET RECRON,322448,0,BCY28-0500-W-R-CL,10698738,4,40,40,212,204120,0,810,848,0,0,81810,122310,33.92,0,0,0,1.5,0.044221698,30.1,1.73,23,,,,10,0.27,,Stop 8am.rotation lock problem.,,,37
5/7/2026,1,2,BINOD,PET,442034,0,BC28-0250-Z-S-CL,10699055,4,23,23,1662,139776,0,1920,6648,4608,105.984,52608,87168,152.904,0,0,0,2.7,0.017658138,23.7,10.9415,22,,,,,1.0585,,Run well.,,,117
5/7/2026,1,3,,,123456,0,,,,,,0,0,0,0,,0,0,0,,,,0,,0,,0,0,0,,,,,0,12,NO SCHEDULE,,,0
5/7/2026,1,4,,,123456,0,,,,,,0,0,0,0,,0,0,0,,,,0,,0,,0,0,0,,,,,0,12,NO SCHEDULE,,,0
5/7/2026,1,5,,,123456,0,,,,,,0,0,0,0,,0,0,0,,,,0,,0,,0,0,0,,,,,0,12,NO SCHEDULE,,,0
5/7/2026,1,6,THURGA/KALAI,PET,322429,0,JJ63-0300-R-R-CL,10700606,4,24.93,24,1714,40600,609,203,6856,7105,170.52,22533,18067,164.544,0,0,0,3.5,0.021270906,22.2,10.6,16.96,,,,,1.4,,Blockage.Drooling.,,,145
5/7/2026,1,7,BINOD,PET,322471,0,JJ63-0750-HX-H-CL-LW,10701399,4,34.5,34.5,0,9660,0,0,0,0,0,0,9660,0,0,8.6,,0,,22.7,0,16.2,,,1.5,,10.5,,Under tech.Thickness.,,,0
5/7/2026,1,8,KALAI,rPET,593537,0,BX38-1000-RN-R-CL-rPET 0.2,10700488,4,56.5,56.8,1474,69000,345,460,5896,5750,326.6,23460,45540,334.8928,0,0,0,1.5,0.004479045,29,11.87388889,28.5,,,,,0.126111111,,Run well.L.test,,,26
5/7/2026,1,9,BINOD/KALAI/,KingFa NC050,666344,2,BC28-0056-D-APH-5040-0756-PP,10700883,6,12.3,12.3,1578,162000,6480,0,9468,16200,199.26,64800,97200,116.4564,0,0,0,1.8,0.015456428,27.6,12,26,,,,,0,,Run well.L.test,,,146
5/7/2026,1,10,,,123456,0,,,,,,0,0,0,0,,0,0,0,,,,0,,0,,0,0,0,,,,,0,12,NO SCHEDULE,,,0
5/7/2026,1,11,RAM,PPSB520Y,552181,5,BC28-0090-D-APH-5180-3538-PP-6 NOTCHES,10698216,6,14.7,14.7,1412,108000,4320,1890,8472,10800,158.76,93690,14310,124.5384,0,0,0,1.5,0.012044478,30.5,11.96277778,27,,,,,0.037222222,,Run well.L.test,,,102
5/7/2026,1,12,THURGA,PET RECRON,620599,0,BC28-0750-K4-R-CL (55g)  ,10699339,4,55,55,57,72000,1575,0,228,1800,99,72000,0,12.54,0,0,0,0,0,29.5,0.5,28,,,,,0,,C/order.,,,0
5/7/2026,1,12,THURGA,PET RECRON,620599,0,BC28-0750-K4-R-CL (55g)  ,10700744,4,55,55,1390,72000,0,0,5560,5400,297,5400,66600,305.8,0,0,0,8.8,0.028776978,29.5,11.5,28,,,,,0,,Black dot & water mark.L.test.,,,160
5/7/2026,1,13,RAM,KingFa NC050,666344,3,BC28-0056-D-APH-5040-0756-PP,10700431,6,12.3,12.3,1492,162000,1215,0,8952,8100,99.63,107325,54675,110.1096,0,0,0,0.5,0.00454093,28.1,11.64588889,26,,,,,0.354111111,,Run well.L.test,,,40
5/7/2026,1,14,,,123456,0,,,,,,0,0,0,0,,0,0,0,,,,0,,0,,0,0,0,,,,,0,12,NO SCHEDULE,,,0
5/7/2026,1,15,RAM,PPSB520Y,552181,1,BC28-0090-D-APH-5180-3538-PP-6 NOTCHES,10700917,6,14.7,14.7,1457,108000,4590,0,8742,10800,158.76,24030,83970,128.5074,0,0,0,1.5,0.01167248,28.9,11.69647222,27,,,,,0.303527778,,Run well.L.test,,,102
5/7/2026,1,16,INDRA,KingFa NC050,666343,3,BC28-0170-D-5180-3539-PP,10700430,6,28,28,823,100800,504,0,4938,3360,94.08,69216,31584,138.264,0,0,0,1.8,0.013018573,47,10.7,42,,,,,1.3,,Mc stop sometimes.Cycle alarm.L.test.,,,64
5/7/2026,1,17,,,123456,0,,,,,,0,0,0,0,,0,0,0,,,,0,,0,,0,0,0,,,,,0,12,NO SCHEDULE,,,0
5/7/2026,1,18,,,123456,0,,,,,,0,0,0,0,,0,0,0,,,,0,,0,,0,0,0,,,,,0,12,NO SCHEDULE,,,0
5/7/2026,1,19,,,123456,0,,,,,,0,0,0,0,,0,0,0,,,,0,,0,,0,0,0,,,,,0,12,NO SCHEDULE,,,0
5/7/2026,1,20,,,123456,0,,,,,,0,0,0,0,,0,0,0,,,,0,,0,,0,0,0,,,,,0,12,NO SCHEDULE,,,0
5/7/2026,1,21,ASMULLAH,R-HDPE ASTERENE HXM 6007,573943,0,EBK38-2000-K-S-WH-PE(S2012),10700679,1,180,122,1220,20160,270,0,1220,1080,131.76,14715,5445,148.84,70.76,0,0,11.6,0.077936039,33.4,11.31888889,35,,,,,0.681111111,,Weight out spec & b.dot.L.test.,,,95
5/7/2026,1,22,,,123456,0,,,,,,0,0,0,0,,0,0,0,,,,0,,0,,0,0,0,,,,,0,12,NO SCHEDULE,,,0
5/7/2026,1,23,,,123456,0,,,,,,0,0,0,0,,0,0,0,,,,0,,0,,0,0,0,,,,,0,12,NO SCHEDULE,,,0
5/7/2026,1,24,ASMULLAH/INDRA,SM240,453796,0,AL2012-BK 38MM CAP (BLACK) C/W SEAL ASEM,10700491,16,4,3.5,2421,400000,32000,0,38736,0,0,344000,56000,16,19.368,0,0,0.5,0.03125,17.4,11.7015,16,,,,,0.2985,,run well.,,,142
5/7/2026,1,25,,,123456,0,,,,,,0,0,0,0,,0,0,0,,,,0,,0,,0,0,0,,,,,0,12,NO SCHEDULE,,,0
5/7/2026,1,26,,,123456,0,,,,,,0,0,0,0,,0,0,0,,,,0,,0,,0,0,0,,,,,0,12,NO SCHEDULE,,,0
5/7/2026,1,27,,,123456,0,,,,,,0,0,0,0,,0,0,0,,,,0,,0,,0,0,0,,,,,0,12,NO SCHEDULE,,,0
5/7/2026,1,28,,,123456,0,,,,,,0,0,0,0,,0,0,0,,,,0,,0,,0,0,0,,,,,0,12,NO SCHEDULE,,,0
5/7/2026,1,29,,,123456,0,,,,,,0,0,0,0,,0,0,0,,,,0,,0,,0,0,0,,,,,0,12,NO SCHEDULE,,,0
5/7/2026,2,1,NA,PET RECRON,322448,0,BCY28-0500-W-R-CL,10698738,4,40,40,0,204120,810,0,0,0,0,81000,123120,0,0,0,,0,,30.1,0,23,,,,12,0,,Rotation look problem,,,0
5/7/2026,2,2,NIPU,PET,442034,0,BC28-0250-Z-S-CL,10699055,4,23,23,1758,139776,1920,4224,7032,4608,105.984,59520,80256,161.736,0,0,0,2,0.012365831,23.7,11.5735,22,,,,,0.4265,,Run well,,,86
5/7/2026,2,3,,,123456,0,,,,,,0,0,0,0,,0,0,0,,,,0,,0,,0,0,0,,,,,0,12,NO SCHEDULE,,,0
5/7/2026,2,4,,,123456,0,,,,,,0,0,0,0,,0,0,0,,,,0,,0,,0,0,0,,,,,0,12,NO SCHEDULE,,,0
5/7/2026,2,5,,,123456,0,,,,,,0,0,0,0,,0,0,0,,,,0,,0,,0,0,0,,,,,0,12,NO SCHEDULE,,,0
5/7/2026,2,6,BHOLA/RAIS,PET,322429,0,JJ63-0300-R-R-CL,10700606,4,24.93,24,1698,40600,203,0,6792,7105,170.52,20300,20300,163.008,0,0,0,8,0.049077346,22.2,10.471,16.96,,,,,1.529,,Wavy  &  white mark,,,333
5/7/2026,2,7,NA,PET,322471,0,JJ63-0750-HX-H-CL-LW,10701399,4,34.5,34.5,0,9660,0,0,0,0,0,,9660,0,0,0,,,,22.9,0,16.2,,,,,12,,Under tech.Thickness.,,,0
5/7/2026,2,8,BHOLA/RAIS,rPET,593537,0,BX38-1000-RN-R-CL-rPET 0.2,10700488,4,56.5,56.8,1466,69000,460,0,5864,6325,359.26,29325,39675,333.0752,0,0,0,2,0.00600465,29,11.80944444,28.5,,,,,0.190555556,,Run well L.test,,,35
5/7/2026,2,9,NIPU/BHOLA,KingFa NC050,666344,2,BC28-0056-D-APH-5040-0756-PP,10700883,6,12.3,12.3,1544,162000,0,1215,9264,8100,99.63,74115,87885,113.9472,0,0,0,1,0.008775994,27.6,11.83733333,26,,,,,0.162666667,,Run well L.test,,,81
5/7/2026,2,10,,,123456,0,,,,,,0,0,0,0,,0,0,0,,,,0,,0,,0,0,0,,,,,0,12,NO SCHEDULE,,,0
5/7/2026,2,11,KYAW SWAR,PPSB520Y,552181,5,BC28-0090-D-APH-5180-3538-PP-6 NOTCHES,10698216,6,14.7,14.7,1412,108000,1890,0,8472,10800,158.76,102600,5400,124.5384,0,0,0,1,0.008029652,30.5,11.96277778,27,,,,,0.037222222,,Black dot .L.test,,,68
5/7/2026,2,12,RAIS,PET RECRON,620599,0,BC28-0750-K4-R-CL (55g)  ,10700744,4,55,55,1447,72000,0,450,5788,5400,297,11250,60750,318.34,0,0,0,4,0.012565182,29.5,11.85736111,28,,,,,0.142638889,,Run well .L.test,,,72
5/7/2026,2,13,KYAW SWAR,KingFa NC050,666344,3,BC28-0056-D-APH-5040-0756-PP,10700431,6,12.3,12.3,1537,162000,2025,3240,9222,8100,99.63,45360,116640,113.4306,0,0,0,1,0.008815963,28.1,11.99713889,26,,,,,0.002861111,,Run well .L.test,,,81
5/7/2026,2,14,,,123456,0,,,,,,0,0,0,0,,0,0,0,,,,0,,0,,0,0,0,,,,,0,12,NO SCHEDULE,,,0
5/7/2026,2,15,KYAW SWAR,PPSB520Y,552181,1,BC28-0090-D-APH-5180-3538-PP-6 NOTCHES,10700917,6,14.7,14.7,1464,108000,2430,270,8784,10800,158.76,32670,75330,129.1248,0,0,0,1,0.007744446,28.9,11.75266667,27,,,,,0.247333333,,Run well .L.test,,,68
5/7/2026,2,16,NIKHIL,KingFa NC050,666343,3,BC28-0170-D-5180-3539-PP,10700430,6,28,28,879,100800,2016,3528,5274,6720,188.16,74088,26712,147.672,0,0,0,2,0.013543529,46.92,11.4563,42,,,,,0.5437,,Run well .L.test,,,71
5/7/2026,2,17,,,123456,0,,,,,,0,0,0,0,,0,0,0,,,,0,,0,,0,0,0,,,,,0,12,NO SCHEDULE,,,0
5/7/2026,2,18,,,123456,0,,,,,,0,0,0,0,,0,0,0,,,,0,,0,,0,0,0,,,,,0,12,NO SCHEDULE,,,0
5/7/2026,2,19,,,123456,0,,,,,,0,0,0,0,,0,0,0,,,,0,,0,,0,0,0,,,,,0,12,NO SCHEDULE,,,0
5/7/2026,2,20,,,123456,0,,,,,,0,0,0,0,,0,0,0,,,,0,,0,,0,0,0,,,,,0,12,NO SCHEDULE,,,0
5/7/2026,2,21,IRSAD,R-HDPE ASTERENE HXM 6007,573943,0,EBK38-2000-K-S-WH-PE(S2012),10700679,1,180,122,1234,20160,315,45,1234,1440,175.68,16605,3555,150.548,71.572,0,0,12,0.079708797,33.4,11.44877778,35,,,,,0.551222222,,Black dot .L.test,,,98
5/7/2026,2,22,,,123456,0,,,,,,0,0,0,0,,0,0,0,,,,0,,0,,0,0,0,,,,,0,12,NO SCHEDULE,,,0
5/7/2026,2,23,,,123456,0,,,,,,0,0,0,0,,0,0,0,,,,0,,0,,0,0,0,,,,,0,12,NO SCHEDULE,,,0
5/7/2026,2,24,IRSAD,SM240,453796,0,AL2012-BK 38MM CAP (BLACK) C/W SEAL ASEM,10700491,16,4,3.5,2348,400000,72000,112000,37568,,0,381568,18432,131.488,18.784,0,0,1,0.007605257,17.4,11.3,16,,,,,0.7,,Blokage ,,,285
5/7/2026,2,25,,,123456,0,,,,,,0,0,0,0,,0,0,0,,,,0,,0,,0,0,0,,,,,0,12,NO SCHEDULE,,,0
5/7/2026,2,26,,,123456,0,,,,,,0,0,0,0,,0,0,0,,,,0,,0,,0,0,0,,,,,0,12,NO SCHEDULE,,,0
5/7/2026,2,27,,,123456,0,,,,,,0,0,0,0,,0,0,0,,,,0,,0,,0,0,0,,,,,0,12,NO SCHEDULE,,,0
5/7/2026,2,28,,,123456,0,,,,,,0,0,0,0,,0,0,0,,,,0,,0,,0,0,0,,,,,0,12,NO SCHEDULE,,,0
5/7/2026,2,29,,,123456,0,,,,,,0,0,0,0,,0,0,0,,,,0,,0,,0,0,0,,,,,0,12,NO SCHEDULE,,,0
6/7/2026,1,1,WIYAH,PET RECRON,322448,0,BCY28-0500-W-R-CL,10698738,4,40,40,1113,204120,810,324,4452,4860,194.4,86184,117936,178.08,0,0,0,3,0.016846361,30.1,9.3,23,,,,,2.7,,Black dot.L.test.,4,14,75
6/7/2026,1,2,PUVES/DIPAK/KALAMODIN,PET,442034,0,BC28-0250-Z-S-CL,10699055,4,23,23,1755,139776,4224,1920,7020,9216,211.968,66432,73344,161.46,0,0,0,2.5,0.015483711,23.7,11.55375,22,,,,,0.44625,,Run well.,3,2,108
6/7/2026,1,3,KALAMODIN,PET,611949,0,BX38-0150-R-R-AM,10700559,4,20,20,1415,36300,1100,0,5660,6600,132,26400,9900,113.2,0,2,0.017667845,1.2,0.010600707,25.4,9.983611111,21.64,,,,,2.016388889,,Drooling.L.test.,3,2,60
6/7/2026,1,4,PUVES,PET,426555,0,BX38-0330-Z-S-CL-HW,10699839,4,29,29,1340,81600,0,1190,5360,4080,118.32,60350,21250,155.44,0,2,0.012866701,0.5,0.003216675,24.7,9.193888889,22.72,,,,,2.806111111,,base deform.L.test.,3,1,17
6/7/2026,1,5,,PET,123456,0,BC28-0150-A3-Q-CL,10701395,4,15.05,15.05,0,0,0,0,0,0,0,0,20300,0,0,0,,0,,0,0,0,9.2,,,,0,12,NO SCHEDULE,,,0
6/7/2026,1,5,KALAMODIN/PUVES,PET,577492,0,BC28-0375-K-R-Tinted Brown,10699842,4,35.6,35.6,430,60720,338,0,1720,1840,65.504,60720,0,61.232,0,7,0.11431931,0.8,0.013065064,23.3,2.8,27,,,,,0,,Stop 11am.C/order.,3,2,22
6/7/2026,1,6,ASIHA/SUMATHI/WIYAH,PET,322429,0,JJ63-0300-R-R-CL,10700606,4,24.93,24,1554,40600,0,0,6216,6090,146.16,35525,5075,149.184,0,0,0,3,0.020109395,22.7,9.798833333,16.96,,,,,2.201166667,,White mark.,4,2,125
6/7/2026,1,7,,PET,123456,0,JJ63-0400-SH-S-CL,10699847,4,32.74,33,0,0,0,0,0,0,0,0,0,0,0,0,,0,,0,0,0,,,,,12,12,NO SCHEDULE,20,34,0
6/7/2026,1,7,,PET,123456,0,JJ63-0750-HX-H-CL-LW,10701399,4,34.5,34.5,0,0,0,0,0,0,0,0,9660,0,0,0,,0,,0,0,0,,,,,0,12,NO SCHEDULE,,,0
6/7/2026,1,8,ASIHA,rPET,593537,0,BX38-1000-RN-R-CL-rPET 0.2,10700488,4,56.5,56.8,1478,69000,0,115,5912,5750,326.6,35190,33810,335.8016,0,0,0,2.5,0.007444872,29,11.90611111,28.5,,,,,0.093888889,,Run well .L.test,,2,44
6/7/2026,1,9,DIPAK,KingFa NC050,666344,2,BC28-0056-D-APH-5040-0756-PP,10700883,6,12.3,12.3,1574,162000,1215,2430,9444,8100,99.63,83430,78570,116.1612,0,0,0,1.5,0.01291309,27.6,12,26,,,,,0,,Run well .L.test,,1,121
6/7/2026,1,10,SHESHNETH,PET,323102,0,BX38-1500-H-R-CL-LW(GREEN) (ASEM),10700489,4,56.9,56.9,910,40960,360,0,3640,3840,218.496,27840,13120,207.116,0,6,0.028969273,3.2,0.015450279,28.3,7.153611111,26,,,,2,2.846388889,,Mc stop sometimes blow valve problem.Change hose blow vavle.,7,11,56
6/7/2026,1,11,RAM,PPSB520Y,552181,5,BC28-0090-D-APH-5180-3538-PP-6 NOTCHES,10698216,6,14.7,14.7,917,108000,0,0,5502,5400,79.38,108000,0,80.8794,0,0,0,1.5,0.018546132,30.5,7,27,,,,,0,,C/order.,,,102
6/7/2026,1,11,RAM,PPSB520Y,552181,5,BC28-0090-D-APH-5180-3538-PP-6 NOTCHES,10700915,6,14.7,14.7,585,108000,0,3510,3510,0,0,3510,104490,51.597,0,0,0,0,0,30.5,5,27,,,,,0,,Run well .L.test,,,0
6/7/2026,1,12,SUMATHI,PET RECRON,620599,0,BC28-0750-K4-R-CL (55g)  ,10700744,4,55,55,1447,72000,450,225,5788,5400,297,16425,55575,318.34,0,0,0,33.7,0.105861657,29.5,11.85736111,28,,,,,0.142638889,,Black dot.L.test.,,2,612
6/7/2026,1,13,RAM,KingFa NC050,666344,3,BC28-0056-D-APH-5040-0756-PP,10700431,6,12.3,12.3,1507,162000,3240,4050,9042,8100,99.63,125550,36450,111.2166,0,0,0,3.5,0.031470122,28.1,11.76297222,26,,,,,0.237027778,,Drooling.L.test,2,1,284
6/7/2026,1,14,,,123456,0,,,,,,0,0,0,0,,0,0,0,,,,0,,0,,0,0,0,,,,,0,12,NO SCHEDULE,,,0
6/7/2026,1,15,RAM,PPSB520Y,552181,1,BC28-0090-D-APH-5180-3538-PP-6 NOTCHES,10700917,6,14.7,14.7,1457,108000,270,3510,8742,5400,79.38,41310,66690,128.5074,0,0,0,1.5,0.01167248,28.9,11.69647222,27,,,,,0.303527778,,Run well .L.test,4,3,102
6/7/2026,1,16,KAIMULLAH/JIWAN,KingFa NC050,666343,3,BC28-0170-D-5180-3539-PP,10700430,6,28,28,801,100800,168,1344,4806,3360,94.08,78624,22176,134.568,0,0,0,7.3,0.054247667,47,10.5,42,,,,,1.5,,Mc stop sometimes safety frame alarm.Bottle stuck.,6,10,260
6/7/2026,1,17,KAIMULLAH,SM398,606524,0,C35-R/S-F.TOP D.CHOC W SEAL 2.0 (ASEM),10700879,12,5.86,5.86,1091,170000,11900,23800,13092,0,0,125800,44200,76.71912,0,5,0.065172802,2.1,0.027372577,32.5,9.849305556,29.04,,,,,2.150694444,,Uncapping & scratches.,,,358
6/7/2026,1,18,,,123456,0,,,,,,0,0,0,0,,0,0,0,,,,0,,0,,0,0,0,,,,,0,12,NO SCHEDULE,,,0
6/7/2026,1,19,,,123456,0,,,,,,0,0,0,0,,0,0,0,,,,0,,0,,0,0,0,,,,,0,12,NO SCHEDULE,,,0
6/7/2026,1,20,,,123456,0,,,,,,0,0,0,0,,0,0,0,,,,0,,0,,0,0,0,,,,,0,12,NO SCHEDULE,,,0
6/7/2026,1,21,JIWAN,R-HDPE ASTERENE HXM 6007,573943,0,EBK38-2000-K-S-WH-PE(S2012),10700679,1,180,122,1277,20160,45,135,1277,1080,131.76,17775,2385,155.794,74.066,0,0,13,0.083443522,33.4,11.84772222,35,,,,,0.152277778,,Black dot.L.test.,4,,106
6/7/2026,1,22,,,123456,0,,,,,,0,0,0,0,,0,0,0,,,,0,,0,,0,0,0,,,,,0,12,NO SCHEDULE,,,0
6/7/2026,1,23,NA,HD5403A,453811,0,BS0300-NA GBB0300 HDPE BTL (NATURAL),10695560,1,60.3,38,0,21750,0,0,0,0,0,17400,4350,0,0,0,,0,,30,0,30,,,,,12,,Under tech.neck height & base mark.,5,,0
6/7/2026,1,24,NITESH,SM240,453796,0,AL2012-BK 38MM CAP (BLACK) C/W SEAL ASEM,10700491,16,4,3.5,2324,400000,0,257000,37184,0,0,417000,-17000,130.144,18.592,0,0,0.7,0.005378657,17.4,11.2,16,,,,,0.8,,Blockage sometimes.Flashing.,,,200
6/7/2026,1,24,NITESH,SM240,453796,0,AL2012-BK 38MM CAP (BLACK) C/W SEAL ASEM,10700491,16,4,3.5,0,0,0,40000,0,0,0,0,0,0,0,0,,0,,10,0,20.8,,,,,0,,Assy output,,,0
6/7/2026,1,25,JIWAN,LLDPE 6101+HDPE 6178,665674,0,C32-BOTTOM CAP-RED-KKM,10700434,8,3.801,3.801,1240,360000,135000,144000,9920,9000,34.209,204064,155936,37.70592,0,0,0,1,0.026521034,32.9,11.33222222,29,,,,,0.667777778,,Sometimes double clamp.Oily mark.,,,263
6/7/2026,1,26,SHAHID,PET CAN,588272,0,JK57-0350-R-CL-KEKO,10699331,2,24,18,2290,91800,2720,340,4580,6120,110.16,37060,54740,82.44,0,0,0,15.1,0.183163513,7.4,4.7,6.8,,,,,5.3,2,Often mc stop mouuld close error & preform stuck.base deform & gate off.,,13,838
6/7/2026,1,27,,,123456,0,,,,,,0,0,0,0,,0,0,0,,,,0,,0,,0,0,0,,,,,0,12,NO SCHEDULE,,,0
6/7/2026,1,28,,,123456,0,,,,,,0,0,0,0,,0,0,0,,,,0,,0,,0,0,0,,,,,0,12,NO SCHEDULE,,,0
6/7/2026,1,29,NA,R-HDPE ASTERENE HXM 50100S,611846,0,B54-5000-S-CL-HDPE,10700911,2,453,329,0,4320,0,0,0,0,0,0,4320,0,0,0,,0,,40.1,0,40.1,,,,,12,,Under tech.,18,,0
6/7/2026,2,1,VICKY,PET RECRON,322448,0,BCY28-0500-W-R-CL,10698738,4,40,40,1417,204120,324,1296,5668,4860,194.4,89586,114534,226.72,0,0,0,2.5,0.011026817,30.1,11.84,23,,,,,0.16,,Run well.L.test,,,62
6/7/2026,2,2,MOGANA/HABIRAMI,PET,442034,0,BC28-0250-Z-S-CL,10699055,4,23,23,1768,139776,1920,,7072,9216,211.968,73728,66048,162.656,0,0,0,1,0.006147944,23.7,11.63933333,22,,,,,0.360666667,,Run well,,,43
6/7/2026,2,3,JEGA,PET,611949,0,BX38-0150-R-R-AM,10700559,4,20,20,1668,36300,,1650,6672,6600,132,18150,18150,133.44,0,0,0,,0,25.4,11.76866667,21.64,,,,,0.231333333,,Drooling .L.test,,,0
6/7/2026,2,4,MOGANA,PET,426555,0,BX38-0330-Z-S-CL-HW,10699839,4,29,29,1723,81600,1190,170,6892,8160,236.64,67490,14110,199.868,0,0,0,2,0.010006604,24.7,11.82169444,22.72,,,,,0.178305556,,Run well.L.test,,,68
6/7/2026,2,5,NA,PET,340460,0,BC28-0150-A3-Q-CL,10701395,4,15.05,15.05,0,20300,,,0,,0,0,20300,0,0,0,,0,,20,0,20,,,,12,0,,Screw broken,,,0
6/7/2026,2,6,VICKY/KAVITHAH,PET,322429,0,JJ63-0300-R-R-CL,10700606,4,24.93,24,1268,40600,0,,5072,5075,121.8,40600,0,121.728,0,,0,1,0.008215037,22.2,7.8,16.96,,,,,0,,C/order,,,41
6/7/2026,2,6,VICKY/KAVITHAH,PET,322409,0,JJ63-0190-E-Q-CL-LW,10690124,4,24,24,0,93600,0,,0,0,0,0,93600,0,0,12,,0,,24.1,0,20,,,1.5,,2.7,,Under tech thickness,,,0
6/7/2026,2,7,HABIRAMI,PET,322471,0,JJ63-0750-HX-H-CL-LW,10701399,4,34.5,34.5,1481,9660,0,828,5924,4968,171.396,5796,3864,204.378,0,5,0.024464473,1,0.004892895,22.13,8.5,16.2,,,,,3.5,,Start 9.30pm .run well,,,28
6/7/2026,2,8,JEGA/AISHAH,rPET,593537,0,BX38-1000-RN-R-CL-rPET 0.2,10700488,4,56.5,56.8,1468,69000,115,345,5872,5750,326.6,41170,27830,333.5296,0,0,0,1,0.002998235,29,11.82555556,28.5,,,,,0.174444444,,Run well.L.test,,,17
6/7/2026,2,9,AISHAH,KingFa NC050,666344,2,BC28-0056-D-APH-5040-0756-PP,10700883,6,12.3,12.3,1535,162000,2430,3645,9210,8100,99.63,92745,69255,113.283,0,0,0,,0,27.6,11.76833333,26,,,,,0.231666667,,Run well.L.test,,,0
6/7/2026,2,10,IRSAD,PET,323102,0,BX38-1500-H-R-CL-LW(GREEN) (ASEM),10700489,4,56.9,56.9,1520,40960,,,6080,6080,345.952,33920,7040,345.952,0,0,0,5,0.014452872,28.3,11.94888889,26,,,,,0.051111111,,Lumphy .L.test,,,87
6/7/2026,2,11,BHOLA,PPSB520Y,552181,5,BC28-0090-D-APH-5180-3538-PP-6 NOTCHES,10700915,6,14.7,14.7,1416,108000,3510,270,8496,10800,158.76,11070,96930,124.8912,0,0,0,3,0.024020908,30.5,11.99666667,27,,,,,0.003333333,,Lumphy .L.test,,,204
6/7/2026,2,12,KAVITHAH,PET RECRON,620599,0,BC28-0750-K4-R-CL (55g)  ,10700744,4,55,55,1436,72000,225,562,5744,5400,297,21262,50738,315.92,0,0,0,13.5,0.042732337,29.5,11.76722222,28,,,,,0.232777778,,Black dot .L.test,,,245
6/7/2026,2,13,BHOLA,KingFa NC050,666344,3,BC28-0056-D-APH-5040-0756-PP,10700431,6,12.3,12.3,1456,162000,4050,4455,8736,8100,99.63,134055,27945,107.4528,0,0,0,3.5,0.032572441,28.1,11.36488889,26,,,,,0.635111111,,Bottle dented L.test problem.,,,284
6/7/2026,2,14,,,123456,0,,,,,,0,0,0,0,,0,0,0,,,,0,,0,,0,0,0,,,,,0,12,NO SCHEDULE,,,0
6/7/2026,2,15,BHOLA,PPSB520Y,552181,1,BC28-0090-D-APH-5180-3538-PP-6 NOTCHES,10700917,6,14.7,14.7,1474,108000,3510,1350,8844,10800,158.76,12150,95850,130.0068,0,0,0,0,0,28.9,11.83294444,27,,,,,0.167055556,,Run well.L.test,,,0
6/7/2026,2,16,JALALUDIN,KingFa NC050,666343,3,BC28-0170-D-5180-3539-PP,10700430,6,28,28,901,100800,1344,,5406,6720,188.16,84000,16800,151.368,0,0,0,0,0,46.92,11.74303333,42,,,,,0.256966667,,Run well.L.test,,,0
6/7/2026,2,17,ASNULLAH,SM398,606524,0,C35-R/S-F.TOP D.CHOC W SEAL 2.0 (ASEM),10700879,12,5.86,5.86,1313,170000,23800,5100,15756,34000,199.24,141100,28900,92.33016,0,0,0,6.5,0.070399531,32.5,11.85347222,29.04,,,,,0.146527778,,Uncapping & scratches.,,,1109
6/7/2026,2,18,,,123456,0,,,,,,0,0,0,0,,0,0,0,,,,0,,0,,0,0,0,,,,,0,12,NO SCHEDULE,,,0
6/7/2026,2,19,,,123456,0,,,,,,0,0,0,0,,0,0,0,,,,0,,0,,0,0,0,,,,,0,12,NO SCHEDULE,,,0
6/7/2026,2,20,,,123456,0,,,,,,0,0,0,0,,0,0,0,,,,0,,0,,0,0,0,,,,,0,12,NO SCHEDULE,,,0
6/7/2026,2,21,NIPU,R-HDPE ASTERENE HXM 6007,573943,0,EBK38-2000-K-S-WH-PE(S2012),10700679,1,180,122,1245,20160,135,270,1245,1080,131.76,18990,1170,151.89,72.21,0,0,12,0.079004543,33.4,11.55083333,34,,,,,0.449166667,,Black dot .L.test,,,98
6/7/2026,2,22,,,123456,0,,,,,,0,0,0,0,,0,0,0,,,,0,,0,,0,0,0,,,,,0,12,NO SCHEDULE,,,0
6/7/2026,2,23,NA,PP855,453940,0,BS1013-NA 1LTR PP BTL (NATURAL),10701478,2,61,122,0,392,,,0,0,0,0,392,0,0,0,,0,,24,0,24,7,,,,5,,Mould change & start up,,,0
6/7/2026,2,24,NIKHIL,SM240,453796,0,AL2012-BK 38MM CAP (BLACK) C/W SEAL ASEM,10700491,16,4,3.5,2242,400000,257000,,35872,0,0,453000,-53000,125.552,17.936,0,0,1,0.007964827,17.4,10.8,20.8,,,,,1.2,,Run well,,,285
6/7/2026,2,24,NIKHIL,SM240,453796,0,AL2012-BK 38MM CAP (BLACK) C/W SEAL ASEM,10700491,16,4,3.5,0,,40000,72000,0,0,0,0,0,0,0,0,,0,,9,0,20.8,,,,,0,,Assy,,,0
6/7/2026,2,25,NIPU/JALALUDIN,LLDPE 6101+HDPE 6178,665674,0,C32- BOTTOM CAP-RED-KKM,10700434,8,3.801,3.801,1246,360000,144000,,9968,9000,34.209,214032,145968,37.888368,0,0,0,1,0.026393325,32.9,11.38705556,30,,,,,0.612944444,,Oily  mark,,,263
6/7/2026,2,26,RAIS,PET CAN,588272,0,JK57-0350-R-CL-KEKO,10699331,2,24,18,4892,91800,340,340,9784,9180,165.24,46844,44956,176.112,0,0,0,6,0.034069229,7.4,10.05577778,6.8,,,,,1.944222222,,Gate off center,,,333
6/7/2026,2,27,,,123456,0,,,,,,0,0,0,0,,0,0,0,,,,0,,0,,0,0,0,,,,,0,12,NO SCHEDULE,,,0
6/7/2026,2,28,,,123456,0,,,,,,0,0,0,0,,0,0,0,,,,0,,0,,0,0,0,,,,,0,12,NO SCHEDULE,,,0
6/7/2026,2,29,RAIS,R-HDPE ASTERENE HXM 50100S,611846,0,B54-5000-S-CL-HDPE,10700911,2,453,329,0,4320,0,,0,0,0,0,4320,0,0,0,,0,,80,0,40.1,,,,,12,,Under tech.,,,0
7/7/2026,1,1,PUNES,PET RECRON,322448,0,BCY28-0500-W-R-CL,10698738,4,40,40,1501,204120,1296,162,6004,6480,259.2,97362,106758,240.16,0,0,0,26.2,0.109093937,26.1,10.9,23,,,,,1.1,,Blockage.White mark.L.test.,,,655
7/7/2026,1,2,WIYAH/SUMATHI,PET,442034,0,BC28-0250-Z-S-CL,10699055,4,23,23,1663,139776,0,1920,6652,4608,105.984,27336,112440,152.996,0,0,0,2.8,0.018301132,24.3,11.22525,22,,,,,0.77475,,Run well.,,,121
7/7/2026,1,3,ZAM,PET,611949,0,BX38-0150-R-R-AM,10701003,4,20,20,1294,27500,0,4950,5176,0,0,4950,22550,103.52,0,0,0,4.5,0.043469861,25.4,9.1,21.64,,,,,0,,Drooling .L.test,,,225
7/7/2026,1,3,ZAM,PET,611949,0,BX38-0150-R-R-AM,10700559,4,20,20,413,36300,1650,0,1652,3300,66,36300,0,33.04,0,0,0,0,0,25.4,2.9,21.64,,,,,0,,C/order.,,,0
7/7/2026,1,4,WIYAH,PET,426555,0,BX38-0330-Z-S-CL-HW,10699839,4,29,29,1750,81600,170,0,7000,7140,207.06,74460,7140,203,0,0,0,0.8,0.003940887,24.7,12,22.72,,,,,0,,Run well.L.test,,,27
7/7/2026,1,5,NA,PET,340460,0,BC28-0150-A3-Q-CL,10701395,4,15.05,15.05,0,20300,0,0,0,0,0,0,20300,0,0,5.6,,0,,20,0,20,,,,5,7,,Base screw broken hot runner.Under tech start up.,,,0
7/7/2026,1,6,NA,PET,322409,0,JJ63-0190-E-Q-CL-LW,10701398,4,24,24,0,15120,0,0,0,0,0,0,15120,0,0,23.5,,0,,22.7,0,20,,,,,12,,Under tech.Thickness & base deform.,,,0
7/7/2026,1,7,SUMATHI,PET,322471,0,JJ63-0750-HX-H-CL-LW,10701399,4,34.5,34.5,973,9660,828,0,3892,4692,161.874,9660,0,134.274,0,0,0,1,0.007447458,22.1,5.75,16.2,,,,,0,,Stop 12pm.c/order.,,,28
7/7/2026,1,7,SUMATHI/WIYAH,rPET,620994,0,JJ63-0400-SH-S-CL-rPET,10699057,4,32.74,33,0,104192,0,0,0,0,0,0,104192,0,0,3.5,,0,,22.1,0,22,,,1.5,,1.25,3.5,Material load 1pm.Start 6.15pm.,,,0
7/7/2026,1,8,PUNES/KALAMUDIN,rPET,593537,0,BX38-1000-RN-R-CL-rPET 0.2,10700488,4,56.5,56.8,1482,69000,345,460,5928,5750,326.6,47035,21965,336.7104,0,0,0,3.5,0.010394689,29,11.93833333,28.5,,,,,0.061666667,,Black dot.L.test,,,61
7/7/2026,1,9,SHAHID,KingFa NC050,666344,2,BC28-0056-D-APH-5040-0756-PP,10700883,6,12.3,12.3,1564,162000,3645,4860,9384,8100,99.63,102060,59940,115.4232,0,0,0,0.8,0.006931016,27.6,11.99066667,26,,,,,0.009333333,,Run well.L.test,,,65
7/7/2026,1,10,NITESH,PET,323102,0,BX38-1500-H-R-CL-LW(GREEN) (ASEM),10700489,4,56.9,56.9,1309,40960,0,160,5236,4800,273.12,38880,2080,297.9284,0,0,0,15.6,0.052361574,27.7,10,26,,,,2,0,,Stop 2hrs under mntc motor pump trip.Base deform & lumpy.,,,274
7/7/2026,1,11,DIPAK,PPSB520Y,552181,5,BC28-0090-D-APH-5180-3538-PP-6 NOTCHES,10700915,6,14.7,14.7,1434,108000,270,3240,8604,5400,79.38,19440,88560,126.4788,0,0,0,3.5,0.027672622,30,11.95,27,,,,,0.05,,Base lumpy.L.test,,,238
7/7/2026,1,12,KALAMUDIN,PET RECRON,620599,0,BC28-0750-K4-R-CL (55g)  ,10700744,4,55,55,1428,72000,562,225,5712,5400,297,27225,44775,314.16,0,0,0,35.6,0.113318054,29.5,11.70166667,28,,,,,0.298333333,,Black dot & gate off.L.test.,,,647
7/7/2026,1,13,DIPAK,KingFa NC050,666344,3,BC28-0056-D-APH-5040-0756-PP,10700431,6,12.3,12.3,1549,162000,4455,5265,9294,8100,99.63,142965,19035,114.3162,0,0,0,4.5,0.0393645,28.1,12,26,,,,,0,,Drooling.L.test,,,365
7/7/2026,1,14,,,123456,0,,,,,,0,0,0,0,,0,0,0,,,,0,,0,,0,0,0,,,,,0,12,NO SCHEDULE,,,0
7/7/2026,1,15,DIPAK,PPSB520Y,552181,1,BC28-0090-D-APH-5180-3538-PP-6 NOTCHES,10700917,6,14.7,14.7,1449,108000,1350,4590,8694,5400,79.38,58590,49410,127.8018,0,0,0,0.8,0.006259693,28.9,11.63225,27,,,,,0.36775,,Run well.L.test,,,54
7/7/2026,1,16,JIWAN,KingFa NC050,666343,3,BC28-0170-D-5180-3539-PP,10700430,6,28,28,867,100800,0,1680,5202,3360,94.08,89040,11760,145.656,0,0,0,4.5,0.030894711,47,11.31916667,42,,,,,0.680833333,,Run well.L.test,,,160
7/7/2026,1,17,JIWAN,SM398,606524,0,C35-R/S-F.TOP D.CHOC W SEAL 2.0 (ASEM),10700879,12,5.86,5.86,1357,170000,5100,21000,16284,0,0,157000,13000,95.42424,0,0,0,2.3,0.02410289,31,11.68527778,29.04,,,,,0.314722222,,Uncapping & scratches.,,,392
7/7/2026,1,18,,,123456,0,,,,,,0,0,0,0,,0,0,0,,,,0,,0,,0,0,0,,,,,0,12,NO SCHEDULE,,,0
7/7/2026,1,19,,,123456,0,,,,,,0,0,0,0,,0,0,0,,,,0,,0,,0,0,0,,,,,0,12,NO SCHEDULE,,,0
7/7/2026,1,20,,,123456,0,,,,,,0,0,0,0,,0,0,0,,,,0,,0,,0,0,0,,,,,0,12,NO SCHEDULE,,,0
7/7/2026,1,21,KAIMULLAH,R-HDPE ASTERENE HXM 6007,573943,0,EBK38-2000-K-S-WH-PE(S2012),10700679,1,180,122,1237,20160,270,225,1237,1080,131.76,20025,135,150.914,71.746,0,0,24.6,0.163006746,33.4,11.47661111,35,,,,,0.523388889,,Weight out & black dot.L.test.,,,201
7/7/2026,1,22,NA,MARLEX6007,618592,0,E22-0150-R-GY-HDPE ,10701479,4,26,15,0,43200,0,0,0,0,0,0,43200,0,0,0,,0,,25,0,25,,,,,12,,Under tech.change mould.,,,0
7/7/2026,1,23,NA,PP855,453940,0,BS1013-NA 1LTR PP BTL (NATURAL),10701478,2,61,55,0,1568,0,0,0,0,0,0,1568,0,0,0,,0,,30,0,24,,,,,12,,Under tech.start up.,,,0
7/7/2026,1,24,NA,SM240,453796,0,AL2012-BK 38MM CAP (BLACK) C/W SEAL ASEM,10700491,16,4,3.5,0,400000,0,160000,0,80000,280,400000,0,0,0,0,,0,,17.4,0,16,,,,,0,,C/order.,,,0
7/7/2026,1,24,SHESHNATH,SM240,453796,0,AL2012-BK 38MM CAP (BLACK) C/W SEAL ASEM,10701654,15,4,3.5,2048,400000,0,84000,30720,0,0,84000,316000,107.52,15.36,0,0,0.6,0.005580357,17.4,9.9,16,,,,,2.1,,Blockage sometimes.Flashing.Run 15cav at 11am.Cav #19 blocked.,,,171
7/7/2026,1,24,SHESHNATH,SM240,453796,0,AL2012-BK 38MM CAP (BLACK) C/W SEAL ASEM,10700491,16,4,3.5,0,0,0,20000,0,0,0,0,0,0,0,0,,0,,20.8,0,20.8,,,,,0,,Assy output.Qc onhold 3 ctn.Seal not properly insert.,,,0
7/7/2026,1,25,KAIMULLAH,LLDPE 6101+HDPE 6178,665674,0,C32-BOTTOM CAP-RED-KKM,10700434,8,3.801,3.801,1294,360000,0,136000,10352,9000,34.209,214364,145636,39.347952,0,0,0,0.2,0.005082857,32.9,11.82572222,29,,,,,0.174277778,,Oily mark.,,,52
7/7/2026,1,26,RAM,PET CAN,588272,0,JK57-0350-R-CL-KEKO,10699331,2,24,18,4825,91800,340,170,9650,9180,165.24,55250,36550,173.7,0,0,0,11.5,0.066206102,7.4,9.9,6.8,,,,,2.1,,Often mc stop mouuld close error & preform stuck.Dented & gate off.,,,638
7/7/2026,1,27,,,123456,0,,,,,,0,0,0,0,,0,0,0,,,,0,,0,,0,0,0,,,,,0,12,NO SCHEDULE,,,0
7/7/2026,1,28,,,123456,0,,,,,,0,0,0,0,,0,0,0,,,,0,,0,,0,0,0,,,,,0,12,NO SCHEDULE,,,0
7/7/2026,1,29,SHESHNATH,R-HDPE ASTERENE HXM 50100S,611846,0,B54-5000-S-CL-HDPE,10700911,2,453,329,0,4320,0,0,0,0,0,0,4320,0,0,118.4,,0,,61.6,0,40.1,,,,,8.5,3.5,Start 2.30pm.Black dot 168pcs/weight 48pcs.Stop 6.15pm.Thickness out.,,,0
7/7/2026,2,1,AISHAH,PET RECRON,322448,0,BCY28-0500-W-R-CL,10698738,4,40,40,1616,204120,162,120,6464,6480,259.2,103800,100320,258.56,0,0,0,7,0.02707302,26.1,11.72,23,,,,,0.28,,White mark.L.test,,,175
7/7/2026,2,2,KAVITHAH/MOGANA,PET,442034,0,BC28-0250-Z-S-CL,10699055,4,23,23,1756,139776,1920,4224,7024,4608,105.984,87168,52608,161.552,0,0,0,0,0,24.3,11.853,22,,,,,0.147,,Run well,,,0
7/7/2026,2,3,MOGANA/RAIS,PET,611949,0,BX38-0150-R-R-AM,10701003,4,20,20,1425,27500,4950,3850,5700,6600,132,11550,15950,114,0,0,0,2.3,0.020175439,25.4,10.05416667,21.64,,,,,1.945833333,,Stop 5.00 am.waret leaking .drooling .L.test,,,115
7/7/2026,2,4,KAVITHAH,PET,426555,0,BX38-0330-Z-S-CL-HW,10699839,4,29,29,1698,122400,0,510,6792,6120,177.48,81090,41310,196.968,0,0,0,4.5,0.022846351,24.7,11.65016667,22.72,,,,,0.349833333,,White mark.L.test,,,155
7/7/2026,2,5,NA,PET,340460,0,BC28-0150-A3-Q-CL,10701395,4,15.05,15.05,0,20300,0,0,0,0,0,,20300,0,0,12,,0,,20,0,20,,,,,12,,Under tech thickness,,,0
7/7/2026,2,6,NA,PET,322409,0,JJ63-0190-E-Q-CL-LW,10701398,4,24,24,0,12960,0,0,0,0,0,0,12960,0,0,5,,0,,24.1,0,20,,,,,12,,Under tech thickness,,,0
7/7/2026,2,7,MOGANA,rPET,620994,0,JJ63-0400-SH-S-CL-rPET,10699057,4,32.74,33,1925,104192,0,592,7700,7104,234.432,7696,96496,254.1,0,0,0,5,0.019677292,22.1,11.81736111,22,,,,,0.182638889,,Run well,,,151
7/7/2026,2,8,AISHAH/JEGA,rPET,593537,0,BX38-1000-RN-R-CL-rPET 0.2,10700488,4,56.5,56.8,1481,69000,460,115,5924,6325,359.26,53015,15985,336.4832,0,0,0,0,0,29,11.93027778,28.5,,,,,0.069722222,,Run well.L.test,,,0
7/7/2026,2,9,RAIS,KingFa NC050,666344,2,BC28-0056-D-APH-5040-0756-PP,10700883,6,12.3,12.3,1549,162000,4860,5670,9294,8100,99.63,110970,51030,114.3162,0,0,0,3,0.026243,27.6,11.87566667,26,,,,,0.124333333,,silver streak.dirty .L.test,,,243
7/7/2026,2,10,ASNULLAH,PET,323102,0,BX38-1500-H-R-CL-LW(GREEN) (ASEM),10700489,4,56.9,56.9,376,40960,160,0,1504,2240,127.456,40960,0,85.5776,0,0,0,1,0.011685301,27.7,2.9,26,,,,,0,,C/order ,,,17
7/7/2026,2,10,NA,PET,324638,0,BX38-2000-GH-R-CL (GREEN) (ASEM),10700490,4,77.5,77.5,268,26496,,207,1072,828,64.17,1035,25461,83.08,0,8,0.09629273,1,0.012036591,34.23,2.6,36,,3.5,,,3,,Mould change .start 3.00am,,,12
7/7/2026,2,11,BHOLA,PPSB520Y,552181,5,BC28-0090-D-APH-5180-3538-PP-6 NOTCHES,10700915,6,14.7,14.7,1421,108000,3240,1890,8526,10800,158.76,28890,79110,125.3322,0,0,0,1,0.007978796,30.5,12,27,,,,,0,,Lumphy .L.test,,,68
7/7/2026,2,12,JEGA,PET RECRON,620599,0,BC28-0750-K4-R-CL (55g)  ,10700744,4,55,55,1442,72000,225,320,5768,5400,297,32720,39280,317.24,0,0,0,8,0.025217501,29.5,11.81638889,28,,,,,0.183611111,,Black dot .L.test,,,145
7/7/2026,2,13,BHOLA,KingFa NC050,666344,3,BC28-0056-D-APH-5040-0756-PP,10700431,6,12.3,12.3,1486,162000,5265,5670,8916,8100,99.63,151470,10530,109.6668,0,0,0,0,0,28.1,11.59905556,26,,,,,0.400944444,,Bottle dented L.test problem.,,,0
7/7/2026,2,14,,,123456,0,,,,,,0,0,0,0,,0,0,0,,,,0,,0,,0,0,0,,,,,0,12,NO SCHEDULE,,,0
7/7/2026,2,15,BHOLA,PPSB520Y,552181,1,BC28-0090-D-APH-5180-3538-PP-6 NOTCHES,10700917,6,14.7,14.7,1486,108000,4590,2160,8916,10800,158.76,66960,41040,131.0652,0,0,0,2,0.015259581,28.9,11.92927778,27,,,,,0.070722222,,Run well.L.test,,,136
7/7/2026,2,16,BINOD,KingFa NC050,666343,3,BC28-0170-D-5180-3539-PP,10700430,6,28,28,908,100800,1680,336,5448,6720,188.16,94416,6384,152.544,0,0,0,2,0.013110971,46.92,11.83426667,42,,,,,0.165733333,,Run well.L.test,,,71
7/7/2026,2,17,NIPU,SM398,606524,0,C35-R/S-F.TOP D.CHOC W SEAL 2.0 (ASEM),10700879,12,5.86,5.86,1074,170000,21000,,12888,34000,199.24,170000,0,75.52368,0,0,0,3.5,0.046343081,31,9.25,29.04,,,,,0,,Uncapping & scratches.,,,597
7/7/2026,2,17,NIPU,SM398,606524,0,C35-R/S-F.TOP D.CHOC W SEAL 2.0 (ASEM),10700880,12,5.86,5.86,315,170000,,1700,3780,,0,1700,168300,22.1508,0,0,0,0,0,31,2.75,29.04,,,,,0,,Uncapping & scratches.,,,0
7/7/2026,2,18,,,123456,0,,,,,,0,0,0,0,,0,0,0,,,,0,,0,,0,0,0,,,,,0,12,NO SCHEDULE,,,0
7/7/2026,2,19,,,123456,0,,,,,,0,0,0,0,,0,0,0,,,,0,,0,,0,0,0,,,,,0,12,NO SCHEDULE,,,0
7/7/2026,2,20,,,123456,0,,,,,,0,0,0,0,,0,0,0,,,,0,,0,,0,0,0,,,,,0,12,NO SCHEDULE,,,0
7/7/2026,2,21,JALALUDIN,R-HDPE ASTERENE HXM 6007,573943,0,EBK38-2000-K-S-WH-PE(S2012),10700679,1,180,122,96,20160,225,0,96,360,43.92,20160,0,11.712,5.568,0,0,9,0.768442623,33.4,0.9,34,,,,,0,,C/order .L.test,,,73
7/7/2026,2,21,JALALUDIN,R-HDPE ASTERENE HXM 6007,573943,0,EBK38-2000-K-S-WH-PE(S2012),10700919,1,180,122,1096,20160,,315,1096,720,87.84,1035,19125,133.712,63.568,0,0,0,0,33.4,10.1,34,,,,,1,,Black dot .L.test,,,0
7/7/2026,2,22,,,123456,0,,,,,,0,0,0,0,,0,0,0,,,,0,,0,,0,0,0,,,,,0,12,NO SCHEDULE,,,0
7/7/2026,2,23,BINOD,PP855,453940,0,BS1013-NA 1LTR PP BTL (NATURAL),10701478,2,61,122,431,392,0,392,862,0,0,392,0,105.164,-52.582,7,0.066562702,1,0.009508957,25.5,3.052916667,24,,,,,8.947083333,,Wip 4 ctn.no label,,,8
7/7/2026,2,24,NIPU,SM240,453796,0,AL2012-BK 38MM CAP (BLACK) C/W SEAL ASEM,10701654,15,4,3.5,2250,400000,84000,,33750,0,0,0,400000,118.125,16.875,0,0,18,0.152380952,17.4,10.9,20.8,,,,,1.1,,Tech adjust flashing short moulding .run 15 cav.cav # 19 blocked,,,5142
7/7/2026,2,24,,SM240,123456,0,AL2012-BK 38MM CAP (BLACK) C/W SEAL ASEM,10700879,16,4,3.5,0,0,0,0,0,0,0,0,0,0,0,0,,0,,0,0,0,,,,,0,12,NO SCHEDULE,,,0
7/7/2026,2,25,JALALUDIN,LLDPE 6101+HDPE 6178,665674,0,C32- BOTTOM CAP-RED-KKM,10700434,8,3.801,3.801,1212,360000,136000,174000,9696,9000,34.209,223728,136272,36.854496,0,0,0,1.8,0.048840717,32.9,11.1,30,,,,,0.9,,Sometime mc stop double clamping.oily mark,,,473
7/7/2026,2,26,HABIRAMI,PET CAN,588272,0,JK57-0350-R-CL-KEKO,10699331,2,24,18,4544,91800,170,2890,9088,6120,110.16,64338,27462,163.584,0,0,0,9,0.055017606,7.4,9.3,6.8,,,,,2.7,,Heater broken .restart 8.00pm often mc stop mould cloose error.gate of center,,,500
7/7/2026,2,27,,,123456,0,,,,,,0,0,0,0,,0,0,0,,,,0,,0,,0,0,0,,,,,0,12,NO SCHEDULE,,,0
7/7/2026,2,28,,,123456,0,,,,,,0,0,0,0,,0,0,0,,,,0,,0,,0,0,0,,,,,0,12,NO SCHEDULE,,,0
7/7/2026,2,29,NA,R-HDPE ASTERENE HXM 50100S,611846,0,B54-5000-S-CL-HDPE,10700911,2,453,329,0,4320,0,0,0,0,0,0,4320,0,0,0,,0,,80,0,40.1,,,,,12,,Thickness ,,,0
8/7/2026,1,1,DIPAK/ASIAH,PET RECRON,322448,0,BCY28-0500-W-R-CL,10698738,4,40,40,1382,204120,120,648,5528,4860,194.4,109188,94932,221.12,0,0,0,5.5,0.024873372,26.1,10.02,23,,,,1,0.98,,Mc stop 2.45pm-3.45pm.Rotatation lock problem.White mark.l.test.,,3,137
8/7/2026,1,2,ZAM/SUMATHI,PET,442034,0,BC28-0250-Z-S-CL,10699055,4,23,23,1733,139776,4224,1920,6932,9216,211.968,94080,45696,159.436,0,0,0,0.5,0.003136055,24.3,11.69775,22,,,,,0.30225,,Run well.,,1,21
8/7/2026,1,3,PUNES/WIYAH,PET,611949,0,BX38-0150-R-R-AM,10701003,4,20,20,1691,27500,3850,3520,6764,6600,132,16720,10780,135.28,0,0,0,9.8,0.072442342,25.4,11.93094444,21.64,,,,,0.069055556,,Drooling.L.test.,,,490
8/7/2026,1,4,SUMATHI,PET,426555,0,BX38-0330-Z-S-CL-HW,10699839,4,29,29,1713,122400,510,170,6852,7140,207.06,87890,34510,198.708,0,0,0,2.5,0.012581275,24.7,11.75308333,22.72,,,,,0.246916667,,Run well.L.test,,2,86
8/7/2026,1,5,NA,PET,340460,0,BC28-0150-A3-Q-CL,10701395,4,15.05,15.05,0,20300,0,0,0,0,0,0,20300,0,0,11.6,,0,,20,0,20,,,,,12,,Under tech.Thickness.,15,9,0
8/7/2026,1,6,NA,PET,322409,0,JJ63-0190-E-Q-CL-LW,10701398,4,24,24,0,15120,0,0,0,0,0,0,15120,0,0,14.8,,0,,22.7,0,20,,,,,12,,Under tech.Wavy & thckness.,12,22,0
8/7/2026,1,7,PUNES,rPET,620994,0,JJ63-0400-SH-S-CL-rPET,10699057,4,32.74,33,1928,104192,592,1184,7712,7104,234.432,15392,88800,254.496,0,0,0,0.5,0.001964667,22,11.78222222,22,,,,,0.217777778,,Run well.,10,5,15
8/7/2026,1,8,ASIAH,rPET,593537,0,BX38-1000-RN-R-CL-rPET 0.2,10700488,4,56.5,56.8,1479,69000,115,230,5916,5750,326.6,58880,10120,336.0288,0,0,0,2.6,0.007737432,29,11.91416667,28.5,,,,,0.085833333,,Black dot.l.test.,,,45
8/7/2026,1,9,WIYAH,KingFa NC050,666344,2,BC28-0056-D-APH-5040-0756-PP,10700883,6,12.3,12.3,1564,162000,5670,6885,9384,8100,99.63,120285,41715,115.4232,0,0,0,0.8,0.006931016,27.6,11.99066667,26,,,,,0.009333333,,Run well.L.test,,,65
8/7/2026,1,10,ZAM,PET,324638,0,BX38-2000-GH-R-CL (GREEN) (ASEM),10700490,4,77.5,77.5,580,26496,207,207,2320,2208,171.12,3243,23253,179.8,0,0,0,8.8,0.04894327,35.1,5.655,36,,,,5,1.345,,Blow vavle proble.Stop 10am-3pm.Under mntc.mc stop back 6pm.same issue.,10,40,113
8/7/2026,1,11,KAIMULLAH,PPSB520Y,552181,5,BC28-0090-D-APH-5180-3538-PP-6 NOTCHES,10700915,6,14.7,14.7,1423,108000,1890,4860,8538,5400,79.38,37260,70740,125.5086,0,0,0,2,0.015935163,30,11.85833333,27,,,,,0.141666667,,Run well.L.test,,,136
8/7/2026,1,12,DIPAK,PET RECRON,620599,0,BC28-0750-K4-R-CL (55g)  ,10700744,4,55,55,1474,72000,320,675,5896,5400,297,38475,33525,324.28,0,0,0,7.8,0.024053287,29.5,12,28,,,,,0,,Black dot.l.test.,,,141
8/7/2026,1,13,KAIMULLAH,KingFa NC050,666344,3,BC28-0056-D-APH-5040-0756-PP,10700431,6,12.3,12.3,1493,162000,5670,6480,8958,8100,99.63,160380,1620,110.1834,0,0,0,0.5,0.004537889,28.1,11.65369444,26,,,,,0.346305556,,Dented & dirty.L.test,,,40
8/7/2026,1,14,,,123456,0,,,,,,0,0,0,0,,0,0,0,,,,0,,0,,0,0,0,,,,,0,12,NO SCHEDULE,,,0
8/7/2026,1,15,KAIMULLAH,PPSB520Y,552181,1,BC28-0090-D-APH-5180-3538-PP-6 NOTCHES,10700917,6,14.7,14.7,1494,108000,2160,270,8964,10800,158.76,75870,32130,131.7708,0,0,0,0.8,0.006071148,28.9,11.9935,27,,,,,0.0065,,Run well.L.test,,,54
8/7/2026,1,16,SHAHID/NITESH,KingFa NC050,666343,3,BC28-0170-D-5180-3539-PP,10700430,6,28,28,609,100800,3192,0,3654,6720,188.16,100800,0,102.312,0,0,0,3.5,0.034209086,46.9,8,42,,,,,0,,c/order.,,,125
8/7/2026,1,16,SHAHID/NITESH,KingFa NC050,666343,3,BC28-0170-D-5180-3539-PP,10700918,6,28,28,308,100800,0,1848,1848,0,0,1848,98952,51.744,0,0,0,0,0,46.9,4,42,,,,,0,,Run well.L.test.Cav ( O ) body soft.Qc inform 6.30pm.Throw.,,,0
8/7/2026,1,17,SHESHNATH,SM398,606524,0,C35-R/S-F.TOP D.CHOC W SEAL 2.0 (ASEM),10700880,12,5.86,5.86,1466,170000,1700,18700,17592,0,0,18700,151300,103.08912,0,0,0,3.5,0.033951206,29.5,12,29.04,,,,,0,,Uncapping & scratches.,,,597
8/7/2026,1,18,,,123456,0,,,,,,0,0,0,0,,0,0,0,,,,0,,0,,0,0,0,,,,,0,12,NO SCHEDULE,,,0
8/7/2026,1,19,NA,PET PF CAN,588637,0,PF-JK57-24-82-KEKO,10700330,6,24.6,24.6,0,144000,0,0,0,0,0,0,144000,0,0,0,,0,,20.8,0,26,,,2,,10,,Under tech.Flow mark.,4,3,0
8/7/2026,1,20,,,123456,0,,,,,,0,0,0,0,,0,0,0,,,,0,,0,,0,0,0,,,,,0,12,NO SCHEDULE,,,0
8/7/2026,1,21,SHAHID,R-HDPE ASTERENE HXM 6007,573943,0,EBK38-2000-K-S-WH-PE(S2012),10700919,1,180,122,1265,20160,315,315,1265,1080,131.76,2115,18045,154.33,73.37,0,0,22.5,0.145791486,33.4,11.73638889,35,,,,,0.263611111,,Weight out & b.dot.l.test.,5,,184
8/7/2026,1,22,NA,HD5403A,453895,0,BS0217-NA 200ML PE BTL (NATURAL),10701869,4,33.5,20.6,0,20000,0,0,0,0,0,0,20000,0,0,0,,0,,25,0,20.7,,,,,12,,Under tech.Change mould.,9,,0
8/7/2026,1,23,NA,PP855,453940,0,BS1013-NA 1LTR PP BTL (NATURAL),10701478,2,61,55,0,392,392,0,0,392,21.56,0,392,0,0,0,,0,,30,0,24,,,,,10,,Inward.,,,0
8/7/2026,1,23,NA,HD5403A,453811,0,BS0300-NA GBB0300 HDPE BTL (NATURAL),10695560,1,60.3,38,0,21750,0,0,0,0,0,0,21750,0,0,0,,0,,30,0,30,,,2,,0,,Under tech.Change mould.,,,0
8/7/2026,1,24,SHESHNATH,SM240,453796,0,AL2012-BK 38MM CAP (BLACK) C/W SEAL ASEM,10701654,15,4,3.5,2258,400000,0,144000,33870,0,0,144000,256000,118.545,16.935,0,0,0.6,0.005061369,17.4,10.9,16,,,,,1.1,,Blockage.Flashing & discolour.Stop 7pm.Blockage.,,,171
8/7/2026,1,25,SHAHID,LLDPE 6101+HDPE 6178,665674,0,C32-BOTTOM CAP-RED-KKM,10700434,8,3.801,3.801,1288,360000,174000,66000,10304,9000,34.209,224610,135390,39.165504,0,0,0,0.5,0.012766336,32.9,11.77088889,29,,,,,0.229111111,,Oily mark.,,,131
8/7/2026,1,26,KALAMUDIN,PET CAN,588272,0,JK57-0350-R-CL-KEKO,10699331,2,24,18,4075,91800,2890,1020,8150,9180,165.24,74460,17340,146.7,0,0,0,15.1,0.102931152,7.4,8.4,6.8,,,,,3.6,,Often mc stop bottle stuck & body dented.,,23,838
8/7/2026,1,27,,,123456,0,,,,,,0,0,0,0,,0,0,0,,,,0,,0,,0,0,0,,,,,0,12,NO SCHEDULE,,,0
8/7/2026,1,28,,,123456,0,,,,,,0,0,0,0,,0,0,0,,,,0,,0,,0,0,0,,,,,0,12,NO SCHEDULE,,,0
8/7/2026,1,29,NITESH,R-HDPE ASTERENE HXM 50100S,611846,0,B54-5000-S-CL-HDPE,10700911,2,453,329,293,4320,0,24,586,432,142.128,456,3864,192.794,72.664,30.8,0.159756009,12,0.062242601,61.6,5.5,40.1,,,,,6.5,,Start 12.30pm.B.dot 56pcs/weight 74pcs.,40,,36
8/7/2026,2,1,MOGANA,PET RECRON,322448,0,BCY28-0500-W-R-CL,10698738,4,40,40,1660,204120,648,0,6640,7290,291.6,115830,88290,265.6,0,0,0,3.5,0.013177711,26.1,12,23,,,,,0,,White mark.L.test,,,87
8/7/2026,2,2,RAIS/HABIRAMI,PET,442034,0,BC28-0250-Z-S-CL,10699055,4,23,23,1730,139776,1920,4224,6920,4608,105.984,100992,38784,159.16,0,0,0,2.5,0.015707464,24.3,11.6775,22,,,,,0.3225,,Run well,,,108
8/7/2026,2,3,NSYAH,PET,611949,0,BX38-0150-R-R-AM,10701003,4,20,20,1720,27500,3520,3850,6880,6600,132,23650,3850,137.6,0,0,0,4,0.029069767,25.4,12,21.64,,,,,0,,Drooling.L.test.,,,200
8/7/2026,2,4,HABIRAMI,PET,426555,0,BX38-0330-Z-S-CL-HW,10699839,4,29,29,1760,122400,170,170,7040,7140,207.06,95030,27370,204.16,0,0,0,0.5,0.00244906,24.7,12,22.72,,,,,0,,White mark.L.test,,,17
8/7/2026,2,5,hABIRAMI/RAIS,PET,340460,0,BC28-0150-A3-Q-CL,10701395,4,15.05,15.05,880,20300,0,3480,3520,0,0,3480,16820,52.976,0,0,0,8.5,0.160450015,20.18,5.7,20,,,,,6.3,,Under tech.Thickness.start 12.20am.,,,564
8/7/2026,2,6,NA,PET,322409,0,JJ63-0190-E-Q-CL-LW,10701398,4,24,24,0,12960,0,0,0,0,0,0,12960,0,0,15,,0,,24.1,0,20,,,,,12,,Under tech thickness.,,,0
8/7/2026,2,7,RAIS,rPET,620994,0,JJ63-0400-SH-S-CL-rPET,10699057,4,32.74,33,1985,104192,1184,1790,7940,7104,234.432,23102,81090,262.02,0,0,0,2,0.007633005,22,12,22,,,,,0,,Run well,,,60
8/7/2026,2,8,MOGANA/AISHAH/JEGA,rPET,593537,0,BX38-1000-RN-R-CL-rPET 0.2,10700488,4,56.5,56.8,1500,69000,230,0,6000,6325,359.26,64975,4025,340.8,0,0,0,0,0,29,12,28.5,,,,,0,,Run well.L.test,,,0
8/7/2026,2,9,JEGA,KingFa NC050,666344,2,BC28-0056-D-APH-5040-0756-PP,10700883,6,12.3,12.3,1560,162000,6885,0,9360,16200,199.26,129600,32400,115.128,0,0,0,0,0,27.6,11.96,26,,,,,0.04,,Run well.L.test,,,0
8/7/2026,2,10,NA,PET,324638,0,BX38-2000-GH-R-CL (GREEN) (ASEM),10700490,4,77.5,77.5,0,26496,207,0,0,276,21.39,3312,23184,0,0,0,,1,,35.1,0,36,,,,12,0,,Blow vavle proble.Under mntc.,,,12
8/7/2026,2,11,IRSAD,PPSB520Y,552181,5,BC28-0090-D-APH-5180-3538-PP-6 NOTCHES,10700915,6,14.7,14.7,1395,108000,4860,2430,8370,10800,158.76,45630,62370,123.039,0,0,0,1,0.008127504,30.5,11.81875,27,,,,,0.18125,,Lumphy .L.test,,,68
8/7/2026,2,12,AISHAH,PET RECRON,620599,0,BC28-0750-K4-R-CL (55g)  ,10700744,4,55,55,1410,72000,675,2925,5640,3600,198,45225,26775,310.2,0,0,0,7.2,0.023210832,29.5,11.55416667,28,,,,,0.445833333,,Black dot .L.test,,,130
8/7/2026,2,13,IRSAD,KingFa NC050,666344,3,BC28-0056-D-APH-5040-0756-PP,10700431,6,12.3,12.3,270,162000,6480,0,1620,8100,99.63,162000,0,19.926,0,0,0,0,0,28.1,2,26,,,,,0,,C/order.,,,0
8/7/2026,2,13,IRSAD,KingFa NC050,666344,3,BC28-0056-D-APH-5040-0756-PP,10700916,6,12.3,12.3,1330,162000,0,0,7980,8100,99.63,1600,160400,98.154,0,0,0,1.2,0.012225686,28.1,10,26,,,,,0,,Bottle dented L.test problem.,,,97
8/7/2026,2,14,,,123456,0,,,,,,0,0,0,0,,0,0,0,,,,0,,0,,0,0,0,,,,,,12,NO SCHEDULE,,,
8/7/2026,2,15,IRSAD,PPSB520Y,552181,1,BC28-0090-D-APH-5180-3538-PP-6 NOTCHES,10700917,6,14.7,14.7,860,108000,270,0,5160,5400,79.38,81000,27000,75.852,0,0,0,2,0.026367136,28.9,7,27,,,,,0,,Run well.L.test.Stop 12.30am.tech startup.,,,136
8/7/2026,2,15,NA,KingFa NC050,666342,0,BC28-0090-D-APH-5180-3538-PP-PCR,10701780,6,14.7,14.7,0,0,0,0,0,0,0,0,0,0,0,0,,0,,28.9,0,27,,,,,5,,Tech startup.,,,0
8/7/2026,2,16,KAVITHA,KingFa NC050,666343,3,BC28-0170-D-5180-3539-PP,10700918,6,28,28,920,100800,1848,2520,5520,3360,94.08,5880,94920,154.56,0,0,0,6.5,0.042054865,46.92,11.99066667,42,,,,,0.009333333,,Run well.L.test,,,232
8/7/2026,2,17,ASMULAH,SM398,606524,0,C35-R/S-F.TOP D.CHOC W SEAL 2.0 (ASEM),10700880,12,5.86,5.86,1400,170000,18700,0,16800,34000,199.24,34000,136000,98.448,0,0,0,3,0.03047294,29.5,11.47222222,29.04,,,,,0.527777778,,Uncapping & scratches.,,,511
8/7/2026,2,18,,,123456,0,,,,,,0,0,0,0,,0,0,0,,,,0,,0,,0,0,0,,,,,,12,NO SCHEDULE,,,
8/7/2026,2,19,NIKHIL,PET PF CAN,588637,0,PF-JK57-24-82-KEKO,10700330,6,24.6,24.6,1000,144000,0,5250,6000,6000,147.6,0,144000,147.6,0,0,0,0,0,32,8.888888889,26,,,,,3.111111111,,Under tech.Flow mark.Start 9pm,,,0
8/7/2026,2,20,,,123456,0,,,,,,0,0,0,0,,0,0,0,,,,0,,0,,0,0,0,,,,,,12,NO SCHEDULE,,,
8/7/2026,2,21,NIPU,R-HDPE ASTERENE HXM 6007,573943,0,EBK38-2000-K-S-WH-PE(S2012),10700919,1,180,122,1240,20160,315,360,1240,1080,131.76,3240,16920,151.28,71.92,0,0,24,0.158646219,33.4,11.50444444,34,,,,,0.495555556,,Black dot .L.test,,,196
8/7/2026,2,22,NA,HD5403A,453895,0,BS0217-NA 200ML PE BTL (NATURAL),10701869,4,33.5,20.6,0,20000,0,0,0,0,0,0,20000,0,0,0,,0,,25,0,20.7,,,,,12,,Under tech.Change mould.,,,0
8/7/2026,2,23,NA,HD5403A,453811,0,BS0300-NA GBB0300 HDPE BTL (NATURAL),10695560,1,60.3,38,0,21750,0,0,0,0,0,0,21750,0,0,0,,0,,25.5,0,30,,,,,12,,Under tech.Change mould.,,,0
8/7/2026,2,24,NIPU/KAVITHA,SM240,453796,0,AL2012-BK 38MM CAP (BLACK) C/W SEAL ASEM,10701654,15,4,3.5,1550,400000,144000,252000,23250,0,0,144000,256000,81.375,11.625,0,0,36,0.442396313,17.4,7.491666667,20.8,,,,,4.508333333,,Tech adjust flashing short moulding.,,,10285
8/7/2026,2,25,NIPU/KAVITHA,LLDPE 6101+HDPE 6178,665674,0,C32- BOTTOM CAP-RED-KKM,10700434,8,3.801,3.801,1230,360000,66000,60000,9840,9000,34.209,223728,136272,37.40184,0,4.5,0.120314936,4.5,0.120314936,32.9,11.24083333,30,,,,,0.759166667,,Sometime mc stop double clamping.oily mark.shot moulding.,,,1183
8/7/2026,2,26,JALALUDIN,PET CAN,588272,0,JK57-0350-R-CL-KEKO,10699331,2,24,18,4750,91800,1020,935,9500,9180,165.24,64338,27462,171,0,0,0,21.3,0.124561404,7.4,9.9,6.8,,,,,2.1,,Under tech cutting problem.blowing problem cavity #2,,,1183
8/7/2026,2,27,,,123456,0,,,,,,0,0,0,0,,0,0,0,,,,0,,0,,0,0,0,,,,,,12,NO SCHEDULE,,,
8/7/2026,2,28,,,123456,0,,,,,,0,0,0,0,,0,0,0,,,,0,,0,,0,0,0,,,,,,12,NO SCHEDULE,,,
8/7/2026,2,29,NIKHIL,R-HDPE ASTERENE HXM 50100S,611846,0,B54-5000-S-CL-HDPE,10700911,2,453,329,640,4320,24,360,1280,864,284.256,1296,3024,421.12,158.72,0,0,40,0.094984802,62,11.02222222,40.1,,,,,0.977777778,,Black dot 65pcs weigt 16pcs.,,,121
9/7/2026,1,1,GVETHA/ASIAH,PET RECRON,322448,0,BCY28-0500-W-R-CL,10698738,4,40,40,1601,204120,0,486,6404,5670,226.8,121986,82134,256.16,0,0,0,9.8,0.038257339,26.8,11.92,23,,,,,0.08,,white mark.l.test.,,,245
9/7/2026,1,2,WIYAH,PET,442034,0,BC28-0250-Z-S-CL,10699055,4,23,23,1734,139776,4224,1920,6936,9216,211.968,107904,31872,159.528,0,0,0,0.5,0.003134246,24.3,11.7045,22,,,,,0.2955,,Run well.,,3,21
9/7/2026,1,3,DIPAK/KALAMUDIN,PET,611949,0,BX38-0150-R-R-AM,10701003,4,20,20,994,27500,3850,0,3976,7700,154,27500,0,79.52,0,0,0,2.5,0.031438632,25.4,7,21.64,,,,,0,,Drooling.Stop 1pm.c/order.,3,1,125
9/7/2026,1,3,NA,PET,322389,0,BB38-0090-R-R-CL,10701350,4,12.5,12.5,0,49920,0,0,0,7700,96.25,27500,22420,0,0,0,,0,,25.4,0,18.64,4,,,,1,,MTRL LOAD 2.30pm.Under tech.Change mould.,,,0
9/7/2026,1,4,PUNES,PET,426555,0,BX38-0330-Z-S-CL-HW,10699839,4,29,29,1759,122400,170,0,7036,7140,207.06,102000,20400,204.044,0,0,0,1.8,0.008821627,24.7,12,22.72,,,,,0,,Run well.l.test.,,,62
9/7/2026,1,5,PUNES/WIYAH,PET,340460,0,BC28-0150-A3-Q-CL,10701395,4,15.05,15.05,2058,20300,3480,4640,8232,6960,104.748,11600,8700,123.8916,0,0,0,1.7,0.013721673,20.2,11.54766667,20,,,,,0.452333333,,Run well.,,,112
9/7/2026,1,6,NA,PET,322409,0,JJ63-0190-E-Q-CL-LW,10701398,4,24,24,0,15120,0,0,0,0,0,0,15120,0,0,14.6,,0,,22.7,0,20,,,,,12,,Under tech.Thickness & base deform.,10,5,0
9/7/2026,1,7,DIPAK,rPET,620994,0,JJ63-0400-SH-S-CL-rPET,10699057,4,32.74,33,1932,104192,1790,2368,7728,7104,234.432,27232,76960,255.024,0,0,0,1.5,0.005881799,22,11.80666667,22,,,,,0.193333333,,Run well.,,3,45
9/7/2026,1,8,ASIAH,rPET,593537,0,BX38-1000-RN-R-CL-rPET 0.2,10700488,4,56.5,56.8,1022,69000,0,0,4088,4025,228.62,69000,0,232.1984,0,0,0,3.5,0.015073317,29,8.3,28.5,,,,,0,,C/order.,,,61
9/7/2026,1,8,ASIAH,rPET,593537,0,BX38-1000-RN-R-CL-rPET 0.2,10701480,4,56.5,56.8,460,69000,0,115,1840,1725,97.98,1840,67160,104.512,0,0,0,0,0,29,3.7,28.5,,,,,0,,Black dot.L.test.,,,0
9/7/2026,1,9,KALAMUDIN,KingFa NC050,666344,2,BC28-0056-D-APH-5040-0756-PP,10700883,6,12.3,12.3,1575,162000,0,1215,9450,8100,99.63,138915,23085,116.235,0,0,0,1.6,0.013765217,27.6,12,26,,,,,0,,Run well.l.test.,,,130
9/7/2026,1,10,SHAHID,PET,324638,0,BX38-2000-GH-R-CL (GREEN) (ASEM),10700490,4,77.5,77.5,0,26496,0,0,0,0,0,3312,23184,0,0,18.8,,0,,35.1,0,36,,,,12,0,,Under mntc.Blow vavale problem.Restart 7pm.,9,7,0
9/7/2026,1,11,RAM,PPSB520Y,552181,5,BC28-0090-D-APH-5180-3538-PP-6 NOTCHES,10700915,6,14.7,14.7,1434,108000,2430,0,8604,10800,158.76,54000,54000,126.4788,0,0,0,3.5,0.027672622,30,11.95,27,,,,,0.05,,base gate off & lumpy.L.test.,,,238
9/7/2026,1,12,GVETHA,PET RECRON,620599,0,BC28-0750-K4-R-CL (55g)  ,10700744,4,55,55,1428,72000,2925,1350,5712,7200,396,51750,20250,314.16,0,0,0,4.5,0.014323911,29.5,11.70166667,28,,,,,0.298333333,,Black dot.L.test.,,,81
9/7/2026,1,13,RAM,KingFa NC050,666344,3,BC28-0056-D-APH-5040-0756-PP,10700431,6,12.3,12.3,1485,162000,0,810,8910,8100,99.63,17010,144990,109.593,0,0,0,0,0,28.1,11.59125,26,,,,,0.40875,,Bottle dirty.L.test.,,,0
9/7/2026,1,14,ZAM,rPET,666666,0,N310R KEWPIE,SAMPLE,5,22,22,604,0,0,3620,3020,0,0,0,0,66.44,0,18.3,0.275436484,0,0,13.6,2.281777778,32.04,,,,,9.718222222,,Sample.,5,4,0
9/7/2026,1,15,NA,KingFa NC050,666342,0,BC28-0090-D-APH-5180-3538-PP-PCR,10701780,6,14.7,14.7,0,108000,0,0,0,0,0,0,108000,0,0,0,,0,,28.9,0,27,,,,,12,,Under tech.Gate point burr.,3,,0
9/7/2026,1,16,JIWAN/SHESHNATH,KingFa NC050,666343,3,BC28-0170-D-5180-3539-PP,10700918,6,28,28,925,100800,3696,1680,5550,6720,188.16,11760,89040,155.4,0,0,0,23.6,0.151866152,46.9,12,42,,,,,0,,Thickness ouit cav o & flow mark cav R.,,,842
9/7/2026,1,17,JIWAN,SM398,606524,0,C35-R/S-F.TOP D.CHOC W SEAL 2.0 (ASEM),10700880,12,5.86,5.86,1296,170000,0,15300,15552,0,0,493,169507,91.13472,0,0,0,1.5,0.01645915,32.5,11.7,29.04,,,,,0.3,,Uncapping & scratches.,,,255
9/7/2026,1,18,DILIP,LDPE265YZ+HDPE1010J,555555,0,Y20261 KEWPIE CAP,SAMPLE,8,6.5,6.5,250,0,0,2000,2000,0,0,0,0,13,0,16,1.230769231,0,0,36.2,2.513888889,,,,,,9.486111111,,Sample.,5,,0
9/7/2026,1,19,KAIMULLAH,PET PF CAN,588637,0,PF-JK57-24-82-KEKO,10700330,6,24.6,24.6,1321,144000,0,12750,7926,7500,184.5,104250,39750,194.9796,0,0,0,0,0,32.2,11.81561111,26,,,,,0.184388889,,Run well.,,,0
9/7/2026,1,20,,,123456,0,,,,,,0,0,0,0,,0,0,0,,,,0,,0,,0,0,0,,,,,,12,NO SCHEDULE,,,
9/7/2026,1,21,SHESHNATH,R-HDPE ASTERENE HXM 6007,573943,0,EBK38-2000-K-S-WH-PE(S2012),10700919,1,180,122,1237,20160,360,315,1237,1080,131.76,4275,15885,150.914,71.746,0,0,24.6,0.163006746,33.4,11.47661111,35,,,,,0.523388889,,Weight & black dot.L.test.,,,201
9/7/2026,1,22,NA,HD5403A,453895,0,BS0217-NA 200ML PE BTL (NATURAL),10701869,4,33.5,20.6,0,20000,0,0,0,0,0,0,20000,0,0,18.7,,0,,25,0,20.7,,,,,12,,Under tech.Quality flow line.,7,,0
9/7/2026,1,23,NA,HD5403A,453811,0,BS0300-NA GBB0300 HDPE BTL (NATURAL),10695560,1,60.3,38,0,21750,0,0,0,0,0,0,21750,0,0,3.5,,0,,30,0,30,,,,,12,,Under tech.Quality thread big.,,,0
9/7/2026,1,24,JIWAN/SHESHNATH,SM240,453796,0,AL2012-BK 38MM CAP (BLACK) C/W SEAL ASEM,10701654,15,4,3.5,1372,400000,0,180000,20580,0,0,180000,220000,72.03,10.29,0,0,1.6,0.022212967,17.4,6.6,16,,,,,5.4,,Blockage.Flashing & shot moulding.,2,,457
9/7/2026,1,25,NA,LLDPE 6101+HDPE 6178,665674,0,C32-BOTTOM CAP-RED-KKM,10700243,8,3.801,3.801,0,360000,0,0,0,0,0,0,360000,0,0,0,,0,,32.9,0,29,,,,,12,,Under tech.Change mould.,,,0
9/7/2026,1,26,SHAHID,PET CAN,588272,0,JK57-0350-R-CL-KEKO,10699331,2,24,18,1063,91800,935,0,2126,3060,55.08,82620,9180,38.268,0,0,0,0,0,7.4,2.2,6.8,,,,,0,,C/order.,,,0
9/7/2026,1,26,SHAHID,PET CAN,588272,0,JK57-0350-R-CL-KEKO,,2,24,18,3214,91800,0,1700,6428,3060,55.08,4760,87040,115.704,0,0,0,30,0.259282307,7.4,6.6,6.8,,,,,3.2,,Bottle stuck & dented.Base deform.Stop 4pm.Quality issue base deform.,,12,1666
9/7/2026,1,27,,,123456,0,,,,,,0,0,0,0,,0,0,0,,,,0,,0,,0,0,0,,,,,,12,NO SCHEDULE,,,
9/7/2026,1,28,,,123456,0,,,,,,0,0,0,0,,0,0,0,,,,0,,0,,0,0,0,,,,,,12,NO SCHEDULE,,,
9/7/2026,1,29,KAIMULLAH,R-HDPE ASTERENE HXM 50100S,611846,0,B54-5000-S-CL-HDPE,10700911,2,453,329,632,4320,360,216,1264,1296,426.384,2808,1512,415.856,156.736,0,0,36.8,0.08849217,61.6,10.81422222,40.1,,,,,1.185777778,,Weight 50pcs/b.dot 44pcs/dented 18pcs.,,,111
9/7/2026,2,1,KAVITHA,PET RECRON,322448,0,BCY28-0500-W-R-CL,10698738,4,40,40,1560,204120,486,162,6240,6480,259.2,128142,75978,249.6,0,0,0,4.3,0.017227564,26.8,11.62,23,,,,,0.38,,Drooling.L.test.,,,107
9/7/2026,2,2,HABIRAMI,PET,442034,0,BC28-0250-Z-S-CL,10699055,4,23,23,1790,139776,1920,0,7160,9216,211.968,115200,24576,164.68,0,0,0,1,0.006072383,24.3,12,22,,,,,0,,Run well,,,43
9/7/2026,2,3,NA,PET,322389,0,BB38-0090-R-R-CL,10701350,4,12.5,12.5,0,49920,0,0,0,0,0,0,49920,0,0,18.5,,0,,25.4,0,18.64,1.5,,,,10.5,,Under tech hot runner problem.,,,0
9/7/2026,2,4,AISYAH,PET,426555,0,BX38-0330-Z-S-CL-HW,10699839,4,29,29,1700,122400,0,680,6800,6120,177.48,108800,13600,197.2,0,0,0,1,0.005070994,24.7,11.66388889,22.72,,,,,0.336111111,,Run well,,,34
9/7/2026,2,5,AISHAH,PET,340460,0,BC28-0150-A3-Q-CL,10701395,4,15.05,15.05,2165,20300,4640,0,8660,13340,200.767,20300,0,130.333,0,0,0,3,0.023017962,20.18,12,20,,,,,0,,C/order.,,,199
9/7/2026,2,6,NA,PET,322409,0,JJ63-0190-E-Q-CL-LW,10701398,4,24,24,0,12960,0,0,0,0,0,0,12960,0,0,22.3,,0,,24.1,0,20,,,,,12,,Under tech thickness.,,,0
9/7/2026,2,7,JEGA/HABIRAMI,rPET,620994,0,JJ63-0400-SH-S-CL-rPET,10699057,4,32.74,33,1985,104192,2368,3256,7940,7104,234.432,38776,65416,262.02,0,0,0,1.5,0.005724754,22,12,22,,,,,0,,Run well,,,45
9/7/2026,2,8,AISHAH/KAVITHA,rPET,593537,0,BX38-1000-RN-R-CL-rPET 0.2,10701480,4,56.5,56.8,1495,69000,115,345,5980,5750,326.6,7820,61180,339.664,0,0,0,0.5,0.001472043,29,12,28.5,,,,,0,,Run well.L.test,,,8
9/7/2026,2,9,JEGA,KingFa NC050,666344,2,BC28-0056-D-APH-5040-0756-PP,10700883,6,12.3,12.3,1560,162000,1215,2430,9360,8100,99.63,148230,13770,115.128,0,0,0,1.2,0.010423181,27.6,11.96,26,,,,,0.04,,Run well.L.test,,,97
9/7/2026,2,10,NA,PET,324638,0,BX38-2000-GH-R-CL (GREEN) (ASEM),10700490,4,77.5,77.5,105,26496,0,138,420,276,21.39,3588,22908,32.55,0,6,0.184331797,0.5,0.015360983,35.1,1,36,,,,,11,,Blow vavle proble.Under mntc.start 8pm stop 9pm.same problem.,,,6
9/7/2026,2,11,BHOLA,PPSB520Y,552181,5,BC28-0090-D-APH-5180-3538-PP-6 NOTCHES,10700915,6,14.7,14.7,1400,108000,0,2970,8400,5400,79.38,62370,45630,123.48,0,0,0,0.5,0.004049239,30.5,11.86111111,27,,,,,0.138888889,,Run well.L.test,,,34
9/7/2026,2,12,AISHAH,PET RECRON,620599,0,BC28-0750-K4-R-CL (55g)  ,10700744,4,55,55,1462,72000,1350,1800,5848,5400,297,55800,16200,321.64,0,0,0,4.5,0.013990797,29.5,11.98027778,28,,,,,0.019722222,,Base soft .L.test,,,81
9/7/2026,2,13,BHOLA,KingFa NC050,666344,3,BC28-0056-D-APH-5040-0756-PP,10700916,6,12.3,12.3,1485,162000,810,1620,8910,8100,99.63,25920,136080,109.593,0,0,0,0.5,0.004562335,28.1,11.59125,26,,,,,0.40875,,Bottle drop.Leak test problem.,,,40
9/7/2026,2,14,,,123456,0,,,,,,0,0,0,0,,0,0,0,,,,0,,0,,0,0,0,,,,,,12,NO SCHEDULE,,,
9/7/2026,2,15,NA,KingFa NC050,666342,0,BC28-0090-D-APH-5180-3538-PP-PCR,10701780,6,14.7,14.7,0,0,0,0,0,0,0,0,0,0,0,15,,0,,28.9,0,27,,,,,12,,Under tech thickness.out.,,,0
9/7/2026,2,16,JALALUDIN/NIKHIL,KingFa NC050,666343,3,BC28-0170-D-5180-3539-PP,10700918,6,28,28,840,100800,1680,3024,5040,3360,94.08,16464,84336,141.12,0,0,0,22.8,0.161564626,46.92,11,42,,,,,1,,Under tech adjust follow mark.L.test.,,,814
9/7/2026,2,17,NIKHIL,SM398,606524,0,C35-R/S-F.TOP D.CHOC W SEAL 2.0 (ASEM),10700880,12,5.86,5.86,1300,170000,0,28900,15600,0,0,62900,107100,91.416,0,0,0,2,0.021878008,32.5,11.73611111,29.04,,,,,0.263888889,,Uncapping & scratches.,,,341
9/7/2026,2,18,,,123456,0,,,,,,0,0,0,0,,0,0,0,,,,0,,0,,0,0,0,,,,,,12,NO SCHEDULE,,,
9/7/2026,2,19,JALALUDIN/NIKHIL/ASMULAH,PET PF CAN,588637,0,PF-JK57-24-82-KEKO,10700330,6,24.6,24.6,1300,144000,0,0,7800,7500,184.5,112050,31950,191.88,0,0,0,0,0,32.2,11.62777778,26,,,,,0.372222222,,Dirty.,,,0
9/7/2026,2,20,,,123456,0,,,,,,0,0,0,0,,0,0,0,,,,0,,0,,0,0,0,,,,,,12,NO SCHEDULE,,,
9/7/2026,2,21,JALALUDIN,R-HDPE ASTERENE HXM 6007,573943,0,EBK38-2000-K-S-WH-PE(S2012),10700919,1,180,122,1240,20160,315,315,1240,1080,131.76,5355,14805,151.28,71.92,0,0,22,0.145425701,33.4,11.50444444,34,,,,,0.495555556,,Black dot .L.test,,,180
9/7/2026,2,22,ASMULAH,HD5403A,453895,0,BS0217-NA 200ML PE BTL (NATURAL),10701869,4,33.5,20.6,1250,20000,0,1000,5000,4000,82.4,5000,15000,103,64.5,7,0.067961165,2.5,0.024271845,24.4,8.5,20.7,,,,,3.5,,Under tech startup.Start 9.30pm.,,,121
9/7/2026,2,23,NA,HD5403A,453811,0,BS0300-NA GBB0300 HDPE BTL (NATURAL),10695560,1,60.3,38,0,21750,0,0,0,0,0,0,21750,0,0,0,,0,,25.5,0,30,,,,,12,,Under tech.Change mould.,,,0
9/7/2026,2,24,ASMULAH,SM240,453796,0,AL2012-BK 38MM CAP (BLACK) C/W SEAL ASEM,10701654,15,4,3.5,1850,400000,0,0,27750,0,0,0,400000,97.125,13.875,0,0,0,0,17.4,9,20.8,,,,,3,,Tech adjust flashing short moulding.,,,0
9/7/2026,2,25,NA,LLDPE 6101+HDPE 6178,665674,0,C32-BOTTOM CAP-RED-KKM,10700243,8,3.801,3.801,0,360000,0,0,0,0,0,0,360000,0,0,0,,0,,32.9,0,30,,,,,12,,Tech mould change.,,,0
9/7/2026,2,26,NA,PET CAN,588272,0,JK57-0350-R-CL-KEKO,,2,24,18,3350,91800,1700,1020,6700,6120,110.16,11900,79900,120.6,0,0,0,8.5,0.070480929,7.4,7,6.8,,,,,5,,Under tevh Heater problem.Start 10pm. Gate off center bottle stuck mould close error preform stuck. ,,,472
9/7/2026,2,27,,,123456,0,,,,,,0,0,0,0,,0,0,0,,,,0,,0,,0,0,0,,,,,,12,NO SCHEDULE,,,
9/7/2026,2,28,,,123456,0,,,,,,0,0,0,0,,0,0,0,,,,0,,0,,0,0,0,,,,,,12,NO SCHEDULE,,,
9/7/2026,2,29,IRSAD,R-HDPE ASTERENE HXM 50100S,611846,0,B54-5000-S-CL-HDPE,10700911,2,453,329,640,4320,216,524,1280,864,284.256,4006,314,421.12,158.72,0,0,34.2,0.081212006,62,11.02222222,40.1,,,,,0.977777778,,Black dot 89pcs weigt 9pcs.,,,103
10/7/2026,1,1,PUNES,PET RECRON,322448,0,BCY28-0500-W-R-CL,10698738,4,40,40,1593,204120,162,648,6372,5670,226.8,134298,69822,254.88,0,0,0,8.6,0.033741368,26.8,11.86,23,,,,,0.14,,White mark.L.test.,,,215
10/7/2026,1,2,KALAMUDIN,PET,442034,0,BC28-0250-Z-S-CL,10699055,4,23,23,1744,139776,0,2304,6976,4608,105.984,122112,17664,160.448,0,0,0,1.5,0.009348823,24.3,11.772,22,,,,,0.228,,Run well.,,,65
10/7/2026,1,3,NA,PET,322389,0,BB38-0090-R-R-CL,10701350,4,12.5,12.5,0,49920,0,0,0,0,0,0,49920,0,0,3.6,,0,,25.4,0,18.64,,,,,12,,Under tech.Flashing.,13,4,0
10/7/2026,1,4,GVETHA,PET,426555,0,BX38-0330-Z-S-CL-HW,10699839,4,29,29,1717,122400,680,340,6868,7140,207.06,115600,6800,199.172,0,0,0,1.8,0.009037415,24.7,11.78052778,22.72,,,,,0.219472222,,body deform.l.test.,,,62
10/7/2026,1,5,NA,PET,463202,0,BC28-0200-SB-R-CL,10701396,4,23,23,0,40920,0,0,0,0,0,0,40920,0,0,0,,0,,20.2,0,22.92,,,,,12,,Under tech.Thickness.,7,3,0
10/7/2026,1,6,NA,PET,322409,0,JJ63-0190-E-Q-CL-LW,10701398,4,24,24,0,15120,0,0,0,0,0,0,15120,0,0,4.5,,0,,22.7,0,20,,,,,10,,Under tech.Thickness & base deform.,10,5,0
10/7/2026,1,6,NA,PET,324177,0,JJ63-0350-EH-R-CL,10701404,4,34.5,34.5,0,62400,0,0,0,0,0,0,62400,0,0,0,,0,,22.7,0,22,,,2,,0,,Under tech.Change mould.,,1,0
10/7/2026,1,7,KALAMUDIN/SHAHID,rPET,620994,0,JJ63-0400-SH-S-CL-rPET,10699057,4,32.74,33,1930,104192,3256,296,7720,10656,351.648,46472,57720,254.76,0,0,0,0.8,0.00314021,22,11.79444444,22,,,,,0.205555556,,Run well.,,,24
10/7/2026,1,8,PUNES/SUMATHI,rPET,593537,0,BX38-1000-RN-R-CL-rPET 0.2,10701480,4,56.5,56.8,1478,69000,345,460,5912,5750,326.6,13685,55315,335.8016,0,0,0,2.5,0.007444872,29,11.90611111,28.5,,,,,0.093888889,,Run well.L.test.,,,44
10/7/2026,1,9,SHAHID,KingFa NC050,666344,2,BC28-0056-D-APH-5040-0756-PP,10700883,6,12.3,12.3,1575,162000,2430,3645,9450,8100,99.63,157545,4455,116.235,0,0,0,1.6,0.013765217,27.6,12,26,,,,,0,,Run well.L.test.,,,130
10/7/2026,1,10,NA,PET,324638,0,BX38-2000-GH-R-CL (GREEN) (ASEM),10700490,4,77.5,77.5,0,26496,138,138,0,0,0,3726,22770,0,0,7.8,,0,,35.1,0,36,,,,12,0,,Under mntc.Blow vavle problem.,9,10,0
10/7/2026,1,11,DIPAK,PPSB520Y,552181,5,BC28-0090-D-APH-5180-3538-PP-6 NOTCHES,10700915,6,14.7,14.7,1423,108000,2970,540,8538,10800,158.76,70740,37260,125.5086,0,0,0,2.5,0.019918954,30,11.85833333,27,,,,,0.141666667,,Base lumpy.L.test.,,,170
10/7/2026,1,12,SUMATHI,PET RECRON,620599,0,BC28-0750-K4-R-CL (55g)  ,10700744,4,55,55,1432,72000,1800,225,5728,7200,396,61425,10575,315.04,0,0,0,5.6,0.017775521,29.5,11.73444444,28,,,,,0.265555556,,Black dot.L.test.,,,101
10/7/2026,1,13,DIPAK,KingFa NC050,666344,3,BC28-0056-D-APH-5040-0756-PP,10700431,6,12.3,12.3,1506,162000,1620,2430,9036,8100,99.63,34830,127170,111.1428,0,0,0,1.5,0.013496151,28.1,11.75516667,26,,,,,0.244833333,,Run well.L.test.,,,121
10/7/2026,1,14,NA,PET,541381,0,BC28-1200-K-R-CL,1070742,4,55,55,0,84000,0,0,0,0,0,47600,36400,0,0,0,,0,,0,0,30.08,,,,,12,,Under tech.Change mould.,,,0
10/7/2026,1,15,NA,KingFa NC050,666342,0,BC28-0090-D-APH-5180-3538-PP-PCR,10701780,6,14.7,14.7,0,108000,0,0,0,0,0,0,108000,0,0,0.5,,0,,28.9,0,27,,,,,12,,Under tech.Thickness.,,,0
10/7/2026,1,16,JIWAN/RAM,KingFa NC050,666343,3,BC28-0170-D-5180-3539-PP,10700918,6,28,28,703,100800,3024,0,4218,6720,188.16,20160,80640,118.104,0,0,0,14.6,0.12361986,46.9,9.2,42,,,,,2.8,,under tech adjustment.Base flow mark cav R.L.test.,,,521
10/7/2026,1,17,N,SM398,606524,0,C35-R/S-F.TOP D.CHOC W SEAL 2.0 (ASEM),10700880,12,5.86,5.86,1289,170000,28900,10200,15468,34000,199.24,78200,91800,90.64248,0,0,0,1,0.011032355,32.5,11.63680556,29.04,,,,,0.363194444,,Uncapping & scratches.,,,170
10/7/2026,1,18,NITESH,SM840,621407,0,T-0226-BR-HERS-PP,10701401,2,27.8,27.8,280,75040,0,560,560,0,0,560,74480,15.568,0,11.8,0.757965057,0,0,27.4,3.1,17.8,,,,,8.9,,Start 3.45pm.run well.,1,,0
10/7/2026,1,19,JIWAN/RAM,PET PF CAN,588637,0,PF-JK57-24-82-KEKO,10700330,6,24.6,24.6,1334,144000,0,27750,8004,7500,184.5,120050,23950,196.8984,0,0,0,0.1,0.000507876,32.2,11.93188889,26,,,,,0.068111111,,Run well.,,,4
10/7/2026,1,20,,,123456,0,,,,,,0,0,0,0,,0,0,0,,,,0,,0,,0,0,0,,,,,,12,NO SCHEDULE,,,
10/7/2026,1,21,RAM,R-HDPE ASTERENE HXM 6007,573943,0,EBK38-2000-K-S-WH-PE(S2012),10700919,1,180,122,1279,20160,315,0,1279,1440,175.68,6480,13680,156.038,74.182,0,0,18.8,0.120483472,33.4,11.86627778,35,,,,,0.133722222,,Weight & black dot.L.test.,,,154
10/7/2026,1,22,KAIMULLAH,HD5403A,453895,0,BS0217-NA 200ML PE BTL (NATURAL),10701869,4,33.5,20.6,1769,20000,1000,6800,7076,0,0,10800,9200,145.7656,91.2804,0,0,12.6,0.086440148,24.3,11.94075,20.7,,,,,0.05925,,black dot & dust belt.L.test.,14,,611
10/7/2026,1,23,NA,HD5403A,453811,0,BS0300-NA GBB0300 HDPE BTL (NATURAL),10695560,1,60.3,38,0,21750,0,0,0,0,0,17400,4350,0,0,0,,0,,30,0,30,,,,,12,,Under tech.Quality thread big.,,,0
10/7/2026,1,24,KAIMULLAH,SM240,453796,0,AL2012-BK 38MM CAP (BLACK) C/W SEAL ASEM,10701654,15,4,3.5,2348,400000,0,240000,35220,0,0,240000,160000,123.27,17.61,0,0,0.6,0.004867364,17.4,11.3,16,,,,,0.7,,Blockage.Flashing & shot moulding.,1,,171
10/7/2026,1,25,NA,SM398,665673,0,C32- TOP CAP-RED-KKM,10700243,8,2.1,2.1,0,360000,0,0,0,0,0,79500,280500,0,0,1,,0,,32.9,0,29,,,,,12,,Under tech.Discolour.,,,0
10/7/2026,1,26,SHESHNATH,PET CAN,588272,0,JK57-0350-R-CL-KEKO,10702212,2,24,18,3233,91800,1020,510,6466,6120,110.16,15810,75990,116.388,0,0,0,15.4,0.132316046,7.4,6.6,6.8,,,,,1.9,3.5,Stop 9pm-12.30pm.hc go immigration.bottle stuck & preform stuck.,,11,855
10/7/2026,1,27,,,123456,0,,,,,,0,0,0,0,,0,0,0,,,,0,,0,,0,0,0,,,,,,12,NO SCHEDULE,,,
10/7/2026,1,28,,,123456,0,,,,,,0,0,0,0,,0,0,0,,,,0,,0,,0,0,0,,,,,,12,NO SCHEDULE,,,
10/7/2026,1,29,JIWAN,R-HDPE ASTERENE HXM 50100S,611846,0,B54-5000-S-CL-HDPE,10700911,2,453,329,170,4320,524,0,340,864,284.256,4320,0,111.86,42.16,0,0,0,0,61.6,2.9,40.1,,,,,0,,C/order.,,,0
10/7/2026,1,29,JIWAN,R-HDPE ASTERENE HXM 50100S,611846,0,B54-5000-S-CL-HDPE,10700912,2,453,329,450,4320,0,744,900,0,0,744,3576,296.1,111.6,0,0,51.3,0.17325228,61.6,7.7,40.1,,,,,1.4,,Black dot 110pcs/weight 38/dented 8pcs.,,,155
10/7/2026,2,1,MOGANA,PET RECRON,322448,0,BCY28-0500-W-R-CL,10698738,4,40,40,1620,204120,648,648,6480,6480,259.2,140778,63342,259.2,0,0,0,6.2,0.023919753,26.8,12,23,,,,,0,,Drooling.L.test.,,,155
10/7/2026,2,2,AISHAH,PET,442034,0,BC28-0250-Z-S-CL,10699055,4,23,23,1730,139776,2304,0,6920,9216,211.968,129024,10752,159.16,0,0,0,1,0.006282986,24.3,11.6775,22,,,,,0.3225,,Run well,,,43
10/7/2026,2,3,NA,PET,322389,0,BB38-0090-R-R-CL,10701350,4,12.5,12.5,0,49920,0,0,0,0,0,0,49920,0,0,0,,0,,25.4,0,18.64,,,,,12,,Under tech.Flashing.,,,0
10/7/2026,2,4,JEGA/SUZITA,PET,426555,0,BX38-0330-Z-S-CL-HW,10699839,4,29,29,1700,122400,340,0,6800,7140,207.06,122400,0,197.2,0,0,0,0.5,0.002535497,24.7,11.66388889,22.72,,,,,0.336111111,,C/order.run,,,17
10/7/2026,2,5,NA,PET,463202,0,BC28-0200-SB-R-CL,10701396,4,23,23,0,40920,0,0,0,0,0,0,40920,0,0,10.3,,0,,20.18,0,22.92,,,,,12,,Under tech.Thickness.,,,0
10/7/2026,2,6,NA,PET,324177,0,JJ63-0350-EH-R-CL,10701404,4,34.5,34.5,0,62400,0,0,0,0,0,0,62400,0,0,9.5,,0,,22.7,0,22,,,,,12,,Under tech lip flashing wvay base.,,,0
10/7/2026,2,7,JEGA/HABIRAMI/AISHAH,rPET,620994,0,JJ63-0400-SH-S-CL-rPET,10699057,4,32.74,33,1985,104192,296,1184,7940,7104,234.432,54464,49728,262.02,0,0,0,1.5,0.005724754,22,12,22,,,,,0,,Run well,,,45
10/7/2026,2,8,VICKY/MOGANA,rPET,593537,0,BX38-1000-RN-R-CL-rPET 0.2,10701480,4,56.5,56.8,1495,69000,460,115,5980,6325,359.26,19780,49220,339.664,0,0,0,0.5,0.001472043,29,12,28.5,,,,,0,,Run well.L.test,,,8
10/7/2026,2,9,HABIRAMI,KingFa NC050,666344,2,BC28-0056-D-APH-5040-0756-PP,10701602,6,12.3,12.3,875,162000,0,5265,5250,0,0,5265,156735,64.575,0,0,0,1.5,0.023228804,27.6,6.5,26,,,,,0,,Run well.L.test,,,121
10/7/2026,2,9,HABIRAMI,KingFa NC050,666344,2,BC28-0056-D-APH-5040-0756-PP,10700883,6,12.3,12.3,730,162000,3645,0,4380,8100,99.63,162000,0,53.874,0,0,0,0,0,27.6,5.5,26,,,,,0,,C/order.,,,0
10/7/2026,2,10,NA,PET,324638,0,BX38-2000-GH-R-CL (GREEN) (ASEM),10700490,4,77.5,77.5,0,26496,138,0,0,0,0,3588,22908,0,0,0,,0,,35.1,0,36,,,,12,0,,Under mntc.Blow vavle problem.,,,0
10/7/2026,2,11,BHOLA,PPSB520Y,552181,5,BC28-0090-D-APH-5180-3538-PP-6 NOTCHES,10700915,6,14.7,14.7,1400,108000,540,3510,8400,5400,79.38,79110,28890,123.48,0,0,0,2,0.016196955,30.5,11.86111111,27,,,,,0.138888889,,Run well.L.test,,,136
10/7/2026,2,12,VICKY,PET RECRON,620599,0,BC28-0750-K4-R-CL (55g)  ,10700744,4,55,55,1420,72000,225,450,5680,5400,297,67050,4950,312.4,0,0,0,7,0.02240717,29.5,11.63611111,28,,,,,0.363888889,,Base soft .L.test,,,127
10/7/2026,2,13,BHOLA,KingFa NC050,666344,3,BC28-0056-D-APH-5040-0756-PP,10700916,6,12.3,12.3,1480,162000,2430,2935,8880,8100,99.63,43435,118565,109.224,0,0,0,0.5,0.004577748,28.1,11.55222222,26,,,,,0.447777778,,Bottle drop.Leak test problem.,,,40
10/7/2026,2,14,NA,PET,541381,0,BC28-1200-K-R-CL,1070742,4,55,55,0,84000,0,0,0,0,0,47600,36400,0,0,0,,0,,27,0,30.08,,,,,12,,Under tech.Change mould.,,,0
10/7/2026,2,15,NA,KingFa NC050,666342,0,BC28-0090-D-APH-5180-3538-PP-PCR,10701780,6,14.7,14.7,0,108000,0,0,0,0,0,0,108000,0,0,0,,0,,28.9,0,27,,,,,12,,Under tech thickness.,,,0
10/7/2026,2,16,BINOD/JALALUDIN,KingFa NC050,666343,3,BC28-0170-D-5180-3539-PP,10700918,6,28,28,180,100800,0,672,1080,0,0,20832,79968,30.24,0,0,0,5.5,0.181878307,46.92,2.3,42,,,,9.7,0,,Mntc tech chiller problem.stop 9.20pm.,,,196
10/7/2026,2,17,NIPU,SM398,606524,0,C35-R/S-F.TOP D.CHOC W SEAL 2.0 (ASEM),10700880,12,5.86,5.86,1180,170000,10200,25500,14160,0,0,93500,76500,82.9776,0,0,0,6.5,0.078334394,32.5,10.7,29.04,,,,,1.3,,Uncapping & scratches.blockage.,,,1109
10/7/2026,2,18,NIPU,SM840,621407,0,T-0226-BR-HERS-PP,10701401,2,27.8,27.8,1540,75040,560,280,3080,3360,93.408,3640,71400,85.624,0,0,0,0.5,0.005839484,27.4,11.72111111,17.8,,,,,0.278888889,,Run well.,,,17
10/7/2026,2,19,IRSAD,PET PF CAN,588637,0,PF-JK57-24-82-KEKO,10700330,6,24.6,24.6,1320,144000,27750,30000,7920,7500,184.5,127970,16030,194.832,0,0,0,0,0,32.2,11.80666667,26,,,,,0.193333333,,Dirty.,,,0
10/7/2026,2,20,,,123456,0,,,,,,0,0,0,0,,0,0,0,,,,0,,0,,0,0,0,,,,,,12,NO SCHEDULE,,,
10/7/2026,2,21,JALALUDIN,R-HDPE ASTERENE HXM 6007,573943,0,EBK38-2000-K-S-WH-PE(S2012),10700919,1,180,122,1240,20160,0,24,1240,1080,131.76,7584,12576,151.28,71.92,0,0,12,0.079323109,33.4,11.50444444,34,,,,,0.495555556,,Black dot .L.test,,,98
10/7/2026,2,22,BINOD,HD5403A,453895,0,BS0217-NA 200ML PE BTL (NATURAL),10701869,4,33.5,20.6,1780,20000,6800,6000,7120,8000,164.8,18000,2000,146.672,91.848,0,0,4.8,0.032726083,24.4,12,20.7,,,,,0,,Black dot .L.test,,,233
10/7/2026,2,23,NA,HD5403A,453811,0,BS0300-NA GBB0300 HDPE BTL (NATURAL),10695560,1,60.3,38,0,21750,0,0,0,0,0,0,21750,0,0,0,,0,,25.5,0,30,,,,,12,,Under tech.Quality thread big.,,,0
10/7/2026,2,24,NIKHIL,SM240,453796,0,AL2012-BK 38MM CAP (BLACK) C/W SEAL ASEM,10701654,15,4,3.5,1280,400000,240000,260000,19200,0,0,240000,160000,67.2,9.6,0,0,0,0,17.4,6.2,20.8,,,,,5.8,,Tech adjust flashing short moulding blockage.,,,0
10/7/2026,2,25,NA,SM398,665673,0,C32- TOP CAP-RED-KKM,10700243,8,2.1,2.1,0,360000,0,0,0,0,0,0,360000,0,0,0,,0,,32.9,0,20,,,,,12,,Under tech.Discolour.,,,0
10/7/2026,2,26,RAIS,PET CAN,588272,0,JK57-0350-R-CL-KEKO,10702212,2,24,18,4750,91800,510,0,9500,9180,165.24,24480,67320,171,0,0,0,3,0.01754386,7.4,10,6.8,,,,,2,,Mould close error.Preform stuck bottle stuck dented bottle.,,,166
10/7/2026,2,27,,,123456,0,,,,,,0,0,0,0,,0,0,0,,,,0,,0,,0,0,0,,,,,,12,NO SCHEDULE,,,
10/7/2026,2,28,,,123456,0,,,,,,0,0,0,0,,0,0,0,,,,0,,0,,0,0,0,,,,,,12,NO SCHEDULE,,,
10/7/2026,2,29,IRSAD,R-HDPE ASTERENE HXM 50100S,611846,0,B54-5000-S-CL-HDPE,10700912,2,453,329,300,4320,744,360,600,864,284.256,1224,3096,197.4,74.4,0,0,120,0.607902736,62,5.2,40.1,,,,,6.8,,Black dot 60pcs weight 300pcs.Under tech stop 2am quality issue tech adjust weight problem.,,,364
11/7/2026,1,1,ASIAH,PET RECRON,322448,0,BCY28-0500-W-R-CL,10698738,4,40,40,1613,204120,648,324,6452,6480,259.2,146934,57186,258.08,0,0,0,11.6,0.044947303,26.8,12,23,,,,,0,,White mark.L.test.,,,290
11/7/2026,1,2,PUNES/DIPAK,PET,442034,0,BC28-0250-Z-S-CL,10699055,4,23,23,1755,139776,0,2304,7020,4608,105.984,135936,3840,161.46,0,0,0,2.5,0.015483711,24.3,11.84625,22,,,,,0.15375,,Drooling.,,,108
11/7/2026,1,3,NA,PET,322389,0,BB38-0090-R-R-CL,10701350,4,12.5,12.5,0,49920,0,0,0,0,0,0,49920,0,0,0,,0,,25.4,0,18.64,,,,,11,1,Under tech.Flashing.,,,0
11/7/2026,1,4,PUNES,PET,426555,0,BX38-0330-Z-S-CL-HW,10701773,4,29,29,1655,19800,0,2640,6620,3960,114.84,6600,13200,191.98,0,0,0,0.5,0.002604438,24.7,11.35513889,22.72,,,,,0.644861111,,Run well.L.test.,,,17
11/7/2026,1,5,NA,PET,463202,0,BC28-0200-SB-R-CL,10701396,4,23,23,0,40920,0,0,0,0,0,0,40920,0,0,12.8,,0,,20.2,0,22.92,,,,,11,1,Under tech.Thickness.,,,0
11/7/2026,1,6,NA,PET,324177,0,JJ63-0350-EH-R-CL,10701404,4,34.5,34.5,0,62400,0,0,0,0,0,0,62400,0,0,10,,0,,23.1,0,22,,,,,9.35,,Under tech.Lip flashing.,,,0
11/7/2026,1,6,NA,PET,322442,0,JJ63-0400-EH-R-CL,10701868,4,34.04,34.5,195,23400,0,780,780,0,0,780,22620,26.91,0,4.6,0.170940171,0,0,23.1,1.25,17.44,,,1.4,,0,,Start 3.45pm.run well.,,,0
11/7/2026,1,7,DIPAK,rPET,620994,0,JJ63-0400-SH-S-CL-rPET,10699057,4,32.74,33,1935,104192,1184,1776,7740,7104,234.432,62160,42032,255.42,0,0,0,1.5,0.00587268,22,11.825,22,,,,,0.175,,Run well.,,,45
11/7/2026,1,8,ASIAH/WIYAH/GVETHA,rPET,593537,0,BX38-1000-RN-R-CL-rPET 0.2,10701480,4,56.5,56.8,1478,69000,115,230,5912,5750,326.6,24955,44045,335.8016,0,0,0,2.6,0.007742667,29,11.90611111,28.5,,,,,0.093888889,,Run well.L.test.,,,45
11/7/2026,1,9,GVETHA,KingFa NC050,666344,2,BC28-0056-D-APH-5040-0756-PP,10701602,6,12.3,12.3,1564,162000,5265,6480,9384,8100,99.63,144180,17820,115.4232,0,0,0,0.8,0.006931016,27.6,11.99066667,26,,,,,0.009333333,,Run well.L.test.,,,65
11/7/2026,1,10,NA,PET,324638,0,BX38-2000-GH-R-CL (GREEN) (ASEM),10700490,4,77.5,77.5,343,26496,138,69,1372,1380,106.95,5037,21459,106.33,0,4.5,0.042321076,0,0,35.1,3.34425,36,,,,7.7,0.95575,,Restart 12.45pm.Gate off center.,,,0
11/7/2026,1,11,RAM,PPSB520Y,552181,5,BC28-0090-D-APH-5180-3538-PP-6 NOTCHES,10700915,6,14.7,14.7,1403,108000,3510,1080,8418,10800,158.76,87480,20520,123.7446,0,0,0,0.7,0.005656812,30,11.69166667,27,,,,,0.308333333,,Base lumpy.L.test.,,,47
11/7/2026,1,12,WIYAH,PET RECRON,620599,0,BC28-0750-K4-R-CL (55g)  ,10700744,4,55,55,1254,72000,450,0,5016,5400,297,72000,0,275.88,0,0,0,3.5,0.012686675,29.5,10.2,28,,,,,0,,C/order.,,,63
11/7/2026,1,12,WIYAH,PET RECRON,620599,0,BC28-0750-K4-R-CL (55g)  ,10701606,4,55,55,57,72000,0,225,228,0,0,225,71775,12.54,0,0,0,0,0,29.5,0.5,28,,,,,1.3,,Black dot.L.test.,,,0
11/7/2026,1,13,RAM,KingFa NC050,666344,3,BC28-0056-D-APH-5040-0756-PP,10700431,6,12.3,12.3,1506,162000,28.5,3645,9036,8100,99.63,52245,109755,111.1428,0,0,0,1.5,0.013496151,28.1,11.75516667,26,,,,,0.244833333,,Dirty.L.test.,,,121
11/7/2026,1,14,NA,PET,541381,0,BC28-1200-K-R-CL,1070742,4,55,55,0,84000,0,0,0,0,0,0,84000,0,0,0,,0,,0,0,30.08,,,,,12,,Under tech.Change mould.,,,0
11/7/2026,1,15,NA,KingFa NC050,666342,0,BC28-0090-D-APH-5180-3538-PP-PCR,10701780,6,14.7,14.7,0,108000,0,0,0,0,0,0,108000,0,0,12.8,,0,,28.9,0,27,,,,,12,,Under tech.Thickness.,,,0
11/7/2026,1,16,KALAMUDIN/NITESH,KingFa NC050,666343,3,BC28-0170-D-5180-3539-PP,10700918,6,28,28,0,100800,672,672,0,0,0,24192,76608,0,0,10.6,,0,,46.9,0,42,,,,,12,,Block water leaking.Under tech.Thickness.,,,0
11/7/2026,1,17,KAIMULLAH,SM398,606524,0,C35-R/S-F.TOP D.CHOC W SEAL 2.0 (ASEM),10700880,12,5.86,5.86,1183,170000,25500,5100,14196,34000,199.24,107100,62900,83.18856,0,0,0,3.5,0.042073093,32.5,10.67986111,29.04,,,,,1.320138889,,Mc stop sometimes.part stuck.Uncapping & scratches.,,,597
11/7/2026,1,18,JIWAN/KAIMULLAH,SM840,621407,0,T-0226-BR-HERS-PP,10701401,2,27.8,27.8,1572,75040,280,35,3144,3360,93.408,6755,68285,87.4032,0,0,0,0.8,0.009152983,27.4,11.96466667,17.8,,,,,0.035333333,,Run well.,,,28
11/7/2026,1,19,JIWAN,PET PF CAN,588637,0,PF-JK57-24-82-KEKO,10700330,6,24.6,24.6,1299,144000,30000,33000,7794,7500,184.5,119700,24300,191.7324,0,0,0,0.35,0.001825461,32.2,11.61883333,26,,,,,0.381166667,,Run well.,,,14
11/7/2026,1,20,,,123456,0,,,,,,0,0,0,0,,0,0,0,,,,0,,0,,0,0,0,,,,,,12,NO SCHEDULE,,,
11/7/2026,1,21,KALAMUDIN,R-HDPE ASTERENE HXM 6007,573943,0,EBK38-2000-K-S-WH-PE(S2012),10700919,1,180,122,1264,20160,24,90,1264,1080,131.76,8730,11430,154.208,73.312,0,0,14.5,0.094028844,33.4,11.72711111,35,,,,,0.272888889,,Weight & black dot.L.test.,,,118
11/7/2026,1,22,JIWAN,HD5403A,453895,0,BS0217-NA 200ML PE BTL (NATURAL),10701869,4,33.5,20.6,577,20000,6000,4000,2308,4000,82.4,20000,0,47.5448,29.7732,0,0,6.5,0.136713163,24.3,3.89475,20.7,,,,,8.10525,,Black dot.L.test.Stop 10am.c/order.,,,315
11/7/2026,1,23,NA,HD5403A,453811,0,BS0300-NA GBB0300 HDPE BTL (NATURAL),10695560,1,60.3,38,0,21750,2610,2610,0,0,0,20010,1740,0,0,0,,0,,30,0,30,,,,,12,,Under tech.Quality thread big.,,,0
11/7/2026,1,24,SHESHNATH,SM240,453796,0,AL2012-BK 38MM CAP (BLACK) C/W SEAL ASEM,10701654,15,4,3.5,2081,400000,0,268000,31215,0,0,268000,132000,109.2525,15.6075,0,0,0.5,0.004576554,17.4,10,16,,,,,2,,Blockage.Flashing & shot moulding.,,,142
11/7/2026,1,24,SHESHNATH,SM240,453796,0,AL2012-BK 38MM CAP (BLACK) C/W SEAL ASEM,10701654,15,4,3.5,0,0,0,32000,0,0,0,0,0,0,0,0,,0,,0,0,16,,,,,0,,Assy output.,,,0
11/7/2026,1,25,JIWAN,SM398,665673,0,C32- TOP CAP-RED-KKM,10700243,7,2.1,2.1,858,360000,0,0,6006,6000,12.6,85500,274500,12.6126,0,5.6,0.444000444,0,0,19.1,4.552166667,29,,,,,7.447833333,,Starrt 12pm.Shot moulding.,,,0
11/7/2026,1,26,SHAHID,PET CAN,588272,0,JK57-0350-R-CL-KEKO,10702212,2,24,18,3335,91800,0,2210,6670,3060,55.08,15810,75990,120.06,0,0,0,25.2,0.209895052,7.4,7.9,6.8,,,,,4.1,,Bottle & preform stuck.gate off center & dented.,,,1400
11/7/2026,1,27,,,123456,0,,,,,,0,0,0,0,,0,0,0,,,,0,,0,,0,0,0,,,,,,12,NO SCHEDULE,,,
11/7/2026,1,28,,,123456,0,,,,,,0,0,0,0,,0,0,0,,,,0,,0,,0,0,0,,,,,,12,NO SCHEDULE,,,
11/7/2026,1,29,NITESH,R-HDPE ASTERENE HXM 50100S,611846,0,B54-5000-S-CL-HDPE,10700912,2,453,329,503,4320,360,408,1006,864,284.256,2136,2184,330.974,124.744,0,0,30.92,0.093421236,61.6,8.606888889,40.1,,,,,3.393111111,,Weight 66pcs/b.dot 28pcs.,,,93
11/7/2026,2,1,HABIRAMI,PET RECRON,322448,0,BCY28-0500-W-R-CL,10698738,4,40,40,1580,204120,324,162,6320,6480,259.2,153252,50868,252.8,0,0,0,5.4,0.021360759,26.8,11.76,23,,,,,0.24,,White mark.L.test.,,,135
11/7/2026,2,2,MOGANA,PET,442034,0,BC28-0250-Z-S-CL,10699055,4,23,23,980,139776,2304,0,3920,6144,141.312,139776,0,90.16,0,0,0,4,0.044365572,24.3,6.6,22,,,,,0,,C/order.,,,173
11/7/2026,2,2,MOGANA,PET,442034,0,BC28-0250-Z-S-CL,10699056,4,23,23,510,139776,0,1920,2040,0,0,1920,137856,46.92,0,0,0,0,0,24.3,3.4,22,,,,,2,,Sometime blockage.,,,0
11/7/2026,2,3,,,123456,0,,,,,,0,0,0,0,,0,0,0,,,,0,,0,,0,0,0,,,,,,12,NO SCHEDULE,,,
11/7/2026,2,4,,,123456,0,,,,,,0,0,0,0,,0,0,0,,,,0,,0,,0,0,0,,,,,,12,NO SCHEDULE,,,
11/7/2026,2,5,,,123456,0,,,,,,0,0,0,0,,0,0,0,,,,0,,0,,0,0,0,,,,,,12,NO SCHEDULE,,,
11/7/2026,2,6,KALAI,PET,322442,0,JJ63-0400-EH-R-CL,10701868,4,34.04,34.5,1835,23400,780,8112,7340,0,0,8112,15288,253.23,0,0,0,0,0,23.1,11.77458333,17.44,,,,,0.225416667,,Wvay.,,,0
11/7/2026,2,7,BINOD/MOGANA,rPET,620994,0,JJ63-0400-SH-S-CL-rPET,10699057,4,32.74,33,1985,104192,1776,2664,7940,7104,234.432,70152,34040,262.02,0,0,0,0.5,0.001908251,22,12,22,,,,,0,,Drooling.,,,15
11/7/2026,2,8,KALAI/HABIRAMI,rPET,593537,0,BX38-1000-RN-R-CL-rPET 0.2,10701480,4,56.5,56.8,1500,69000,230,0,6000,6325,359.26,31625,37375,340.8,0,0,0,1,0.002934272,29,12,28.5,,,,,0,,Run well.L.test.,,,17
11/7/2026,2,9,BINOD,KingFa NC050,666344,2,BC28-0056-D-APH-5040-0756-PP,10701602,6,12.3,12.3,1580,162000,6480,0,9480,16200,199.26,24300,137700,116.604,0,0,0,0.5,0.004288018,27.6,12,26,,,,,0,,Runw well.L.test.,,,40
11/7/2026,2,10,,,123456,0,,,,,,0,0,0,0,,0,0,0,,,,0,,0,,0,0,0,,,,,,12,NO SCHEDULE,,,
11/7/2026,2,11,IRSAD,PPSB520Y,552181,5,BC28-0090-D-APH-5180-3538-PP-6 NOTCHES,10700915,6,14.7,14.7,1430,108000,1080,4320,8580,5400,79.38,96120,11880,126.126,0,0,0,0.5,0.00396429,30.5,12,27,,,,,0,,Run well.L.test.,,,34
11/7/2026,2,12,,,123456,0,,,,,,0,0,0,0,,0,0,0,,,,0,,0,,0,0,0,,,,,,12,NO SCHEDULE,,,
11/7/2026,2,13,IRSAD,KingFa NC050,666344,3,BC28-0056-D-APH-5040-0756-PP,10700916,6,12.3,12.3,1552,162000,3645,4860,9312,8100,99.63,53460,108540,114.5376,0,0,0,1,0.008730757,28.1,12,26,,,,,0,,Run well.L.test.,,,81
11/7/2026,2,14,,,123456,0,,,,,,0,0,0,0,,0,0,0,,,,0,,0,,0,0,0,,,,,,12,NO SCHEDULE,,,
11/7/2026,2,15,NA,KingFa NC050,666342,0,BC28-0090-D-APH-5180-3538-PP-PCR,10701780,6,14.7,14.7,0,108000,0,0,0,0,0,0,108000,0,0,0,,0,,28.9,0,27,,,,,12,,Under tech thickness.,,,0
11/7/2026,2,16,NA,KingFa NC050,666343,3,BC28-0170-D-5180-3539-PP,10700918,6,28,28,0,100800,672,672,0,0,0,0,100800,0,0,8,,0,,46.92,0,42,,,,,12,,Block water leaking.Under tech.Thickness.,,,0
11/7/2026,2,17,NIKHIL,SM398,606524,0,C35-R/S-F.TOP D.CHOC W SEAL 2.0 (ASEM),10700880,12,5.86,5.86,1410,170000,5100,20400,16920,0,0,122400,47600,99.1512,0,0,0,3,0.03025682,30.5,11.94583333,29.04,,,,,0.054166667,,Mc stop sometimes.part stuck.Uncapping & scratches.,,,511
11/7/2026,2,18,NIKHIL/NIPU,SM840,621407,0,T-0226-BR-HERS-PP,10701401,2,27.8,27.8,1592,75040,35,980,3184,2240,62.272,9940,65100,88.5152,0,0,0,0.5,0.005648747,27.4,12,17.8,,,,,0,,Run well.,,,17
11/7/2026,2,19,NIKHIL/NIPU,PET PF CAN,588637,0,PF-JK57-24-82-KEKO,10700330,6,24.6,24.6,1320,144000,33000,42000,7920,7500,184.5,127200,16800,194.832,0,0,0,0.5,0.002566314,32.2,11.80666667,26,,,,,0.193333333,,Dirty.,,,20
11/7/2026,2,20,,,123456,0,,,,,,0,0,0,0,,0,0,0,,,,0,,0,,0,0,0,,,,,,12,NO SCHEDULE,,,
11/7/2026,2,21,NIPU,R-HDPE ASTERENE HXM 6007,573943,0,EBK38-2000-K-S-WH-PE(S2012),10700919,1,180,122,1280,20160,90,0,1280,1440,175.68,10080,10080,156.16,74.24,0,0,16,0.102459016,33.4,11.87555556,34,,,,,0.124444444,,Black dot.L.test.,,,131
11/7/2026,2,22,,,123456,0,,,,,,0,0,0,0,,0,0,0,,,,0,,0,,0,0,0,,,,,,12,NO SCHEDULE,,,
11/7/2026,2,23,NA,HD5403A,453811,0,BS0300-NA GBB0300 HDPE BTL (NATURAL),10695560,1,60.3,38,0,21750,0,0,0,0,0,0,21750,0,0,0,,0,,25.5,0,30,,3.5,,,2.8,5.7,Under tech mould change.morring shift material no stand by.,,,0
11/7/2026,2,24,JALALUDIN,SM240,453796,0,AL2012-BK 38MM CAP (BLACK) C/W SEAL ASEM,10701654,15,4,3.5,1650,400000,268000,88000,24750,0,0,328000,72000,86.625,12.375,0,0,0,0,17.4,8,20.8,,,,,4,,Under tech sometime blockage.,,,0
11/7/2026,2,25,JALALUDIN,SM398,665673,0,C32- TOP CAP-RED-KKM,10700243,7,2.1,2.1,2120,360000,0,21000,14840,0,0,21000,339000,31.164,0,0,0,0.5,0.016044154,19.1,11.24777778,29,,,,,0.752222222,,Shot moulding oliy mark.,,,238
11/7/2026,2,26,,,123456,0,,,,,,0,0,0,0,,0,0,0,,,,0,,0,,0,0,0,,,,,,12,NO SCHEDULE,,,
11/7/2026,2,27,,,123456,0,,,,,,0,0,0,0,,0,0,0,,,,0,,0,,0,0,0,,,,,,12,NO SCHEDULE,,,
11/7/2026,2,28,,,123456,0,,,,,,0,0,0,0,,0,0,0,,,,0,,0,,0,0,0,,,,,,12,NO SCHEDULE,,,
11/7/2026,2,29,,,123456,0,,,,,,0,0,0,0,,0,0,0,,,,0,,0,,0,0,0,,,,,,12,NO SCHEDULE,,,
12/7/2026,1,1,THURGA,PET RECRON,322448,0,BCY28-0500-W-R-CL,10698738,4,40,40,1580,204120,162,648,6320,5670,226.8,159408,44712,252.8,0,0,0,6.5,0.025712025,26.8,11.76,23,,,,,0.24,,White mark.L.test.,,1,162
12/7/2026,1,2,SHAHID,PET,442034,0,BC28-0250-Z-S-CL,10699056,4,23,23,1671,139776,1920,3840,6684,4608,105.984,8448,131328,153.732,0,0,0,3.6,0.023417376,24.3,11.3,22,,,,,0.7,,White mark.Hr #2 temprature down.,,7,156
12/7/2026,1,3,,,123456,0,,,,,,0,0,0,0,,0,0,0,,,,0,,0,,0,0,0,,,,,,12,NO SCHEDULE,,,
12/7/2026,1,4,,,123456,0,,,,,,0,0,0,0,,0,0,0,,,,0,,0,,0,0,0,,,,,,12,NO SCHEDULE,,,
12/7/2026,1,5,,,123456,0,,,,,,0,0,0,0,,0,0,0,,,,0,,0,,0,0,0,,,,,,12,NO SCHEDULE,,,
12/7/2026,1,6,THURGA/KALAMUDIN,PET,322442,0,JJ63-0400-EH-R-CL,10701868,4,34.04,34.5,1475,23400,8112,1404,5900,12480,430.56,13884,9516,203.55,0,0,0,4.5,0.02210759,23.1,9.3,17.44,,,,,2.7,,Mc stop sometimes.Cycle alarm.Neck deform.,18,25,130
12/7/2026,1,7,SHAHID/SUMATHI,rPET,620994,0,JJ63-0400-SH-S-CL-rPET,10699057,4,32.74,33,1936,104192,2664,3256,7744,7104,234.432,41592,62600,255.552,0,0,0,1.5,0.005869647,22,11.83111111,22,,,,,0.168888889,,Run well.,,,45
12/7/2026,1,8,KALAMUDIN,rPET,593537,0,BX38-1000-RN-R-CL-rPET 0.2,10701480,4,56.5,56.8,1479,69000,0,115,5916,5750,326.6,37490,31510,336.0288,0,0,0,2.6,0.007737432,29,11.91416667,28.5,,,,,0.085833333,,Run well.L.test.,,,45
12/7/2026,1,9,SUMATHI,KingFa NC050,666344,2,BC28-0056-D-APH-5040-0756-PP,10701602,6,12.3,12.3,1565,162000,0,1215,9390,8100,99.63,33615,128385,115.497,0,0,0,0.8,0.006926587,27.4,11.91138889,26,,,,,0.088611111,,Run well.L.test.,,,65
12/7/2026,1,10,,,123456,0,,,,,,0,0,0,0,,0,0,0,,,,0,,0,,0,0,0,,,,,,12,NO SCHEDULE,,,
12/7/2026,1,11,DIPAK,PPSB520Y,552181,5,BC28-0090-D-APH-5180-3538-PP-6 NOTCHES,10700915,6,14.7,14.7,1423,108000,4320,1890,8538,10800,158.76,104490,3510,125.5086,0,0,0,2.5,0.019918954,29.8,11.77927778,27,,,,,0.220722222,,Base lumpy.L.test.,,,170
12/7/2026,1,12,,,123456,0,,,,,,0,0,0,0,,0,0,0,,,,0,,0,,0,0,0,,,,,,12,NO SCHEDULE,,,
12/7/2026,1,13,DIPAK,KingFa NC050,666344,3,BC28-0056-D-APH-5040-0756-PP,10700916,6,12.3,12.3,1506,162000,4860,5670,9036,8100,99.63,62370,99630,111.1428,0,0,0,1.5,0.013496151,28.1,11.75516667,26,,,,,0.244833333,,Dirty.l.test.,,1,121
12/7/2026,1,14,,,123456,0,,,,,,0,0,0,0,,0,0,0,,,,0,,0,,0,0,0,,,,,,12,NO SCHEDULE,,,
12/7/2026,1,15,NA,KingFa NC050,666342,0,BC28-0090-D-APH-5180-3538-PP-PCR,10701780,6,14.7,14.7,0,108000,0,0,0,0,0,0,108000,0,0,6.5,,0,,28.9,0,27,,,,,12,,Under tech.Thickness.,5,2,0
12/7/2026,1,16,NA,KingFa NC050,666343,3,BC28-0170-D-5180-3539-PP,10700918,6,28,28,28,100800,672,840,168,0,0,24360,76440,4.704,0,7.8,1.658163265,0,0,45.6,0.5,42,,,,,11.5,,Under tech.Thickness.Restart 5.30pm.L.test.,13,30,0
12/7/2026,1,17,SHESHNATH,SM398,606524,0,C35-R/S-F.TOP D.CHOC W SEAL 2.0 (ASEM),10700880,12,5.86,5.86,1429,170000,20400,3400,17148,34000,199.24,139400,30600,100.48728,0,0,0,0.8,0.007961207,30,11.90833333,29.04,,,,,0.091666667,,Uncapping & scratches.Stop 7pm.,,,136
12/7/2026,1,18,RAM/SHESHNATH,SM840,621407,0,T-0226-BR-HERS-PP,10701401,2,27.8,27.8,1549,75040,980,700,3098,3360,93.408,13020,62020,86.1244,0,0,0,0.5,0.005805556,27.4,11.78961111,17.8,,,,,0.210388889,,Run well.,,,17
12/7/2026,1,19,KAIMULLAH,PET PF CAN,588637,0,PF-JK57-24-82-KEKO,10700330,6,24.6,24.6,1370,144000,42000,48000,8220,7500,184.5,134700,9300,202.212,0,0,0,0.45,0.002225387,32.2,12,26,,,,,0,,Run well.,,18,18
12/7/2026,1,20,,,123456,0,,,,,,0,0,0,0,,0,0,0,,,,0,,0,,0,0,0,,,,,,12,NO SCHEDULE,,,
12/7/2026,1,21,RAM,R-HDPE ASTERENE HXM 6007,573943,0,EBK38-2000-K-S-WH-PE(S2012),10700919,1,180,122,1317,20160,0,135,1317,1080,131.76,11295,8865,160.674,76.386,0,0,12.5,0.077797279,33.4,12,35,,,,,0,,Black dot.L.test.,16,,102
12/7/2026,1,22,NA,HD5403A,453895,0,BS0217-NA 200ML PE BTL (NATURAL),10701869,4,33.5,20.6,0,20000,0,0,0,4000,82.4,0,20000,0,0,0,,0,,24.3,0,20.7,,,,,12,,Inward.,,,0
12/7/2026,1,23,NA,MARLEX6007,617192,0,EBK38-2017-K-S-BEIGE-HDPE,10700920,1,139.8,103,0,20328,0,0,0,0,0,0,20328,0,0,21.6,,0,,30,0,33,,,,,12,,Under tech.Thickness.Start 6.45pm.,8,,0
12/7/2026,1,24,KAIMULLAH,SM240,453796,0,AL2012-BK 38MM CAP (BLACK) C/W SEAL ASEM,10701654,15,4,3.5,2268,400000,0,328000,34020,0,0,328000,72000,119.07,17.01,0,0,0.6,0.005039053,17.4,11.5,16,,,,,0.5,,Stop 5.30pm.,2,,171
12/7/2026,1,24,KAIMULLAH,SM240,453796,0,AL2012-BK 38MM CAP (BLACK) C/W SEAL ASEM,10700491,15,4,3.5,0,400000,0,0,0,80000,280,320000,80000,0,0,0,,0,,20.8,0,20.8,,,,,0,,Assy output.,,,0
12/7/2026,1,25,RAM/SHESHNATH,SM398,665673,0,C32- TOP CAP-RED-KKM,10700243,7,2.1,2.1,2214,360000,0,15000,15498,15000,31.5,115750,244250,32.5458,0,0,0,0.1,0.003072593,19.1,11.7465,29,,,,,0.2535,,Gate point sharp & discolour.,,,47
12/7/2026,1,26,,,123456,0,,,,,,0,0,0,0,,0,0,0,,,,0,,0,,0,0,0,,,,,,12,NO SCHEDULE,,,
12/7/2026,1,27,,,123456,0,,,,,,0,0,0,0,,0,0,0,,,,0,,0,,0,0,0,,,,,,12,NO SCHEDULE,,,
12/7/2026,1,28,,,123456,0,,,,,,0,0,0,0,,0,0,0,,,,0,,0,,0,0,0,,,,,,12,NO SCHEDULE,,,
12/7/2026,1,29,,,123456,0,,,,,,0,0,0,0,,0,0,0,,,,0,,0,,0,0,0,,,,,,12,NO SCHEDULE,,,
12/7/2026,2,1,SUZITA,PET RECRON,322448,0,BCY28-0500-W-R-CL,10698738,4,40,40,1620,204120,648,648,6480,6480,259.2,165888,38232,259.2,0,0,0,6.3,0.024305556,26.8,12,23,,,,,0,,White mark.L.test.,,,157
12/7/2026,2,2,JALALUDIN,PET,442034,0,BC28-0250-Z-S-CL,10699056,4,23,23,1345,139776,3840,4608,5380,4608,105.984,23040,116736,123.74,0,0,0,5,0.040407306,24.3,9,22,,,,,3,,Sometime blockage.,,,217
12/7/2026,2,3,,,123456,0,,,,,,0,0,0,0,,0,0,0,,,,0,,0,,0,0,0,,,,,,12,NO SCHEDULE,,,
12/7/2026,2,4,,,123456,0,,,,,,0,0,0,0,,0,0,0,,,,0,,0,,0,0,0,,,,,,12,NO SCHEDULE,,,
12/7/2026,2,5,,,123456,0,,,,,,0,0,0,0,,0,0,0,,,,0,,0,,0,0,0,,,,,,12,NO SCHEDULE,,,
12/7/2026,2,6,BINOD,PET,322442,0,JJ63-0400-EH-R-CL,10701868,4,34.04,34.5,1760,23400,1404,468,7040,7800,269.1,20748,2652,242.88,0,0,0,2.2,0.009057971,23.1,11.29333333,17.44,,,,,0.706666667,,Wvay.,,,63
12/7/2026,2,7,RAIS/JALALUDIN,rPET,620994,0,JJ63-0400-SH-S-CL-rPET,10699057,4,32.74,33,1985,104192,3256,592,7940,10656,351.648,85840,18352,262.02,0,0,0,1.8,0.006869705,22,12,22,,,,,0,,Drooling.,,,54
12/7/2026,2,8,BINOD/SUZITA,rPET,593537,0,BX38-1000-RN-R-CL-rPET 0.2,10701480,4,56.5,56.8,1505,69000,115,0,6020,6325,359.26,43700,25300,341.936,0,0,0,1,0.002924524,29,12,28.5,,,,,0,,Run well.L.test.,,,17
12/7/2026,2,9,RAIS,KingFa NC050,666344,2,BC28-0056-D-APH-5040-0756-PP,10701602,6,12.3,12.3,1552,162000,1215,2430,9312,8100,99.63,42930,119070,114.5376,0,0,0,2.6,0.022699969,27.4,11.81244444,26,,,,,0.187555556,,Runw well.L.test.,,,211
12/7/2026,2,10,,,123456,0,,,,,,0,0,0,0,,0,0,0,,,,0,,0,,0,0,0,,,,,,12,NO SCHEDULE,,,
12/7/2026,2,11,BHOLA,PPSB520Y,552181,5,BC28-0090-D-APH-5180-3538-PP-6 NOTCHES,10700915,6,14.7,14.7,565,108000,1890,0,3390,5400,79.38,108000,0,49.833,0,0,0,0,0,29.8,4.55,27,,,,,0,,Run well.L.test.,,,0
12/7/2026,2,11,BHOLA,PPSB520Y,552181,5,BC28-0090-D-APH-5180-3538-PP-6 NOTCHES,10701604,6,14.7,14.7,900,108000,0,5400,5400,0,0,5400,102600,79.38,0,0,0,0.4,0.005039053,29.8,7.45,27,,,,,0,,Run well.L.test.,,,27
12/7/2026,2,12,,,123456,0,,,,,,0,0,0,0,,0,0,0,,,,0,,0,,0,0,0,,,,,,12,NO SCHEDULE,,,
12/7/2026,2,13,BHOLA,KingFa NC050,666344,3,BC28-0056-D-APH-5040-0756-PP,10700916,6,12.3,12.3,1552,162000,5670,6885,9312,8100,99.63,79785,82215,114.5376,0,0,0,1,0.008730757,28.1,12,26,,,,,0,,Run well.L.test.,,,81
12/7/2026,2,14,,,123456,0,,,,,,0,0,0,0,,0,0,0,,,,0,,0,,0,0,0,,,,,,12,NO SCHEDULE,,,
12/7/2026,2,15,NA,KingFa NC050,666342,0,BC28-0090-D-APH-5180-3538-PP-PCR,10701780,6,14.7,14.7,0,108000,0,0,0,0,0,0,108000,0,0,0,,0,,28.9,0,27,,,,,12,,Under tech thickness.,,,0
12/7/2026,2,16,NIPU,KingFa NC050,666343,3,BC28-0170-D-5180-3539-PP,10700918,6,28,28,900,100800,840,2856,5400,3360,94.08,26376,74424,151.2,0,0,0,1.5,0.009920635,45.6,11.4,42,,,,,0.6,,Run well.L.test.,,,53
12/7/2026,2,17,,,123456,0,,,,,,0,0,0,0,,0,0,0,,,,0,,0,,0,0,0,,,,,,12,NO SCHEDULE,,,
12/7/2026,2,18,ASMULAH/NIPU,SM840,621407,0,T-0226-BR-HERS-PP,10701401,2,27.8,27.8,1550,75040,700,420,3100,3360,93.408,16100,58940,86.18,0,0,0,0.5,0.00580181,27.4,11.79722222,17.8,,,,,0.202777778,,Run well.,,,17
12/7/2026,2,19,ASMULAH/NIPU,PET PF CAN,588637,0,PF-JK57-24-82-KEKO,10700330,6,24.6,24.6,1320,144000,48000,57750,7920,7500,184.5,142200,1800,194.832,0,0,0,0.5,0.002566314,32.2,11.80666667,26,,,,,0.193333333,,Dirty.,,,20
12/7/2026,2,20,,,123456,0,,,,,,0,0,0,0,,0,0,0,,,,0,,0,,0,0,0,,,,,,12,NO SCHEDULE,,,
12/7/2026,2,21,ASMULAH,R-HDPE ASTERENE HXM 6007,573943,0,EBK38-2000-K-S-WH-PE(S2012),10700919,1,180,122,1230,20160,135,180,1230,1080,131.76,12420,7740,150.06,71.34,0,0,22,0.146608023,33.4,11.41166667,34,,,,,0.588333333,,Black dot.L.test.Weight problem.,,,180
12/7/2026,2,22,NA,HD5403A,453895,0,BS0217-NA 200ML PE BTL (NATURAL),TOPUP,4,33.5,20.6,0,20000,0,0,0,17,0.3502,0,20000,0,0,0,,0,,24.3,0,20.7,,,,,12,,Topup.,,,0
12/7/2026,2,23,IRSAD,MARLEX6007,617192,0,EBK38-2017-K-S-BEIGE-HDPE,10700920,1,139.8,103,1140,20328,0,121,1140,968,99.704,968,19360,117.42,41.952,10,0.085164367,14,0.119230114,33,11.25,33,,,,,0.75,,Start 6.45pm.black dot.L.test.,,,135
12/7/2026,2,24,,,123456,0,,,,,,0,0,0,0,,0,0,0,,,,0,,0,,0,0,0,,,,,,12,NO SCHEDULE,,,
12/7/2026,2,25,IRSAD,SM398,665673,0,C32- TOP CAP-RED-KKM,10700243,7,2.1,2.1,2210,360000,15000,48000,15470,0,0,131220,228780,32.487,0,0,0,0.5,0.015390772,19.1,11.72527778,29,,,,,0.274722222,,Shot moulding oliy mark.,,,238
12/7/2026,2,26,,,123456,0,,,,,,0,0,0,0,,0,0,0,,,,0,,0,,0,0,0,,,,,,12,NO SCHEDULE,,,
12/7/2026,2,27,,,123456,0,,,,,,0,0,0,0,,0,0,0,,,,0,,0,,0,0,0,,,,,,12,NO SCHEDULE,,,
12/7/2026,2,28,,,123456,0,,,,,,0,0,0,0,,0,0,0,,,,0,,0,,0,0,0,,,,,,12,NO SCHEDULE,,,
12/7/2026,2,29,,,123456,0,,,,,,0,0,0,0,,0,0,0,,,,0,,0,,0,0,0,,,,,,12,NO SCHEDULE,,,
13/7/2026,1,1,WIYAH,PET RECRON,322448,0,BCY28-0500-W-R-CL,10698738,4,40,40,1580,204120,648,324,6320,6480,259.2,172044,32076,252.8,0,0,0,6.5,0.025712025,26.8,12,23,,,,,0,,White mark.L.test.,,,162
13/7/2026,1,2,ZAM,PET,442034,0,BC28-0250-Z-S-CL,10699056,4,23,23,1106,139776,4608,4224,4424,4608,105.984,18048,121728,101.752,0,0,0,4.6,0.045207957,24.3,7.5,22,,,,,4.5,,Mc stop sometimes cycle alarm.,,9,200
13/7/2026,1,3,NA,PET,322389,0,BB38-0090-R-R-CL,10701350,4,12.5,12.5,0,49920,0,0,0,0,0,0,49920,0,0,0,,0,,18,0,18.64,,,,,10,2,Under tech..White mark & discolour.,6,8,0
13/7/2026,1,4,SUMATHI,PET,426555,0,BX38-0330-Z-S-CL-HW,10701773,4,29,29,1342,19800,2640,0,5368,7920,229.68,11880,7920,155.672,0,2,0.012847526,0.5,0.003211881,24.7,9.207611111,22.72,,,,,2.792388889,,Run well.L.test.,4,2,17
13/7/2026,1,5,SUMATHI/SHAHID,PET,463202,0,BC28-0200-SB-R-CL,10701396,4,23,23,1089,40920,0,4185,4356,0,0,4185,36735,100.188,0,3,0.029943706,0.8,0.007984988,23.9,8.5,22.92,,,,,3.5,,Start 10.30am.gate off center.,3,3,34
13/7/2026,1,6,WIYAH/GVETHA,PET,322442,0,JJ63-0400-EH-R-CL,10701868,4,34.04,34.5,671,23400,468,0,2684,3120,107.64,23400,0,92.598,0,0,0,1,0.010799369,23.1,4.3,17.44,,,,,1,,Stop 10.15am.C/order.,4,5,28
13/7/2026,1,6,WIYAH/GVETHA,rPET,620994,0,JJ63-0400-SH-S-CL-rPET,10699057,4,32.74,33,797,104192,0,2960,3188,0,0,91760,12432,105.204,0,7.5,0.071290065,0,0,23.8,5.2,22,,,1.5,,0,,Start 12.45pm.Run well.,,,0
13/7/2026,1,7,ZAM/PUNES,rPET,620994,0,JJ63-0400-SH-S-CL-rPET,10699057,4,32.74,33,746,104192,592,0,2984,3552,117.216,88800,15392,98.472,0,0,0,0.7,0.00710862,22,4.6,22,,,,,0.1,,Stop 10.40am.Change mould to A 10,,,21
13/7/2026,1,7,ZAM/RAM,PET,324177,0,JJ63-0350-EH-R-CL,10701404,4,34.5,34.5,660,62400,0,156,2640,2340,80.73,2496,59904,91.08,0,5,0.054896794,0,0,22,4,22,,,1.5,,1.8,,Start 2pm.run well.,4,5,0
13/7/2026,1,8,PUNES/WIYAH/GVETHA,rPET,593537,0,BX38-1000-RN-R-CL-rPET 0.2,10701480,4,56.5,56.8,1458,69000,0,0,5832,5750,326.6,49450,19550,331.2576,0,0,0,4.6,0.013886474,29,11.745,28.5,,,,,0.255,,Black dot.L.test.,,3,80
13/7/2026,1,9,PUNES,KingFa NC050,666344,2,BC28-0056-D-APH-5040-0756-PP,10701602,6,12.3,12.3,1574,162000,2430,3645,9444,8100,99.63,52245,109755,116.1612,0,0,0,1.5,0.01291309,27.4,11.97988889,26,,,,,0.020111111,,Run well.L.test.,,,121
13/7/2026,1,10,SHAHID,PET,324638,0,BX38-2000-GH-R-CL (GREEN) (ASEM),10700490,4,77.5,77.5,835,26496,69,207,3340,3036,235.29,8211,18285,258.85,0,10,0.038632413,2.6,0.010044427,35.6,8.257222222,16,,,,,3.742777778,,Base deform & bulging.,5,7,33
13/7/2026,1,11,RAM,PPSB520Y,552181,5,BC28-0090-D-APH-5180-3538-PP-6 NOTCHES,10701604,6,14.7,14.7,1434,108000,5400,2970,8604,10800,158.76,13770,94230,126.4788,0,0,0,3.5,0.027672622,29.8,11.87033333,27,,,,,0.129666667,,Shining mark.L.test.,2,,238
13/7/2026,1,12,GVETHA,PET RECRON,620599,0,BC28-0750-K4-R-CL (55g)  ,10701606,4,55,55,935,72000,225,225,3740,3600,198,3825,68175,205.7,0,5,0.024307244,2.6,0.012639767,29.5,7.661805556,28,,,,,4.338194444,,Assy output.,5,4,47
13/7/2026,1,13,RAM,KingFa NC050,666344,3,BC28-0056-D-APH-5040-0756-PP,10700916,6,12.3,12.3,1496,162000,6885,7695,8976,8100,99.63,88695,73305,110.4048,0,0,0,0.8,0.007246062,28.1,11.67711111,26,,,,,0.322888889,,Run well.L.test.,,,65
13/7/2026,1,14,NA,PET,541381,0,BC28-1200-K-R-CL,10700742,4,55,55,0,84000,0,0,0,0,0,47600,36400,0,0,21.6,,0,,30.1,0,30.08,,,,,12,,Under tech.Install auto leak test.,3,16,0
13/7/2026,1,15,NA,KingFa NC050,666342,0,BC28-0090-D-APH-5180-3538-PP-PCR,10701780,6,14.7,14.7,0,108000,0,0,0,0,0,0,108000,0,0,16.6,,0,,28.9,0,27,,,,,12,,Under tech.Thickness.,,,0
13/7/2026,1,16,KALAMUDIN/SHESHNATH,KingFa NC050,666343,3,BC28-0170-D-5180-3539-PP,10700918,6,28,28,917,100800,2856,1512,5502,6720,188.16,31752,69048,154.056,0,0,0,3.5,0.022719011,45.6,11.61533333,42,,,,,0.384666667,,Run well.L.test.,,,125
13/7/2026,1,17,JIWAN,SM398,606524,0,C35-R/S-F.TOP D.CHOC W SEAL 2.0 (ASEM),10700880,12,5.86,5.86,1148,170000,3400,17000,13776,0,0,153000,17000,80.72736,0,1,0.012387374,0,0,30.5,9.726111111,29.04,,,,,2.273888889,,Uncapping & scratches.,,,0
13/7/2026,1,18,JIWAN/KAIMULLAH,SM840,621407,0,T-0226-BR-HERS-PP,10701401,2,27.8,27.8,1549,75040,420,140,3098,3360,93.408,19180,55860,86.1244,0,0,0,0.5,0.005805556,27.4,11.78961111,17.8,,,,,0.210388889,,Run well.,,,17
13/7/2026,1,19,NITESH,PET PF CAN,588637,0,PF-JK57-24-82-KEKO,10700330,6,24.6,24.6,300,144000,57750,0,1800,1500,36.9,144000,0,44.28,0,0,0,0.2,0.004516712,32.2,2.7,26,,,,,0,,C/order.,,,8
13/7/2026,1,19,NITESH,PET PF CAN,588637,0,PF-JK57-24-82-KEKO,10702295,6,24.6,24.6,1031,144000,0,64500,6186,6000,147.6,6180,137820,152.1756,0,0,0,0.2,0.001314271,32.2,9.3,26,,,,,0,,Run well.,,3,8
13/7/2026,1,20,,,123456,0,,,,,,0,0,0,0,,0,0,0,,,,0,,0,,0,0,0,,,,,,12,NO SCHEDULE,,,
13/7/2026,1,21,KALAMUDIN,R-HDPE ASTERENE HXM 6007,573943,0,EBK38-2000-K-S-WH-PE(S2012),10700919,1,180,122,1280,20160,180,315,1280,1080,131.76,13635,6525,156.16,74.24,0,0,7.8,0.04994877,33.4,11.87555556,35,,,,,0.124444444,,Black dot.L.test.,,,63
13/7/2026,1,22,NA,MARLEX6007,618592,0,E22-0150-R-GY-HDPE ,10701479,4,26,15,0,43200,0,0,0,0,0,0,43200,0,0,0,,0,,24.3,0,25,,,,,12,,Under tech.Change mould.,,,0
13/7/2026,1,23,KAIMULLAH,MARLEX6007,617192,0,EBK38-2017-K-S-BEIGE-HDPE,10700920,1,139.8,103,1120,20328,121,440,1120,484,49.852,1892,18436,115.36,41.216,0,0,32.6,0.28259362,33,10.26666667,33,,,,,1.733333333,,Black dot.L.test.,,,316
13/7/2026,1,24,NITESH,SM240,453796,0,AL2012-BK 38MM CAP (BLACK) C/W SEAL ASEM,10701654,15,4,3.5,1867,400000,328000,356000,28005,0,0,356000,44000,98.0175,14.0025,0,0,0.6,0.006121356,18.4,9.5,20.8,,,,,2.5,,Blockage sometimes.,,,171
13/7/2026,1,24,NITESH,SM240,453796,0,AL2012-BK 38MM CAP (BLACK) C/W SEAL ASEM,10700491,16,4,3.5,0,400000,0,32000,0,0,0,0,400000,0,0,0,,0,,20.8,0,20.8,,,,,0,,Assy output.,,,0
13/7/2026,1,25,KALAMUDIN/KAIMULLAH,LLDPE 6101+HDPE 6178,665674,0,C32-BOTTOM CAP-RED-KKM,10700243,7,3.801,3.801,2235,360000,48000,15000,15645,15000,57.015,146720,213280,59.466645,0,0,0,0.5,0.008408075,19.1,11.85791667,29,,,,,0.142083333,,Discolour.,,,131
13/7/2026,1,26,DIPAK,PET CAN,588272,0,JK57-0350-R-CL-KEKO,10702212,2,24,18,606,91800,2210,0,1212,3060,55.08,18360,73440,21.816,0,0,0,6.5,0.297946461,7.4,1.245666667,6.8,,,,,10.75433333,,Stop 10am.packer do repacking j190EH LW,,,361
13/7/2026,1,27,,,123456,0,,,,,,0,0,0,0,,0,0,0,,,,0,,0,,0,0,0,,,,,,12,NO SCHEDULE,,,
13/7/2026,1,28,,,123456,0,,,,,,0,0,0,0,,0,0,0,,,,0,,0,,0,0,0,,,,,,12,NO SCHEDULE,,,
13/7/2026,1,29,SHESHNATH,R-HDPE ASTERENE HXM 50100S,611846,0,B54-5000-S-CL-HDPE,10700912,2,453,329,392,4320,408,168,784,864,284.256,2760,1560,257.936,97.216,0,0,52.64,0.204081633,91.6,9.974222222,40.1,,,,,2.025777778,,Weight 60pcs/b0dot 100pcs,,,160
13/7/2026,2,1,RAIS,PET RECRON,322448,0,BCY28-0500-W-R-CL,10698738,4,40,40,1580,204120,324,162,6320,6480,259.2,178362,25758,252.8,0,0,0,6.2,0.024525316,26.8,12,23,,,,,0,,White mark.L.test.,,,155
13/7/2026,2,2,HABIRAMI,PET,442034,0,BC28-0250-Z-S-CL,10699056,4,23,23,1730,139776,4224,1920,6920,9216,211.968,24960,114816,159.16,0,0,0,1.5,0.009424479,24.3,11.6775,22,,,,,0.3225,,Run well.L.test.,,,65
13/7/2026,2,3,BHOLA,PET,322389,0,BB38-0090-R-R-CL,10701350,4,12.5,12.5,990,49920,0,3900,3960,0,0,3900,46020,49.5,0,12,0.242424242,0.6,0.012121212,22.6,6.8,18.64,,,,,5.2,,Under tech.White mark & discolour.start11.10pm ,,,48
13/7/2026,2,4,KAVITHA,PET,426555,0,BX38-0330-Z-S-CL-HW,10701773,4,29,29,1735,19800,0,2970,6940,3960,114.84,18810,990,201.26,0,0,0,1,0.004968697,24.7,11.90402778,22.72,,,,,0.095972222,,Run well.L.test.,,,34
13/7/2026,2,5,KAVITHA/BINOD/HABIRAMI,PET,463202,0,BC28-0200-SB-R-CL,10701396,4,23,23,1760,40920,4185,0,7040,11160,256.68,11160,29760,161.92,0,0,0,2,0.012351779,23.9,11.68444444,22.92,,,,,0.315555556,,Line mark.,,,86
13/7/2026,2,6,RAIS/MOGANA,rPET,620994,0,JJ63-0400-SH-S-CL-rPET,10699057,4,32.74,33,1630,104192,2960,2072,6520,7104,234.432,97976,6216,215.16,0,0,0,7.3,0.033928239,23.77,11,22,,,,,1,,Drooling.,,,221
13/7/2026,2,7,AISYAH,PET,324177,0,JJ63-0350-EH-R-CL,10701404,4,34.5,34.5,1950,62400,156,156,7800,7800,269.1,10296,52104,269.1,0,0,0,5.2,0.019323671,22,11.91666667,22,,,,,0.083333333,,Drooling.L.test.,,,150
13/7/2026,2,8,AISHAH,rPET,593537,0,BX38-1000-RN-R-CL-rPET 0.2,10701480,4,56.5,56.8,1466,69000,0,115,5864,5750,326.6,55315,13685,333.0752,0,0,0,4,0.0120093,29,11.80944444,28.5,,,,,0.190555556,,Run well.L.test.,,,70
13/7/2026,2,9,AISHAH/AISYAH,KingFa NC050,666344,2,BC28-0056-D-APH-5040-0756-PP,10701602,6,12.3,12.3,1560,162000,3645,4860,9360,8100,99.63,61560,100440,115.128,0,0,0,0.5,0.004342992,27.4,11.87333333,26,,,,,0.126666667,,Run well.L.test.,,,40
13/7/2026,2,10,BINOD,PET,324638,0,BX38-2000-GH-R-CL (GREEN) (ASEM),10700490,4,77.5,77.5,1060,26496,207,69,4240,4416,342.24,12489,14007,328.6,0,0,0,12.5,0.03804017,35.6,10.5,16,,,,,1.5,,Under tech quality issue height problem.,,,161
13/7/2026,2,11,BHOLA,PPSB520Y,552181,5,BC28-0090-D-APH-5180-3538-PP-6 NOTCHES,10701604,6,14.7,14.7,1440,108000,2970,810,8640,10800,158.76,22410,85590,127.008,0,0,0,4,0.031494079,29.8,11.92,27,,,,,0.08,,Run well.L.test.,,,272
13/7/2026,2,12,MOGANA,PET RECRON,620599,0,BC28-0750-K4-R-CL (55g)  ,10701606,4,55,55,1480,72000,225,1125,5920,5400,297,10125,61875,325.6,0,0,0,5.5,0.016891892,29.5,12,28,,,,,0,,Black dot.L.test.,,,100
13/7/2026,2,13,BHOLA,KingFa NC050,666344,3,BC28-0056-D-APH-5040-0756-PP,10700916,6,12.3,12.3,1552,162000,7695,810,9312,16200,199.26,98010,63990,114.5376,0,0,0,1,0.008730757,28.1,12,26,,,,,0,,Run well.L.test.,,,81
13/7/2026,2,14,NA,PET,541381,0,BC28-1200-K-R-CL,10700742,4,55,55,0,84000,0,0,0,0,0,0,84000,0,0,10.5,,0,,30.1,0,30.08,,,,,12,,Under tech.Install auto leak test.,,,0
13/7/2026,2,15,NA,KingFa NC050,666342,0,BC28-0090-D-APH-5180-3538-PP-PCR,10701780,6,14.7,14.7,0,108000,0,0,0,0,0,0,108000,0,0,10.8,,0,,28.9,0,27,,,,,12,,Under tech.Thickness.,,,0
13/7/2026,2,16,IRSAD,KingFa NC050,666343,3,BC28-0170-D-5180-3539-PP,10700918,6,28,28,900,100800,1512,168,5400,6720,188.16,40488,60312,151.2,0,0,0,0.5,0.003306878,45.6,11.4,42,,,,,0.6,,Run well.L.test.,,,17
13/7/2026,2,17,IRSAD,SM398,606524,0,C35-R/S-F.TOP D.CHOC W SEAL 2.0 (ASEM),10700880,12,5.86,5.86,1400,170000,17000,32300,16800,0,0,168300,1700,98.448,0,0,0,2,0.020315293,30.5,11.86111111,29.04,,,,,0.138888889,,Uncapping & scratches.,,,341
13/7/2026,2,18,ASMULAH/NIPU,SM840,621407,0,T-0226-BR-HERS-PP,10701401,2,27.8,27.8,1590,75040,140,0,3180,3360,93.408,22400,52640,88.404,0,0,0,0.5,0.005655853,27.4,12,17.8,,,,,0,,Drooling.,,,17
13/7/2026,2,19,HAS,PET PF CAN,588637,0,PF-JK57-24-82-KEKO,10702295,6,24.6,24.6,1325,144000,64500,73500,7950,7500,184.5,14130,129870,195.57,0,0,0,0.5,0.002556629,32.2,11.85138889,26,,,,,0.148611111,,Dirty.,,,20
13/7/2026,2,20,,,123456,0,,,,,,0,0,0,0,,0,0,0,,,,0,,0,,0,0,0,,,,,,12,NO SCHEDULE,,,
13/7/2026,2,21,NIPU,R-HDPE ASTERENE HXM 6007,573943,0,EBK38-2000-K-S-WH-PE(S2012),10700919,1,180,122,1280,20160,315,135,1280,1440,175.68,14895,5265,156.16,74.24,0,0,6,0.038422131,33.4,11.87555556,35,,,,,0.124444444,,Black dot.L.test.,,,49
13/7/2026,2,22,NA,MARLEX6007,618592,0,E22-0150-R-GY-HDPE ,10701479,4,26,15,0,43200,0,0,0,0,0,0,43200,0,0,29,,0,,24.3,0,25,,,,,12,,Under tech quality issue thickness.,,,0
13/7/2026,2,23,ASMULAH,MARLEX6007,617192,0,EBK38-2017-K-S-BEIGE-HDPE,10700920,1,139.8,103,1270,20328,440,0,1270,1452,149.556,2904,17424,130.81,46.736,0,0,24,0.183472212,33,11.64166667,33,,,,,0.358333333,,Black dot.L.test.,,,233
13/7/2026,2,24,NIKHIL,SM240,453796,0,AL2012-BK 38MM CAP (BLACK) C/W SEAL ASEM,10701654,15,4,3.5,2226,400000,356000,184000,33390,0,0,0,400000,116.865,16.695,0,0,0,0,18.4,11.37733333,20.8,,,,,0.622666667,,Blockage sometimes.,,,0
13/7/2026,2,25,ASMULAH/NIPU,LLDPE 6101+HDPE 6178,665674,0,C32-BOTTOM CAP-RED-KKM,10700243,7,3.801,3.801,2200,360000,15000,30000,15400,15000,57.015,162120,197880,58.5354,0,0,0,0,0,19.1,11.67222222,29,,,,,0.327777778,,Oily mark.,,,0
13/7/2026,2,26,NA,PET CAN,588272,0,JK57-0350-R-CL-KEKO,10702212,2,24,18,0,91800,0,0,0,0,0,0,91800,0,0,0,,0,,7.4,0,6.8,,,,,12,,Stop 10am.packer do repacking j190EH LW,,,0
13/7/2026,2,27,,,123456,0,,,,,,0,0,0,0,,0,0,0,,,,0,,0,,0,0,0,,,,,,12,NO SCHEDULE,,,
13/7/2026,2,28,,,123456,0,,,,,,0,0,0,0,,0,0,0,,,,0,,0,,0,0,0,,,,,,12,NO SCHEDULE,,,
13/7/2026,2,29,HAS,R-HDPE ASTERENE HXM 50100S,611846,0,B54-5000-S-CL-HDPE,10700912,2,453,329,540,4320,168,288,1080,864,284.256,3744,576,355.32,133.92,0,0,29,0.081616571,61.9,9.3,40.1,,,,,2.7,,Under tech materal stuck sometime.Black dot 12pcs weight65pcs.,,,88
14/7/2026,1,1,WIYAH/SUMATHI,PET RECRON,322448,0,BCY28-0500-W-R-CL,10698738,4,40,40,1629,204120,162,0,6516,6480,259.2,184680,19440,260.64,0,0,0,7.8,0.029926335,26.8,12,23,,,,,0,,White mark.L.test.,,,195
14/7/2026,1,2,PUNES,PET,442034,0,BC28-0250-Z-S-CL,10699056,4,23,23,1777,139776,1920,4224,7108,4608,105.984,31872,107904,163.484,0,0,0,4.5,0.027525629,24.3,11.99475,22,,,,,0.00525,,Base soft.,,,195
14/7/2026,1,3,DIPAK/ZAM,PET,322389,0,BB38-0090-R-R-CL,10701350,4,12.5,12.5,1825,49920,3900,1560,7300,9360,117,0,49920,91.25,0,0,0,3.6,0.039452055,21.6,11,18.64,,,,,1,,Base deform.Change nomex paper.,,,288
14/7/2026,1,4,NA,PET,426555,0,BX38-0330-Z-S-CL-HW,10701773,4,29,29,98,19800,2970,0,392,3360,97.44,19800,0,11.368,0,0,0,0.5,0.04398311,24.7,0.7,22.72,,,,,1.3,,C/order.,,,17
14/7/2026,1,4,GVETHA,PET,324682,0,BB38-0500-R-R-WH,10701349,4,33,33,0,18480,0,0,0,0,0,0,18480,0,0,6,,0,,31.1,0,23.972,5.5,,,,4.5,,Under tech.Lip flashing.Start 7.30pm.,,,0
14/7/2026,1,5,KALAMUDIN/PUNES,PET,463202,0,BC28-0200-SB-R-CL,10701396,4,23,23,1433,40920,0,0,5732,5580,128.34,16740,24180,131.836,0,0,0,3.5,0.026548136,23.9,9.5,22.92,,,,2.5,0,,Blow core screw cyclinder loose.,,,152
14/7/2026,1,6,WIYAH,rPET,620994,0,JJ63-0400-SH-S-CL-rPET,10699057,4,32.74,33,1574,104192,2072,0,6296,8288,273.504,104192,0,207.768,0,0,0,2.6,0.012513958,23.8,10.4,22,,,,,0,,C/order.,,,78
14/7/2026,1,6,WIYAH,rPET,620994,0,JJ63-0400-SH-S-CL-rPET,10699058,4,32.74,33,208,11776,0,832,832,0,0,832,10944,27.456,0,0,0,0,0,23.8,1.4,22,,,,,0.2,,Run well.,,,0
14/7/2026,1,7,ZAM,PET,324177,0,JJ63-0350-EH-R-CL,10701404,4,34.5,34.5,1944,62400,156,1560,7776,6240,215.28,0,62400,268.272,0,0,0,4.6,0.017146776,22,11.88,22,,,,,0.12,,Run well.,,,133
14/7/2026,1,8,ASIAH/ZAM,rPET,593537,0,BX38-1000-RN-R-CL-rPET 0.2,10701480,4,56.5,56.8,1453,69000,115,115,5812,5750,326.6,61065,7935,330.1216,0,0,0,3.5,0.010602154,29,11.70472222,28.5,,,,,0.295277778,,Black dot.L.test.,,,61
14/7/2026,1,9,ASIAH,KingFa NC050,666344,2,BC28-0056-D-APH-5040-0756-PP,10701602,6,12.3,12.3,1574,162000,4860,6075,9444,8100,99.63,176175,-14175,116.1612,0,0,0,1.5,0.01291309,27.4,11.97988889,26,,,,,0.020111111,,Run well.L.test.,,,121
14/7/2026,1,10,KALAMUDIN,PET,324638,0,BX38-2000-GH-R-CL (GREEN) (ASEM),10700490,4,77.5,77.5,1169,26496,69,138,4676,4416,342.24,16974,9522,362.39,0,0,0,14.6,0.040288087,35.6,11.56011111,16,,,,,0.439888889,,Body dented & gate off center.,,,188
14/7/2026,1,11,DIPAK,PPSB520Y,552181,5,BC28-0090-D-APH-5180-3538-PP-6 NOTCHES,10701604,6,14.7,14.7,1412,108000,810,3780,8472,5400,79.38,46980,61020,124.5384,0,0,0,1.5,0.012044478,29.8,11.68822222,27,,,,,0.311777778,,Run well.L.test.,,,102
14/7/2026,1,12,SUMATHI,PET RECRON,620599,0,BC28-0750-K4-R-CL (55g)  ,10701606,4,55,55,1437,72000,1125,1350,5748,5400,297,15750,56250,316.14,0,0,0,6.7,0.021193142,29.5,11.77541667,28,,,,,0.224583333,,Black dot.L.test.,,,121
14/7/2026,1,13,DIPAK,KingFa NC050,666344,3,BC28-0056-D-APH-5040-0756-PP,10700916,6,12.3,12.3,1492,162000,810,1620,8952,8100,99.63,106920,55080,110.1096,0,0,0,0.5,0.00454093,28.1,11.64588889,26,,,,,0.354111111,,Run well.L.test.,,,40
14/7/2026,1,14,NA,PET,541381,0,BC28-1200-K-R-CL,10700742,4,55,55,0,84000,0,0,0,0,0,0,84000,0,0,52.6,,0,,28,0,30.08,,,,,12,,Under tech.Install auto leak test.,,,0
14/7/2026,1,15,NA,KingFa NC050,666342,0,BC28-0090-D-APH-5180-3538-PP-PCR,10701780,6,14.7,14.7,0,108000,0,0,0,0,0,0,108000,0,0,16.6,,0,,28.9,0,27,,,,,12,,Under tech.Thickness.,,,0
14/7/2026,1,16,RAM/NITESH,KingFa NC050,666343,3,BC28-0170-D-5180-3539-PP,10700918,6,28,28,538,100800,168,0,3228,3360,94.08,40320,60480,90.384,0,14,0.154894672,0.8,0.008851124,45.6,6.814666667,42,,,,,5.185333333,,Stop 1pm.testing new lip .,,,28
14/7/2026,1,17,KAIMULLAH,SM398,606524,0,C35-R/S-F.TOP D.CHOC W SEAL 2.0 (ASEM),10702296,12,5.86,5.86,1144,170000,0,13600,13728,0,0,13600,156400,80.44608,0,0,0,0.8,0.009944549,31.5,10,29.04,,,,,0,,Uncapping & scratches.,,,136
14/7/2026,1,17,KAIMULLAH,SM398,606524,0,C35-R/S-F.TOP D.CHOC W SEAL 2.0 (ASEM),10700880,12,5.86,5.86,142,170000,32300,0,1704,34000,199.24,17000,153000,9.98544,0,0,0,0,0,31.5,1.25,29.04,,,,,0.75,,C/order.,,,0
14/7/2026,1,18,JIWAN/KAIMULLAH,SM840,621407,0,T-0226-BR-HERS-PP,10701401,2,27.8,27.8,1551,75040,0,840,3102,2240,62.272,25480,49560,86.2356,0,0,0,0.6,0.006957683,27.4,11.80483333,17.8,,,,,0.195166667,,Run well.,,,21
14/7/2026,1,19,NITESH/RAM,PET PF CAN,588637,0,PF-JK57-24-82-KEKO,10702295,6,24.6,24.6,1323,144000,73500,74250,7938,7500,184.5,22060,121940,195.2748,0,0,0,0.2,0.001024198,32.2,11.8335,26,,,,,0.1665,,Run well.,,,8
14/7/2026,1,20,,,123456,0,,,,,,0,0,0,0,,0,0,0,,,,0,,0,,0,0,0,,,,,,12,NO SCHEDULE,,,
14/7/2026,1,21,RAM,R-HDPE ASTERENE HXM 6007,573943,0,EBK38-2000-K-S-WH-PE(S2012),10700919,1,180,122,1280,20160,135,270,1280,1080,131.76,16110,4050,156.16,74.24,0,0,7.8,0.04994877,33.4,11.87555556,35,,,,,0.124444444,,Black dot.L.test.,,,63
14/7/2026,1,22,NA,MARLEX6007,618592,0,E22-0150-R-GY-HDPE ,10701479,4,26,15,0,43200,0,0,0,0,0,0,43200,0,0,0,,0,,24.3,0,25,,,,,12,,Under tech.Shot moulding & flashing at thread area.,,,0
14/7/2026,1,23,JIWAN,MARLEX6007,617192,0,EBK38-2017-K-S-BEIGE-HDPE,10700920,1,139.8,103,1328,20328,0,121,1328,968,99.704,3993,16335,136.784,48.8704,0,0,24.6,0.179845596,33,12,33,,,,,0,,Black dot & line mark.L.test.,,,238
14/7/2026,1,24,SHESHNATH,SM240,453796,0,AL2012-BK 38MM CAP (BLACK) C/W SEAL ASEM,10701654,15,4,3.5,267,400000,184000,400000,4005,0,0,400000,0,14.0175,2.0025,0,0,0,0,18.4,1.4,20.8,,,,,0,,C/order.,,,0
14/7/2026,1,24,SHESHNATH,SM240,453796,0,AL2012-BK 38MM CAP (BLACK) C/W SEAL ASEM,10701655,15,4,3.5,1877,400000,0,28000,28155,0,0,28000,372000,98.5425,14.0775,0,0,0.6,0.006088743,18.4,9.6,20.8,,,,,1,,Blockage sometimes.,,,171
14/7/2026,1,24,SHEESHNATH,SM240,453796,0,AL2012-BK 38MM CAP (BLACK) C/W SEAL ASEM,10700491,16,4,3.5,0,400000,0,36000,0,80000,280,400000,0,0,0,0,,0,,20.8,0,20.8,,,,,0,,Assy output.,,,0
14/7/2026,1,25,NITESH/RAM,LLDPE 6101+HDPE 6178,665674,0,C32-BOTTOM CAP-RED-KKM,10700243,7,3.801,3.801,2259,360000,30000,48000,15813,15000,57.015,177920,182080,60.105213,0,0,0,0.5,0.008318746,19.1,11.98525,29,,,,,0.01475,,Discolour.,,,131
14/7/2026,1,26,GVETHA,PET CAN,588272,0,JK57-0350-R-CL-KEKO,10702212,2,24,18,2646,91800,0,1870,5292,3060,55.08,23290,68510,95.256,0,0,0,6.5,0.068237171,7.4,7.5,6.8,,,,2,2.5,,Restart 8.30am.Often mc stop preform stuck.Under mntc at 4pm.Restart 7pm.,,,361
14/7/2026,1,27,,,123456,0,,,,,,0,0,0,0,,0,0,0,,,,0,,0,,0,0,0,,,,,,12,NO SCHEDULE,,,
14/7/2026,1,28,,,123456,0,,,,,,0,0,0,0,,0,0,0,,,,0,,0,,0,0,0,,,,,,12,NO SCHEDULE,,,
14/7/2026,1,29,NITESH,R-HDPE ASTERENE HXM 50100S,611846,0,B54-5000-S-CL-HDPE,10700913,2,453,329,192,4320,0,384,384,0,0,384,3936,126.336,47.616,0,0,0,0,61.6,3.3,40.1,,,,,2.5,,Mc stop sometimes parison alarm.,,,0
14/7/2026,1,29,NITESH,R-HDPE ASTERENE HXM 50100S,611846,0,B54-5000-S-CL-HDPE,10700912,2,453,329,323,4320,288,0,646,864,284.256,4320,0,212.534,80.104,0,0,23.03,0.108359133,61.6,5.5,40.1,,,,,0.7,,Weight 60pcs/b.dot 10pcs.C/order.,,,70
14/7/2026,2,1,JEGA,PET RECRON,322448,0,BCY28-0500-W-R-CL,10698738,4,40,40,1620,204120,0,0,6480,6480,259.2,191160,12960,259.2,0,0,0,4.5,0.017361111,26.8,12,23,,,,,0,,White mark.L.test.,,,112
14/7/2026,2,2,AISYAH,PET,442034,0,BC28-0250-Z-S-CL,10699056,4,23,23,1730,139776,4224,1920,6920,9216,211.968,38784,100992,159.16,0,0,0,3.5,0.02199045,24.3,11.6775,22,,,,,0.3225,,Base soft.,,,152
14/7/2026,2,3,BHOLA,PET,322389,0,BB38-0090-R-R-CL,10701350,4,12.5,12.5,1950,49920,1560,9360,7800,0,0,18720,31200,97.5,0,0,0,2.1,0.021538462,21.6,11.7,18.64,,,,,0.3,,Discolour.,,,168
14/7/2026,2,4,MOGANA,PET,324682,0,BB38-0500-R-R-WH,10701349,4,33,33,1200,18480,0,154,4800,4620,152.46,4774,13706,158.4,0,0,0,5.5,0.034722222,30.81,10.5,23.972,,,,,1.5,,Under tech.Lip flashing.Start 7.30pm.discolour.,,,166
14/7/2026,2,5,MOGANA/NIKHIL,PET,463202,0,BC28-0200-SB-R-CL,10701396,4,23,23,1830,40920,0,1860,7320,5580,128.34,24180,16740,168.36,0,0,0,2,0.011879306,23.9,12,22.92,,,,,0,,Run well.,,,86
14/7/2026,2,6,HABIRAMI,rPET,620994,0,JJ63-0400-SH-S-CL-rPET,10699058,4,32.74,33,1760,11776,832,1536,7040,6144,202.752,7680,4096,232.32,-1.8304,0,0,3,0.012913223,23.8,11.63555556,22,,,,,0.364444444,,Run well.,,,90
14/7/2026,2,7,AISYAH/AISHAH,PET,324177,0,JJ63-0350-EH-R-CL,10701404,4,34.5,34.5,1950,62400,1560,0,7800,9360,322.92,25740,36660,269.1,0,0,0,0.5,0.001858045,22,11.91666667,22,,,,,0.083333333,,Run well.,,,14
14/7/2026,2,8,VICKY,rPET,593537,0,BX38-1000-RN-R-CL-rPET 0.2,10701480,4,56.5,56.8,1466,69000,115,230,5864,5750,326.6,66930,2070,333.0752,-1.7592,0,0,3.5,0.010508138,29,11.80944444,28.5,,,,,0.190555556,,Black dot.L.test.,,,61
14/7/2026,2,9,AISHAH,KingFa NC050,666344,2,BC28-0056-D-APH-5040-0756-PP,10701602,6,12.3,12.3,1560,162000,6075,7290,9360,8100,99.63,80190,81810,115.128,0,0,0,0.5,0.004342992,27.4,11.87333333,26,,,,,0.126666667,,Run well.L.test.,,,40
14/7/2026,2,10,NIKHIL,PET,324638,0,BX38-2000-GH-R-CL (GREEN) (ASEM),10700490,4,77.5,77.5,1075,26496,138,0,4300,4416,342.24,21252,5244,333.25,0,0,0,11.3,0.033908477,35.6,10.6,16,,,,,1.4,,Body dented & gate off center body soft.,,,145
14/7/2026,2,11,BHOLA,PPSB520Y,552181,5,BC28-0090-D-APH-5180-3538-PP-6 NOTCHES,10701604,6,14.7,14.7,1410,108000,3780,1350,8460,10800,158.76,39150,68850,124.362,0,0,0,3,0.024123124,29.8,11.67166667,27,,,,,0.328333333,,Run well.L.test.,,,204
14/7/2026,2,12,HABIRAMI/JEGA,PET RECRON,620599,0,BC28-0750-K4-R-CL (55g)  ,10701606,4,55,55,1465,72000,1350,0,5860,7200,396,21600,50400,322.3,0,0,0,5,0.015513497,29.5,12,28,,,,,0,,Black dot.L.test.,,,90
14/7/2026,2,13,BHOLA,KingFa NC050,666344,3,BC28-0056-D-APH-5040-0756-PP,10700916,6,12.3,12.3,1500,162000,1620,2430,9000,8100,99.63,34830,127170,110.7,0,0,0,0.5,0.004516712,28.1,11.70833333,26,,,,,0.291666667,,Run well.L.test.,,,40
14/7/2026,2,14,NA,PET,541381,0,BC28-1200-K-R-CL,10700742,4,55,55,0,84000,0,0,0,0,0,0,84000,0,0,7.5,,0,,28,0,30.08,,,,,12,,Under tech.Install auto leak test.,,,0
14/7/2026,2,15,NA,KingFa NC050,666342,0,BC28-0090-D-APH-5180-3538-PP-PCR,10701780,6,14.7,14.7,0,108000,0,0,0,0,0,0,108000,0,0,1,,0,,28.9,0,27,,,,,12,,Under tech.Thickness.,,,0
14/7/2026,2,16,NA,KingFa NC050,666343,3,BC28-0170-D-5180-3539-PP,LIP TEST,6,28,28,0,0,0,0,0,0,0,0,0,0,0,0,,0,,45.6,0,42,,,,,12,,Testing new lip .,,,0
14/7/2026,2,17,ASMULAH,SM398,606524,0,C35-R/S-F.TOP D.CHOC W SEAL 2.0 (ASEM),10702296,12,5.86,5.86,1330,170000,13600,28900,15960,0,0,28900,141100,93.5256,0,0,0,3,0.032076779,31.5,11.6375,29.04,,,,,0.3625,,Uncapping & scratches.,,,511
14/7/2026,2,18,ASMULAH/JALALUDIN,SM840,621407,0,T-0226-BR-HERS-PP,10701401,2,27.8,27.8,1600,75040,840,700,3200,3360,93.408,28700,46340,88.96,0,0,0,0.5,0.005620504,27.4,12,17.8,,,,,0,,Run well.,,,17
14/7/2026,2,19,ASMULAH/JALALUDIN,PET PF CAN,588637,0,PF-JK57-24-82-KEKO,10702295,6,24.6,24.6,1320,144000,74250,80250,7920,7500,184.5,29980,114020,194.832,0,0,0,0.5,0.002566314,32.2,11.80666667,26,,,,,0.193333333,,Run well.,,,20
14/7/2026,2,20,,,123456,0,,,,,,0,0,0,0,,0,0,0,,,,0,,0,,0,0,0,,,,,,12,NO SCHEDULE,,,
14/7/2026,2,21,JALALUDIN,R-HDPE ASTERENE HXM 6007,573943,0,EBK38-2000-K-S-WH-PE(S2012),10700919,1,180,122,1260,20160,270,90,1260,1440,175.68,17370,2790,153.72,73.08,0,0,8.3,0.053994275,33.4,11.69,35,,,,,0.31,,Black dot.L.test.,,,68
14/7/2026,2,22,NA,MARLEX6007,618592,0,E22-0150-R-GY-HDPE ,10701479,4,26,15,0,43200,0,0,0,0,0,0,43200,0,0,5,,0,,24.3,0,25,,,,,12,,Under tech.Shot moulding & flashing at thread area.,,,0
14/7/2026,2,23,NIPU,MARLEX6007,617192,0,EBK38-2017-K-S-BEIGE-HDPE,10700920,1,139.8,103,1250,20328,121,121,1250,968,99.704,4961,15367,128.75,46,0,0,24,0.186407767,33,11.45833333,33,,,,,0.541666667,,Black dot & line mark.L.test.,,,233
14/7/2026,2,24,HAS,SM240,453796,0,AL2012-BK 38MM CAP (BLACK) C/W SEAL ASEM,10701655,15,4,3.5,2120,400000,28000,0,31800,0,0,31800,368200,111.3,15.9,0,0,0,0,18.4,10.8,20.8,,,,,1.2,,Blockage sometimes.,,,0
14/7/2026,2,25,NIPU,LLDPE 6101+HDPE 6178,665674,0,C32-BOTTOM CAP-RED-KKM,10700243,7,3.801,3.801,2200,360000,48000,63000,15400,15000,57.015,24920,335080,58.5354,0,0,0,0.3,0.005125104,19.1,11.67222222,29,,,,,0.327777778,,Oily mark,,,78
14/7/2026,2,26,RAIS,PET CAN,588272,0,JK57-0350-R-CL-KEKO,10702212,2,24,18,4700,91800,1870,1530,9400,9180,165.24,32130,59670,169.2,56.4,0,0,4.5,0.026595745,7.4,9.661111111,6.8,,,,1,1.338888889,,Restart 7pm.bottle stuck and preform stuck.,,,250
14/7/2026,2,27,,,123456,0,,,,,,0,0,0,0,,0,0,0,,,,0,,0,,0,0,0,,,,,,12,NO SCHEDULE,,,
14/7/2026,2,28,,,123456,0,,,,,,0,0,0,0,,0,0,0,,,,0,,0,,0,0,0,,,,,,12,NO SCHEDULE,,,
14/7/2026,2,29,IRSAD,R-HDPE ASTERENE HXM 50100S,611846,0,B54-5000-S-CL-HDPE,10700913,2,453,329,300,4320,384,0,600,864,284.256,864,3456,197.4,74.4,0,0,28.5,0.1443769,61.6,4.8,40.1,,,,,7,,Under tech stop 12.30am R-bottom not down.black dot 16pcs weight 75pcs,,,86
14/7/2026,2,29,IRSAD,R-HDPE ASTERENE HXM 50100S,611846,0,B54-5000-S-CL-HDPE,10700913,2,453,329,10,0,0,0,20,20,6.58,0,0,6.58,2.48,0,0,0,0,61.6,0.2,40.1,,,,,0,,Topup.,,,0
15/7/2026,1,1,PUNES/ZAM,PET RECRON,322448,0,BCY28-0500-W-R-CL,10698738,4,40,40,1648,204120,0,0,6592,6480,259.2,197640,6480,263.68,0,0,0,4.5,0.017066141,25.7,11.76488889,23,,,,,0.235111111,,White mark.L.test.,,,112
15/7/2026,1,2,NA,PET,543590,0,BC28-0130-R-R-AM,10702421,4,19,19,0,56056,0,0,0,0,0,0,56056,0,0,11,,0,,24.3,0,18.72,,3.5,,,5.75,,under tech start up.,13,8,0
15/7/2026,1,2,WIYAH,PET,442034,0,BC28-0250-Z-S-CL,10699056,4,23,23,391,139776,1920,3456,1564,0,0,40320,99456,35.972,0,0,0,0.6,0.01667964,24.3,2.6,22,,,,,0.15,,Stop 8.45am.Change mould.,,,26
15/7/2026,1,3,RAM/WIYAH,PET,322389,0,BB38-0090-R-R-CL,10701350,4,12.5,12.5,1925,49920,9360,7500,7700,9360,117,26220,23700,96.25,0,0,0,2.6,0.027012987,21.6,11.55,18.64,,,,,0.45,,Base deform.,,3,208
15/7/2026,1,4,SUMATHI,PET,324682,0,BB38-0500-R-R-WH,10701349,4,33,33,1407,18480,154,0,5628,5544,182.952,10164,8316,185.724,0,0,0,7.8,0.041997803,30.8,12,23.972,,,,,0,,Base bulging & discolour.,,,236
15/7/2026,1,5,DIPAK/SUMATHI,PET,463202,0,BC28-0200-SB-R-CL,10701396,4,23,23,1771,40920,1860,3255,7084,5580,128.34,31155,9765,162.932,0,0,0,2.5,0.015343824,23.9,11.75747222,22.92,,,,,0.242527778,,Run well.,,2,108
15/7/2026,1,6,ZAM,rPET,620994,0,JJ63-0400-SH-S-CL-rPET,10699058,4,32.74,33,1024,11776,1536,0,4096,5632,185.856,11776,0,135.168,0,0,0,0,0,24.3,7,22,,,,,0.4,,Run well.,,3,0
15/7/2026,1,6,ZAM,rPET,620994,0,JJ63-0400-SH-S-CL-rPET,10700607,4,32.74,33,680,104192,0,2664,2720,0,0,2664,101528,89.76,0,0,0,1.8,0.020053476,24.3,4.6,22,,,,,0,,C/order.,,2,54
15/7/2026,1,7,WIYAH,PET,324177,0,JJ63-0350-EH-R-CL,10701404,4,34.5,34.5,1962,62400,0,0,7848,7800,269.1,33540,28860,270.756,0,0,0,1.7,0.006278716,22,11.99,22,,,,,0.01,,Run well.,,,49
15/7/2026,1,8,ASIAH/WIYAH,rPET,593537,0,BX38-1000-RN-R-CL-rPET 0.2,10701480,4,56.5,56.8,518,69000,230,0,2072,2300,130.64,69000,0,117.6896,0,0,0,0,0,29,4.2,28.5,,,,,0,,Black dot.L.test.,,,0
15/7/2026,1,8,ASIAH/WIYAH,rPET,593537,0,BX38-1000-RN-R-CL-rPET 0.2,10701601,4,56.5,56.8,960,69000,0,345,3840,3450,195.96,3795,65205,218.112,0,0,0,2.5,0.011462001,29,7.8,28.5,,,,,0,,Black dot.L.test.,,,44
15/7/2026,1,9,ASIAH,KingFa NC050,666344,2,BC28-0056-D-APH-5040-0756-PP,10701602,6,12.3,12.3,1574,162000,7290,405,9444,16200,199.26,89505,72495,116.1612,0,0,0,1.5,0.01291309,27.4,11.97988889,26,,,,,0.020111111,,Run well.L.test.,,,121
15/7/2026,1,10,DIPAK,PET,324638,0,BX38-2000-GH-R-CL (GREEN) (ASEM),10700490,4,77.5,77.5,1143,26496,0,69,4572,4416,342.24,25737,759,354.33,0,0,0,6.7,0.018908927,35.6,11.303,16,,,,,0.697,,Body dented & gate off center.,,6,86
15/7/2026,1,11,RAM,PPSB520Y,552181,5,BC28-0090-D-APH-5180-3538-PP-6 NOTCHES,10701604,6,14.7,14.7,1468,108000,1350,4590,8808,5400,79.38,47790,60210,129.4776,0,0,0,2.5,0.019308359,29.8,12,27,,,,,0,,Base lumpy.L.test.,,,170
15/7/2026,1,12,PUNES,PET RECRON,620599,0,BC28-0750-K4-R-CL (55g)  ,10701606,4,55,55,1420,72000,0,225,5680,5400,297,27225,44775,312.4,0,0,0,2.8,0.008962868,29.5,11.63611111,28,,,,,0.363888889,,Black dot.L.test.,,2,50
15/7/2026,1,13,RAM,KingFa NC050,666344,3,BC28-0056-D-APH-5040-0756-PP,10700916,6,12.3,12.3,1535,162000,2430,3240,9210,8100,99.63,68040,93960,113.283,0,0,0,3.6,0.031778819,28.1,11.98152778,26,,,,,0.018472222,,Dirty.L.test.,,,292
15/7/2026,1,14,NA,PET,541381,0,BC28-1200-K-R-CL,10700742,4,55,55,0,84000,0,0,0,0,0,47600,36400,0,0,0,,0,,28,0,30.08,,,,,12,,Install auto leak test.,11,13,0
15/7/2026,1,15,NA,KingFa NC050,666342,0,BC28-0090-D-APH-5180-3538-PP-PCR,10701780,6,14.7,14.7,0,108000,0,0,0,0,0,0,108000,0,0,14.8,,0,,28.9,0,27,,,,,12,,Under tech.Thickness.,6,5,0
15/7/2026,1,16,SHESHNATH,KingFa NC050,666343,3,BC28-0170-D-5180-3539-PP,SAMPLE,6,28,28,168,1848,0,1008,1008,0,0,1008,840,28.224,0,4.5,0.159438776,0,0,45.6,2.128,42,,,,,9.872,,Run sample new lip 11ctn.,5,8,0
15/7/2026,1,17,KAIMULLAH,SM398,606524,0,C35-R/S-F.TOP D.CHOC W SEAL 2.0 (ASEM),10702296,12,5.86,5.86,1310,170000,28900,10200,15720,34000,199.24,44200,125800,92.1192,0,0,0,2.5,0.027138751,31.5,11.4625,29.04,,,,,0.5375,,Uncapping & scratches.,,,426
15/7/2026,1,18,KAIMULLAH/JIWAN,SM840,621407,0,T-0226-BR-HERS-PP,10701401,2,27.8,27.8,1551,75040,700,420,3102,3360,93.408,25900,49140,86.2356,0,0,0,0.5,0.005798069,27.4,11.80483333,17.8,,,,,0.195166667,,Run well.,,,17
15/7/2026,1,19,SHESHNATH,PET PF CAN,588637,0,PF-JK57-24-82-KEKO,10702295,6,24.6,24.6,1325,144000,80250,71250,7950,7500,184.5,37930,106070,195.57,0,0,0,0,0,32.2,11.85138889,26,,,,,0.148611111,,Run well.,,,0
15/7/2026,1,20,,,123456,0,,,,,,0,0,0,0,,0,0,0,,,,0,,0,,0,0,0,,,,,,12,NO SCHEDULE,,,
15/7/2026,1,21,JIWAN,R-HDPE ASTERENE HXM 6007,573943,0,EBK38-2000-K-S-WH-PE(S2012),10700919,1,180,122,1281,20160,90,225,1281,1080,131.76,18585,1575,156.282,74.298,0,0,7.8,0.049909778,33.4,11.88483333,35,,,,,0.115166667,,Black dot.L.test.,6,,63
15/7/2026,1,22,NA,MARLEX6007,618592,0,E22-0150-R-GY-HDPE ,10701479,4,26,15,0,43200,0,0,0,0,0,0,43200,0,0,0,,0,,24.3,0,25,,,,,12,,Under tech.Shot moulding & flashing at thread area.,15,,0
15/7/2026,1,23,KAIMULLAH/JIWAN,MARLEX6007,617192,0,EBK38-2017-K-S-BEIGE-HDPE,10700920,1,139.8,103,1309,20328,121,198,1309,968,99.704,6006,14322,134.827,48.1712,0,0,23.2,0.172072359,33,11.99916667,33,,,,,0.000833333,,Black dot & line mark.L.test.,,,225
15/7/2026,1,24,NITESH,SM240,453796,0,AL2012-BK 38MM CAP (BLACK) C/W SEAL ASEM,10701655,15,4,4,2403,400000,0,88000,36045,0,0,88000,312000,144.18,0,0,0,0.6,0.004161465,18.4,12,20.8,,,,,0,,Blockage sometimes.,,,150
15/7/2026,1,24,NITESH,SM240,453796,0,AL2012-BK 38MM CAP (BLACK) C/W SEAL ASEM,10701654,16,4,4,0,400000,0,40000,0,0,0,400000,0,0,0,0,,0,,20.8,0,20.8,,,,,0,,Assy output.,,,0
15/7/2026,1,25,KAIMULLAH,LLDPE 6101+HDPE 6178,665674,0,C32-BOTTOM CAP-RED-KKM,10700243,7,3.801,3.801,2235,360000,63000,15000,15645,15000,57.015,208920,151080,59.466645,0,0,0,0.5,0.008408075,19.1,11.85791667,29,,,,,0.142083333,,Discolour.,,,131
15/7/2026,1,26,SHAHID,PET CAN,588272,0,JK57-0350-R-CL-KEKO,10702212,2,24,18,2967,91800,1530,680,5934,6120,110.16,37400,54400,106.812,0,0,0,12,0.112346927,7.4,6.098833333,6.8,,,,5.9,0.001166667,,Often mc stop preform stuck & bottle stuck.Under mntc.,,21,666
15/7/2026,1,27,,,123456,0,,,,,,0,0,0,0,,0,0,0,,,,0,,0,,0,0,0,,,,,,12,NO SCHEDULE,,,
15/7/2026,1,28,,,123456,0,,,,,,0,0,0,0,,0,0,0,,,,0,,0,,0,0,0,,,,,,12,NO SCHEDULE,,,
15/7/2026,1,29,SHESHNATH,R-HDPE ASTERENE HXM 50100S,611846,0,B54-5000-S-CL-HDPE,10700913,2,453,329,215,4320,0,360,430,0,0,1224,3096,141.47,53.32,0,0,23.03,0.162790698,61.6,4,40.1,,,,,5.5,2.5,Restart 10.30am.Often mc stop alarm.Carrige encoder.mc stop 5pm.,26,,70
15/7/2026,2,1,JEGA/MOGANA,PET RECRON,322448,0,BCY28-0500-W-R-CL,10698738,4,40,40,1620,204120,0,0,6480,6480,259.2,204120,0,259.2,0,0,0,2.5,0.009645062,25.7,11.565,23,,,,,0.435,,C/order.6am.,,,62
15/7/2026,2,2,HABIRAMI,PET,543590,0,BC28-0130-R-R-AM,10702421,4,19,19,550,56056,0,1848,2200,0,0,1848,54208,41.8,0,11.3,0.270334928,8.5,0.203349282,19.98,3.5,18.72,,,,,8.5,,Under tech start up .start 2.30pm,,,447
15/7/2026,2,3,HABIRAMI,PET,322389,0,BB38-0090-R-R-CL,10701350,4,12.5,12.5,1900,49920,7500,4680,7600,9360,117,32760,17160,95,0,0,0,4,0.042105263,21.6,11.4,18.64,,,,,0.6,,Base deform.,,,320
15/7/2026,2,4,AISYAH,PET,324682,0,BB38-0500-R-R-WH,10701349,4,33,33,1400,18480,0,0,5600,5544,182.952,15708,2772,184.8,0,0,0,3,0.016233766,30.8,11.97777778,23.972,,,,,0.022222222,,Discolour.,,,90
15/7/2026,2,5,AISYAH/NIKHIL,PET,463202,0,BC28-0200-SB-R-CL,10701396,4,23,23,1830,40920,3255,5115,7320,5580,128.34,38595,2325,168.36,0,0,0,1,0.005939653,23.9,12,22.92,,,,,0,,Run well.,,,43
15/7/2026,2,6,JEAG,rPET,620994,0,JJ63-0400-SH-S-CL-rPET,10700607,4,32.74,33,1730,104192,2664,2368,6920,7104,234.432,9472,94720,228.36,0,0,0,0.5,0.002189525,24.3,11.6775,22,,,,,0.3225,,Run well.,,,15
15/7/2026,2,7,NIKHIL,PET,324177,0,JJ63-0350-EH-R-CL,10701404,4,34.5,34.5,1405,62400,0,154,5620,5460,188.37,39154,23246,193.89,0,0,0,3,0.015472691,22,8.586111111,22,,,,,3.413888889,,Run well.,,,86
15/7/2026,2,8,VICKY,rPET,593537,0,BX38-1000-RN-R-CL-rPET 0.2,10701601,4,56.5,56.8,1450,69000,345,345,5800,5750,326.6,9545,59455,329.44,0,0,0,4.5,0.013659543,29,11.68055556,28.5,,,,,0.319444444,,Black dot.L.test.,,,79
15/7/2026,2,9,HABIRMI/VICKY,KingFa NC050,666344,2,BC28-0056-D-APH-5040-0756-PP,10701602,6,12.3,12.3,1555,162000,405,1620,9330,8100,99.63,98820,63180,114.759,0,0,0,2.6,0.022656175,27.4,11.83527778,26,,,,,0.164722222,,Run well.L.test.,,,211
15/7/2026,2,10,NA,PET,324638,0,BX38-2000-GH-R-CL (GREEN) (ASEM),10700490,4,77.5,77.5,190,26496,69,0,760,828,64.17,26496,0,58.9,0,0,0,2,0.033955857,35.6,1.9,16,,,,,0.1,,Stop 8pm.C/order.,,,25
15/7/2026,2,10,NIKHIL,PET,322527,0,BB38-1000-S-S-CL,10701771,4,44.5,45.3,400,30800,0,0,1600,1540,69.762,1540,29260,72.48,0,24,0.331125828,3.4,0.046909492,27.59,3,16,5.5,,,,1.5,,Start 3am.tech adjust body deform wvay.,,,75
15/7/2026,2,11,BHOLA,PPSB520Y,552181,5,BC28-0090-D-APH-5180-3538-PP-6 NOTCHES,10701604,6,14.7,14.7,1440,108000,4590,2430,8640,10800,158.76,56430,51570,127.008,0,0,0,0.5,0.00393676,29.8,11.92,27,,,,,0.08,,Base lumpy.L.test.,,,34
15/7/2026,2,12,MOGANA,PET RECRON,620599,0,BC28-0750-K4-R-CL (55g)  ,10701606,4,55,55,1430,72000,225,450,5720,5400,297,32850,39150,314.6,0,0,0,6,0.019071837,29.5,11.71805556,28,,,,,0.281944444,,Gate off center.L.test.,,,109
15/7/2026,2,13,BHOLA,KingFa NC050,666344,3,BC28-0056-D-APH-5040-0756-PP,10700916,6,12.3,12.3,1485,162000,3240,4050,8910,8100,99.63,133650,28350,109.593,0,0,0,2,0.018249341,28.1,11.59125,26,,,,,0.40875,,Dirty.L.test.,,,162
15/7/2026,2,14,NA,PET,541381,0,BC28-1200-K-R-CL,10700742,4,55,55,0,84000,0,0,0,0,0,0,84000,0,0,0,,0,,28,0,30.08,,,,,12,,Install auto leak test.,,,0
15/7/2026,2,15,NA,KingFa NC050,666342,0,BC28-0090-D-APH-5180-3538-PP-PCR,10701780,6,14.7,14.7,0,108000,0,0,0,0,0,0,108000,0,0,0,,0,,28.9,0,27,,,,,12,,Under tech.Thickness.,,,0
15/7/2026,2,16,NA,KingFa NC050,666343,3,BC28-0170-D-5180-3539-PP,SAMPLE,6,28,28,140,1848,1008,1848,840,0,0,1848,0,23.52,0,0,0,2,0.085034014,45.6,1.7,42,,,,,0,,Run sample new lip 11ctn.,,,71
15/7/2026,2,16,AISHAH,KingFa NC050,666343,3,BC28-0170-D-5180-3539-PP,10700918,6,28,28,420,100800,0,2520,2520,0,0,42840,57960,70.56,0,6,0.085034014,0.5,0.007086168,45.6,5.3,42,,,,,5,,Tech lip change.start 12.30am.,,,17
15/7/2026,2,17,HAS,SM398,606524,0,C35-R/S-F.TOP D.CHOC W SEAL 2.0 (ASEM),10702296,12,5.86,5.86,1350,170000,10200,25500,16200,0,0,59500,110500,94.932,0,0,0,2,0.021067712,31.5,11.8125,29.04,,,,,0.1875,,Uncapping & scratches.,,,341
15/7/2026,2,18,ASMULAH/NIPU,SM840,621407,0,T-0226-BR-HERS-PP,10701401,2,27.8,27.8,1590,75040,420,280,3180,3360,93.408,35000,40040,88.404,0,0,0,0.5,0.005655853,27.4,12,17.8,,,,,0,,Run well.,,,17
15/7/2026,2,19,ASMULAH/NIPU,PET PF CAN,588637,0,PF-JK57-24-82-KEKO,10702295,6,24.6,24.6,1310,144000,71250,75750,7860,7500,184.5,45790,98210,193.356,0,0,0,0.5,0.002585904,32.2,11.71722222,26,,,,,0.282777778,,Run well.,,,20
15/7/2026,2,20,,,123456,0,,,,,,0,0,0,0,,0,0,0,,,,0,,0,,0,0,0,,,,,,12,NO SCHEDULE,,,
15/7/2026,2,21,NIPU,R-HDPE ASTERENE HXM 6007,573943,0,EBK38-2000-K-S-WH-PE(S2012),10700919,1,180,122,1270,20160,225,45,1270,1440,175.68,19800,360,154.94,73.66,0,0,8,0.05163289,33.4,11.78277778,35,,,,,0.217222222,,Black dot.L.test.,,,65
15/7/2026,2,22,NA,MARLEX6007,618592,0,E22-0150-R-GY-HDPE ,10701479,4,26,15,0,43200,0,0,0,0,0,0,43200,0,0,0,,0,,24.3,0,25,,,,,12,,Under tech.Shot moulding & flashing at thread area.,,,0
15/7/2026,2,23,ASMULAH,MARLEX6007,617192,0,EBK38-2017-K-S-BEIGE-HDPE,10700920,1,139.8,103,1275,20328,198,363,1275,968,99.704,7139,13189,131.325,46.92,0,0,24,0.182752713,33,11.6875,33,,,,,0.3125,,Black dot & line mark.L.test.,,,233
15/7/2026,2,24,IRSAD,SM240,453796,0,AL2012-BK 38MM CAP (BLACK) C/W SEAL ASEM,10701655,15,4,4,2260,400000,88000,120000,33900,0,0,120000,280000,135.6,0,0,0,0,0,18.4,11.55,20.8,,,,,0.45,,Blockage sometimes.,,,0
15/7/2026,2,24,NITESH,SM240,453796,0,AL2012-BK 38MM CAP (BLACK) C/W SEAL ASEM,10701654,16,4,4,0,400000,40000,0,0,80000,320,400000,0,0,0,0,,0,,20.8,0,20.8,,,,,0,,Assy output.,,,0
15/7/2026,2,25,HAS,LLDPE 6101+HDPE 6178,665674,0,C32-BOTTOM CAP-RED-KKM,10700243,7,3.801,3.801,2190,360000,15000,33000,15330,15000,57.015,224250,135750,58.26933,0,0,0,1.5,0.02574253,19.1,11.61916667,29,,,,,0.380833333,,Oliy mark shot moulding.,,,394
15/7/2026,2,26, JALALUDIN,PET CAN,588272,0,JK57-0350-R-CL-KEKO,10702212,2,24,18,3825,91800,680,1530,7650,6120,110.16,44370,47430,137.7,0,0,0,8.5,0.061728395,7.4,8,6.8,,,,,4,,Often mc stop preform stuck & bottle stuck.cant take bottle cutting.,,,472
15/7/2026,2,27,,,123456,0,,,,,,0,0,0,0,,0,0,0,,,,0,,0,,0,0,0,,,,,,12,NO SCHEDULE,,,
15/7/2026,2,28,,,123456,0,,,,,,0,0,0,0,,0,0,0,,,,0,,0,,0,0,0,,,,,,12,NO SCHEDULE,,,
15/7/2026,2,29,NA,R-HDPE ASTERENE HXM 50100S,611846,0,B54-5000-S-CL-HDPE,10700913,2,453,329,0,4320,360,0,0,0,0,1224,3096,0,0,0,,0,,61.6,0,40.1,,,,,12,,Carriage encoder malfunction,,,0
16/7/2026,1,1,KALAMUDIN/WIYAH,PET,322459,0,BCY28-0500-TR-R-CL,10701475,4,40.5,40.5,750,7000,0,0,3000,3000,121.5,3000,4000,121.5,0,10,0.082304527,4.6,0.037860082,25.3,5.270833333,22.5,,,,,6.729166667,,Start 12.20pm.Discolour.,,,113
16/7/2026,1,2,PUNES,PET,543590,0,BC28-0130-R-R-AM,10702421,4,19,19,2099,56056,1848,2772,8396,7392,140.448,10164,45892,159.524,0,0,0,1.5,0.009402974,19.9,11.60280556,18.72,,,,,0.397194444,,Drooling.,,,78
16/7/2026,1,3,DIPAK/ASIAH,PET,322389,0,BB38-0090-R-R-CL,10701350,4,12.5,12.5,1932,49920,4680,2640,7728,9360,117,40080,9840,96.6,0,0,0,6.6,0.068322981,21.6,11.592,18.64,,,,,0.408,,Gate off center.L.test.,,,528
16/7/2026,1,4,RASHIDI,PET,324682,0,BB38-0500-R-R-WH,10701349,4,33,33,701,18480,0,0,2804,2772,91.476,18480,0,92.532,0,0,0,1,0.010807072,30.8,6,23.972,,,,,0,,Stop11.45am.C/order.,,,30
16/7/2026,1,4,NITESH,PET,322506,0,BB38-0500-R-R-CL,10701476,4,32,32,167,14784,0,462,668,0,0,462,14322,21.376,0,6.5,0.304079341,0,0,31.4,1.45,25.64,,,,,4.55,,Start 5pm.Discolour.,,,0
16/7/2026,1,5,SUMATHI/PUNES,PET,463202,0,BC28-0200-SB-R-CL,10701396,4,23,23,594,40920,5115,0,2376,7440,171.12,40920,0,54.648,0,0,0,1,0.018298931,23.9,4,22.92,,,,,1.5,,Stop 10am.C/order.,,,43
16/7/2026,1,5,SUMATHI/PUNES,PET,322438,0,BC28-0355-A-Q-CL,10701397,4,23,23,673,54144,0,2538,2692,0,0,2538,51606,61.916,0,3.5,0.056528199,0,0,24,4.5,22,,,2,,0,,Start 2pm.Run well.,,,0
16/7/2026,1,6,WIYAH,rPET,620994,0,JJ63-0400-SH-S-CL-rPET,10700607,4,32.74,33,1508,104192,2368,1184,6032,7104,234.432,0,104192,199.056,0,0,0,3.6,0.018085363,24.5,10.26277778,22,,,,,1.737222222,,C/order.,,,109
16/7/2026,1,7,NA,PET,324177,0,JJ63-0350-EH-R-CL,10701404,4,34.5,34.5,0,62400,154,154,0,0,0,39154,23246,0,0,0,,0,,22,0,22,,,,12,0,,Under mntc.Tie bar slanting.,,,0
16/7/2026,1,8,RASHIDI,rPET,593537,0,BX38-1000-RN-R-CL-rPET 0.2,10701601,4,56.5,56.8,1483,69000,345,460,5932,5750,326.6,15410,53590,336.9376,0,0,0,3.6,0.010684471,29,11.94638889,28.5,,,,,0.053611111,,Discolour.L.test.,,,63
16/7/2026,1,9,ASIAH,KingFa NC050,666344,2,BC28-0056-D-APH-5040-0756-PP,10701602,6,12.3,12.3,1048,162000,1620,7695,6288,0,0,104895,57105,77.3424,0,0,0,2.5,0.032323797,27.4,7.7,26,,,,4.3,0,,Mc stop 1.40pm-6pm.Under mntc.Lower mould oil leaking.,,,203
16/7/2026,1,10,SUMATHI,PET,322527,0,BB38-1000-S-S-CL,10701771,4,44.5,45.3,1479,30800,0,462,5916,5390,244.167,7392,23408,267.9948,0,0,0,2.8,0.010447964,27.6,11.339,30.12,,,,,0.661,,Gate off center.,,,61
16/7/2026,1,11,DIPAK,PPSB520Y,552181,5,BC28-0090-D-APH-5180-3538-PP-6 NOTCHES,10701604,6,14.7,14.7,1446,108000,2430,270,8676,10800,158.76,65070,42930,127.5372,0,0,0,0.5,0.003920425,29.8,11.96966667,27,,,,,0.030333333,,Run well.L.test.,,,34
16/7/2026,1,12,KALAMUDIN,PET RECRON,620599,0,BC28-0750-K4-R-CL (55g)  ,10701606,4,55,55,1475,72000,450,900,5900,5400,297,38700,33300,324.5,0,0,0,2.6,0.008012327,29.5,12,28,,,,,0,,Black dot.L.test.,,,47
16/7/2026,1,13,DIPAK,KingFa NC050,666344,3,BC28-0056-D-APH-5040-0756-PP,10700916,6,12.3,12.3,1492,162000,4050,4860,8952,8100,99.63,142560,19440,110.1096,0,0,0,0.5,0.00454093,28.1,11.64588889,26,,,,,0.354111111,,Run well.L.test.,,,40
16/7/2026,1,14,NA,PET,541381,0,BC28-1200-K-R-CL,10700742,4,55,55,0,84000,0,0,0,0,0,47600,36400,0,0,0,,0,,28,0,30.08,,,,,12,,Install auto leak test.,,,0
16/7/2026,1,15,NA,KingFa NC050,666342,0,BC28-0090-D-APH-5180-3538-PP-PCR,10701780,6,14.7,14.7,0,108000,0,0,0,0,0,0,108000,0,0,0,,0,,28.9,0,27,,,,,12,,Under tech.Thickness.,,,0
16/7/2026,1,16,JIWAN/RAM,KingFa NC050,666343,3,BC28-0170-D-5180-3539-PP,10700918,6,28,28,251,100800,2520,540,1506,3360,94.08,44220,56580,42.168,0,0,0,3.5,0.083001328,45.6,3,42,,,,,9,,Flow mark.mc stop 9am.block crack.,,,125
16/7/2026,1,17,SHESHNATH,SM398,606524,0,C35-R/S-F.TOP D.CHOC W SEAL 2.0 (ASEM),10702296,12,5.86,5.86,1374,170000,25500,7400,16488,34000,199.24,75400,94600,96.61968,0,0,0,3.5,0.036224504,30.5,11.64083333,29.04,,,,,0.359166667,,Uncapping/shot moulding  & scratches.,,,597
16/7/2026,1,18,SHAIFUL,SM840,621407,0,T-0226-BR-HERS-PP,10701401,2,27.8,27.8,1363,75040,280,700,2726,2240,62.272,0,75040,75.7828,0,0,0,1.8,0.023752092,27.4,10.4,17.8,,,,,1.6,,Thickness out.Tech adjustment.,,,64
16/7/2026,1,19,JIWAN/RAM,PET PF CAN,588637,0,PF-JK57-24-82-KEKO,10702295,6,24.6,24.6,1323,144000,75750,70500,7938,7500,184.5,52300,91700,195.2748,0,0,0,0.2,0.001024198,32.2,11.8335,26,,,,,0.1665,,Run well.,,,8
16/7/2026,1,20,,,123456,0,,,,,,0,0,0,0,,0,0,0,,,,0,,0,,0,0,0,,,,,,12,NO SCHEDULE,,,
16/7/2026,1,21,JIWAN,R-HDPE ASTERENE HXM 6007,573943,0,EBK38-2000-K-S-WH-PE(S2012),10700919,1,180,122,380,20160,45,0,380,360,43.92,20160,0,46.36,22.04,0,0,7.8,0.16824849,33.4,3.5,35,,,,,0,,Stop 9.30am.C/order.,,,63
16/7/2026,1,21,,HDPE5403A+LDPE265YZ,123456,0,EBK38-0375-K-Q-BR-PP(S0376),10701996,2,44.2,30,0,0,0,0,0,0,0,0,10010,0,0,0,,0,,0,0,0,8.5,,,,0,12,NO SCHEDULE,,,0
16/7/2026,1,22,NA,MARLEX6007,618592,0,E22-0150-R-GY-HDPE ,10701479,4,26,15,0,43200,0,0,0,0,0,0,43200,0,0,0,,0,,24.3,0,25,,,,,12,,Under tech.Shot moulding & flashing at thread area.,,,0
16/7/2026,1,23,RAM,MARLEX6007,617192,0,EBK38-2017-K-S-BEIGE-HDPE,10700920,1,139.8,103,1298,20328,363,396,1298,968,99.704,8140,12188,133.694,47.7664,0,0,30.6,0.228880877,33,11.89833333,33,,,,,0.101666667,,Black dot & line mark.L.test.,,,297
16/7/2026,1,24,KAIMULLAH,SM240,453796,0,AL2012-BK 38MM CAP (BLACK) C/W SEAL ASEM,10701655,15,4,4,2159,400000,120000,152000,32385,0,0,152000,248000,129.54,0,0,0,0.6,0.004631774,18.4,11,20.8,,,,,1,,Blockage sometimes.,,,150
16/7/2026,1,24,NITESH,SM240,453796,0,AL2012-BK 38MM CAP (BLACK) C/W SEAL ASEM,10701654,16,4,4,0,400000,0,40000,0,80000,320,0,400000,0,0,0,,0,,0,0,20.8,,,,,0,,Assy output.,,,0
16/7/2026,1,25,SHESHNATH,LLDPE 6101+HDPE 6178,665674,0,C32-BOTTOM CAP-RED-KKM,10700243,7,3.801,3.801,2233,360000,33000,3000,15631,15000,57.015,239850,120150,59.413431,0,0,0,0.5,0.008415606,19.1,11.84730556,29,,,,,0.152694444,,Discolour.,,,131
16/7/2026,1,26,ZAM,PET CAN,588272,0,JK57-0350-R-CL-KEKO,10702212,2,24,18,3632,91800,1530,2295,7264,6120,110.16,51255,40545,130.752,0,0,0,6.8,0.052006853,7.4,7.465777778,6.8,,,,4.5,0.034222222,,Mc stop sometimes preform stuck & bottle stuck.Gate off center & body dented.,,,377
16/7/2026,1,27,,,123456,0,,,,,,0,0,0,0,,0,0,0,,,,0,,0,,0,0,0,,,,,,12,NO SCHEDULE,,,
16/7/2026,1,28,,,123456,0,,,,,,0,0,0,0,,0,0,0,,,,0,,0,,0,0,0,,,,,,12,NO SCHEDULE,,,
16/7/2026,1,29,NA,R-HDPE ASTERENE HXM 50100S,611846,0,B54-5000-S-CL-HDPE,10700913,2,453,329,116,4320,360,72,232,432,142.128,1368,2952,76.328,28.768,0,0,28.95,0.379284142,61.6,1.984888889,40.1,,,,10,0.015111111,,Restart 4pm.Weight 48pcs/black dot 40pcs.Stop 6pm.Carrige encoder problem.,,,87
16/7/2026,2,1,HABIRAMI,PET,322459,0,BCY28-0500-TR-R-CL,10701475,4,40.5,40.5,1000,7000,0,0,4000,4000,162,7000,0,162,0,0,0,1.2,0.007407407,25.3,7.027777778,22.5,,,,,4.972222222,,C/order.,,,29
16/7/2026,2,2,AISHAH,PET,543590,0,BC28-0130-R-R-AM,10702421,4,19,19,2120,56056,2772,3696,8480,7392,140.448,18480,37576,161.12,0,0,0,0.5,0.003103277,19.9,11.71888889,18.72,,,,,0.281111111,,Drooling.,,,26
16/7/2026,2,3,VICKY/AISHAH,PET,322389,0,BB38-0090-R-R-CL,10701350,4,12.5,12.5,1720,49920,2640,0,6880,9360,117,46800,3120,86,0,0,0,2,0.023255814,21.6,10.3,18.64,,,,,1.7,,Sometime blockage.,,,160
16/7/2026,2,4,JEGA,PET,322506,0,BB38-0500-R-R-CL,10701476,4,32,32,1386,14784,462,462,5544,5544,177.408,6006,8778,177.408,0,0,0,0.5,0.002818362,31.4,12,25.64,,,,,0,,Run well.,,,15
16/7/2026,2,5,JEGA/MOGANA,PET,322438,0,BC28-0355-A-Q-CL,10701397,4,23,23,1820,54144,2538,0,7280,10152,233.496,10152,43992,167.44,0,0,0,1.5,0.008958433,24,12,22,,,,,0,,Start 2pm.Run well.,,,65
16/7/2026,2,6,KAVITHA,rPET,620994,0,JJ63-0400-SH-S-CL-rPET,10700607,4,32.74,33,1776,104192,1184,1184,7104,7104,234.432,22496,81696,234.432,-1.84704,0,0,0.5,0.002132815,24.5,12,22,,,,,0,,Run well.,,,15
16/7/2026,2,7,NA,PET,324177,0,JJ63-0350-EH-R-CL,10701404,4,34.5,34.5,0,62400,154,154,0,0,0,39000,23400,0,0,0,,0,,22,0,22,,,,12,0,,Under mntc.Tie bar slanting.,,,0
16/7/2026,2,8,KAVITHA/HABIRAMI/AISYAH,rPET,593537,0,BX38-1000-RN-R-CL-rPET 0.2,10701601,4,56.5,56.8,1495,69000,460,115,5980,6325,359.26,21275,47725,339.664,-1.794,0,0,1.5,0.004416129,29,12,28.5,,,,,0,,Discolour.L.test.,,,26
16/7/2026,2,9,VICKY,KingFa NC050,666344,2,BC28-0056-D-APH-5040-0756-PP,10701602,6,12.3,12.3,1560,162000,7695,810,9360,16200,199.26,114210,47790,115.128,0,0,0,0.5,0.004342992,27.4,11.87333333,26,,,,,0.126666667,,Run well.L.test.,,,40
16/7/2026,2,10,MOGANA,PET,322527,0,BB38-1000-S-S-CL,10701771,4,44.5,45.3,1580,30800,462,0,6320,6930,313.929,13860,16940,286.296,-5.056,0,0,2.2,0.007684355,27.6,12,30.12,,,,,0,,Gate off center.,,,48
16/7/2026,2,11,IRSAD,PPSB520Y,552181,5,BC28-0090-D-APH-5180-3538-PP-6 NOTCHES,10701604,6,14.7,14.7,1440,108000,270,3510,8640,5400,79.38,73710,34290,127.008,0,0,0,0.5,0.00393676,29.8,11.92,27,,,,,0.08,,Run well.L.test.,,,34
16/7/2026,2,12,AISYAH,PET RECRON,620599,0,BC28-0750-K4-R-CL (55g)  ,10701606,4,55,55,1480,72000,900,0,5920,7200,396,45000,27000,325.6,0,0,0,2,0.006142506,29.5,12,28,,,,,0,,Black dot.L.test.,,,36
16/7/2026,2,13,IRSAD,KingFa NC050,666344,3,BC28-0056-D-APH-5040-0756-PP,10700916,6,12.3,12.3,1552,162000,4860,6075,9312,8100,99.63,151875,10125,114.5376,0,0,0,0.5,0.004365379,28.1,12,26,,,,,0,,Run well.L.test.,,,40
16/7/2026,2,14,NA,PET,541381,0,BC28-1200-K-R-CL,10700742,4,55,55,0,84000,0,0,0,0,0,47600,36400,0,0,0,,0,,28,0,30.08,,,,,12,,Install auto leak test.,,,0
16/7/2026,2,15,NA,KingFa NC050,666342,0,BC28-0090-D-APH-5180-3538-PP-PCR,10701780,6,14.7,14.7,0,108000,0,0,0,0,0,0,108000,0,0,4.3,,0,,28.9,0,27,,,,,12,,Under tech.Thickness.,,,0
16/7/2026,2,16,NA,KingFa NC050,666343,3,BC28-0170-D-5180-3539-PP,10700918,6,28,28,0,100800,540,540,0,0,0,47040,53760,0,0,7,,0,,45.6,0,42,,,,,12,,Under tech block crack and leaking,,,0
16/7/2026,2,17,NIPU,SM398,606524,0,C35-R/S-F.TOP D.CHOC W SEAL 2.0 (ASEM),10702296,12,5.86,5.86,1460,170000,7400,27200,17520,0,0,95200,74800,102.6672,0,0,0,4.5,0.043830941,28.3,11.47722222,29.04,,,,,0.522777778,,Uncapping/shot moulding  & scratches.,,,767
16/7/2026,2,18,ASMULAH,SM840,621407,0,T-0226-BR-HERS-PP,10701401,2,27.8,27.8,1480,75040,700,280,2960,3360,93.408,40600,34440,82.288,0,0,0,2.6,0.031596345,27.4,11.26444444,17.8,,,,,0.735555556,,Shot moulding.,,,93
16/7/2026,2,19,ASMULAH/JALALUDIN,PET PF CAN,588637,0,PF-JK57-24-82-KEKO,10702295,6,24.6,24.6,1330,144000,70500,68250,7980,7500,184.5,60280,83720,196.308,0,0,0,0.4,0.002037614,32.2,11.89611111,26,,,,,0.103888889,,Run well.,,,16
16/7/2026,2,20,,,123456,0,,,,,,0,0,0,0,,0,0,0,,,,0,,0,,0,0,0,,,,,,12,NO SCHEDULE,,,
16/7/2026,2,21,NA,HDPE5403A+LDPE265YZ,474380,0,EBK38-0375-K-Q-BR-PP(S0376),10701996,2,44.2,30,0,10010,0,0,0,0,0,0,10010,0,0,0,,0,,33.4,0,35,,3.5,,8.5,0,,Under tech.Change mould.under mntc heater problem.,,,0
16/7/2026,2,22,NA,MARLEX6007,618592,0,E22-0150-R-GY-HDPE ,10701479,4,26,15,0,43200,0,0,0,0,0,0,43200,0,0,0,,0,,24.3,0,25,,,,,12,,Under tech.Shot moulding & flashing at thread area.,,,0
16/7/2026,2,23,JALALUIN,MARLEX6007,617192,0,EBK38-2017-K-S-BEIGE-HDPE,10700920,1,139.8,103,1260,20328,396,0,1260,1452,149.556,9196,11132,129.78,46.368,0,0,24.5,0.188781014,33,11.55,33,,,,,0.45,,Black dot & line mark.L.test.,,,237
16/7/2026,2,24,NIKHIL,SM240,453796,0,AL2012-BK 38MM CAP (BLACK) C/W SEAL ASEM,10701655,15,4,4,1920,400000,152000,176000,28800,0,0,176000,224000,115.2,0,0,0,0,0,18.4,10,20.8,,,,,2,,Blockage sometimes.,,,0
16/7/2026,2,24,NIKHIL,SM240,453796,0,AL2012-BK 38MM CAP (BLACK) C/W SEAL ASEM,10701654,16,4,4,0,0,0,72000,0,0,0,0,0,0,0,0,,0,,10,0,20.8,,,,,0,,,,,0
16/7/2026,2,25,NIPU,LLDPE 6101+HDPE 6178,665674,0,C32-BOTTOM CAP-RED-KKM,10700243,7,3.801,3.801,2250,360000,3000,21000,15750,15000,57.015,255600,104400,59.86575,0,0,0,0.2,0.003340808,19.1,11.9375,29,,,,,0.0625,,Discolour.,,,52
16/7/2026,2,26,RAIS,PET CAN,588272,0,JK57-0350-R-CL-KEKO,10702212,2,24,18,4650,91800,2295,1530,9300,9180,165.24,59670,32130,167.4,55.8,0,0,7,0.04181601,7.4,9.6,6.8,,,,,2.4,,Mc stop sometimes preform stuck & bottle stuck.Gate off center & body dented.,,,388
16/7/2026,2,27,,,123456,0,,,,,,0,0,0,0,,0,0,0,,,,0,,0,,0,0,0,,,,,,12,NO SCHEDULE,,,
16/7/2026,2,28,,,123456,0,,,,,,0,0,0,0,,0,0,0,,,,0,,0,,0,0,0,,,,,,12,NO SCHEDULE,,,
16/7/2026,2,29,NA,R-HDPE ASTERENE HXM 50100S,611846,0,B54-5000-S-CL-HDPE,10700913,2,453,329,0,4320,72,72,0,0,0,1368,2952,0,0,0,,0,,61.6,0,40.1,,,,12,0,,Under mntc Carrige encoder problem.,,,0
17/7/2026,1,1,NA,PET,324177,0,JJ63-0350-EH-R-CL,10701404,4,34.5,34.5,260,62400,156,1092,1040,0,0,40092,22308,35.88,0,3.5,0.09754738,0,0,24.5,1.769444444,22,6,,,,4.230555556,,Start 4pm.Run well.,3,4,0
17/7/2026,1,2,KALAMUDIN,PET,543590,0,BC28-0130-R-R-AM,10702421,4,19,19,2165,56056,3696,4928,8660,7392,140.448,0,56056,164.54,0,0,0,0.7,0.004254285,19.9,11.96763889,18.72,,,,,0.032361111,,Run well.L.test.,6,9,36
17/7/2026,1,3,NA,PET,597507,0,BX38-0250-SM-R-WH,10701348,4,23,23,0,86240,0,0,0,0,0,0,86240,0,0,0,,0,,21.6,0,22,7.5,,,,0,,Under tech change mould.,,,0
17/7/2026,1,3,KAIMULLAH,PET,322389,0,BB38-0090-R-R-CL,10701350,4,12.5,12.5,796,49920,0,0,3184,3120,39,49920,0,39.8,0,0,0,0.8,0.020100503,21.6,4.5,18.64,,,,,0,,Stop 10.45am.C/order.,,,64
17/7/2026,1,4,AISAH,PET,322506,0,BB38-0500-R-R-CL,10701476,4,32,32,1379,14784,462,264,5516,5544,177.408,11352,3432,176.512,0,0,0,1.5,0.008498006,31.4,12,25.64,,,,,0,,Run well.,,2,46
17/7/2026,1,5,DIPAK/KALAMUDIN,PET,322438,0,BC28-0355-A-Q-CL,10701397,4,23,23,1650,54144,0,3102,6600,3384,77.832,16638,37506,151.8,0,0,0,2.6,0.0171278,24,11,22,,,,,1,,Run well.,2,1,113
17/7/2026,1,6,WIYAH/PUNES,rPET,620994,0,JJ63-0400-SH-S-CL-rPET,10700607,4,32.74,33,1650,104192,1184,592,6600,7104,234.432,29008,75184,217.8,0,0,0,2.5,0.011478421,24.5,11.22916667,22,,,,,0.770833333,,Run well.,,5,75
17/7/2026,1,7,NA,PET,324177,0,JJ63-0350-EH-R-CL,10701404,4,34.5,34.5,0,62400,0,0,0,0,0,0,62400,0,0,0,,0,,22,0,22,,,,12,0,,Mc under mntc.Tie bar slanting.,,2,0
17/7/2026,1,8,RASHIDI,rPET,593537,0,BX38-1000-RN-R-CL-rPET 0.2,10701601,4,56.5,56.8,1474,69000,115,230,5896,5750,326.6,27255,41745,334.8928,0,0,0,1.6,0.004777648,29,11.87388889,28.5,,,,,0.126111111,,Black dot.L.test.,,,28
17/7/2026,1,9,WIYAH,KingFa NC050,666344,2,BC28-0056-D-APH-5040-0756-PP,10701602,6,12.3,12.3,1574,162000,810,2025,9444,8100,99.63,123525,38475,116.1612,0,0,0,1.5,0.01291309,27.4,11.97988889,26,,,,,0.020111111,,Run well.L.test.,,,121
17/7/2026,1,10,DIPAK,PET,322527,0,BB38-1000-S-S-CL,10701771,4,44.5,45.3,1549,30800,0,0,6196,6160,279.048,20020,10780,280.6788,0,0,0,1.5,0.005344187,27.5,11.83263889,30.12,,,,,0.167361111,,Run well.,,1,33
17/7/2026,1,11,KAIMULLAH,PPSB520Y,552181,5,BC28-0090-D-APH-5180-3538-PP-6 NOTCHES,10701604,6,14.7,14.7,1449,108000,3510,1350,8694,10800,158.76,82350,25650,127.8018,0,0,0,0.8,0.006259693,29.8,11.9945,27,,,,,0.0055,,Run well.L.test.,,,54
17/7/2026,1,12,PUNES,PET RECRON,620599,0,BC28-0750-K4-R-CL (55g)  ,10701606,4,55,55,1413,72000,0,225,5652,5400,297,50625,21375,310.86,0,0,0,1.5,0.004825323,29.5,11.57875,28,,,,,0.42125,,Black dot.L.test.,,,27
17/7/2026,1,13,KAIMULLAH,KingFa NC050,666344,3,BC28-0056-D-APH-5040-0756-PP,10700916,6,12.3,12.3,1506,162000,6075,6885,9036,8100,99.63,160785,1215,111.1428,0,0,0,1.5,0.013496151,28.1,11.75516667,26,,,,,0.244833333,,Run well.L.test.Mc Stop 7.30pm.leak test cyclinder broken.,,,121
17/7/2026,1,14,NA,PET,541381,0,BC28-1200-K-R-CL,10700742,4,55,55,0,84000,0,0,0,0,0,47600,36400,0,0,0,,0,,28,0,30.08,,,,,12,,Install auto leak test.,,,0
17/7/2026,1,15,NA,KingFa NC050,666342,0,BC28-0090-D-APH-5180-3538-PP-PCR,10701780,6,14.7,14.7,0,108000,0,0,0,0,0,0,108000,0,0,0,,0,,28.9,0,27,,,,,12,,Under tech.Thickness.,,,0
17/7/2026,1,16,JIWAN/SHESHNATH,KingFa NC050,666343,3,BC28-0170-D-5180-3539-PP,10700918,6,28,28,401,100800,540,2856,2406,0,0,46536,54264,67.368,0,0,0,2.5,0.037109607,45.6,5.079333333,42,,,,,6.920666667,,Restart 12pm.Run well.L.test.,6,15,89
17/7/2026,1,17,JIWAN,SM398,606524,0,C35-R/S-F.TOP D.CHOC W SEAL 2.0 (ASEM),10702296,12,5.86,5.86,1428,170000,27200,10200,17136,34000,199.24,112200,57800,100.41696,0,0,0,0.8,0.007966782,30.5,12,29.04,,,,,0,,Uncapping & scratches.,,,136
17/7/2026,1,18,SHAIFUL,SM840,621407,0,T-0226-BR-HERS-PP,10701401,2,27.8,27.8,1551,75040,280,0,3102,3360,93.408,43680,31360,86.2356,0,0,0,0.5,0.005798069,27.4,11.80483333,17.8,,,,,0.195166667,,Run well.,,,17
17/7/2026,1,19,SHESHNATH/JIWAN,PET PF CAN,588637,0,PF-JK57-24-82-KEKO,10702295,6,24.6,24.6,1333,144000,68250,67500,7998,7500,184.5,68250,75750,196.7508,0,0,0,1.2,0.006099086,32.2,11.92294444,26,,,,,0.077055556,,Discolour.,3,3,48
17/7/2026,1,20,,,123456,0,,,,,,0,0,0,0,,0,0,0,,,,0,,0,,0,0,0,,,,,,12,NO SCHEDULE,,,
17/7/2026,1,21,NA,HDPE5403A+LDPE265YZ,474380,0,EBK38-0375-K-Q-BR-PP(S0376),10701996,2,44.2,30,0,10010,0,0,0,0,0,0,10010,0,0,0,,0,,33.4,0,35,,,,12,0,,Under mntc.heater broken.,,,0
17/7/2026,1,22,NA,MARLEX6007,618592,0,E22-0150-R-GY-HDPE ,10701479,4,26,15,0,43200,0,0,0,0,0,0,43200,0,0,0,,0,,24.3,0,25,,,,,12,,Under tech.Flashing & shot moulding.,,,0
17/7/2026,1,23,SHESHNATH,MARLEX6007,617192,0,EBK38-2017-K-S-BEIGE-HDPE,10700920,1,139.8,103,1239,20328,0,408,1239,484,49.852,10088,10240,127.617,0,0,0,35.6,0.2789597,33,11.3575,33,,,,,0.6425,,line mark & black dot.L.test.,,,345
17/7/2026,1,24,NITESH,SM240,453796,0,AL2012-BK 38MM CAP (BLACK) C/W SEAL ASEM,10701655,15,4,4,2447,400000,176000,212000,36705,0,0,212000,188000,146.82,12,0,0,0.5,0.003405531,17.4,12,20.8,,,,,0,,Run well.,,,125
17/7/2026,1,24,KAIMULLAH,SM240,453796,0,AL2012-BK 38MM CAP (BLACK) C/W SEAL ASEM,10701654,16,4,4,0,400000,0,40000,0,80000,320,240000,160000,0,0,0,,0,,0,0,20.8,,,,,0,,Assy output.,,,0
17/7/2026,1,25,SHESHNATH/JIWAN,LLDPE 6101+HDPE 6178,665674,0,C32-BOTTOM CAP-RED-KKM,10700243,7,3.801,3.801,2241,360000,21000,39000,15687,15000,57.015,271200,88800,59.626287,0,0,0,0.5,0.008385563,19.1,11.88975,29,,,,,0.11025,,Discolour.,,,131
17/7/2026,1,26,RAM,PET CAN,588272,0,JK57-0350-R-CL-KEKO,10702212,2,24,18,4712,91800,1530,1190,9424,9180,165.24,68510,23290,169.632,0,0,0,10.5,0.061898698,7.4,9.7,6.8,,,,,2.3,,Mc stop sometimes preform stuck & bottle stuck.Gate off center & body dented.,,10,583
17/7/2026,1,27,,,123456,0,,,,,,0,0,0,0,,0,0,0,,,,0,,0,,0,0,0,,,,,,12,NO SCHEDULE,,,
17/7/2026,1,28,,,123456,0,,,,,,0,0,0,0,,0,0,0,,,,0,,0,,0,0,0,,,,,,12,NO SCHEDULE,,,
17/7/2026,1,29,NA,R-HDPE ASTERENE HXM 50100S,611846,0,B54-5000-S-CL-HDPE,10700913,2,453,329,0,4320,72,72,0,0,0,1368,2952,0,0,0,,0,,61.6,0,40.1,,,,12,0,,Under mntc.Carrige encoder problem.,,,0
17/7/2026,2,1,JEGA,PET,324177,0,JJ63-0350-EH-R-CL,10701404,4,34.5,34.5,1620,62400,1092,1088,6480,6240,215.28,46328,16072,223.56,0,0,0,15,0.067096082,24.5,11.025,22,,,,,0.975,,Discolour.,,,434
17/7/2026,2,2,AISYSH,PET,543590,0,BC28-0130-R-R-AM,10702421,4,19,19,2156,56056,2156,6160,8624,7392,140.448,35728,20328,163.856,0,0,0,1,0.00610292,19.9,11.91788889,18.72,,,,,0.082111111,,Run well.L.test.,,,52
17/7/2026,2,3,MOGANA/AISYAH,PET,597507,0,BX38-0250-SM-R-WH,10701348,4,23,23,820,86240,0,0,3280,3234,74.382,3234,83006,75.44,0,10,0.132555673,5.8,0.076882291,24.75,5.6375,22,,,,,6.3625,,Under tech change mould.start 11pm,,,252
17/7/2026,2,4,HABIRAMI,PET,369308,0,BW38-0280-LS-R-RED,10701866,4,31,31,0,34560,0,0,0,0,0,0,34560,0,0,0,,0,,31.4,0,28.4,,,,,0,1.1,Material loading 3am.,,,0
17/7/2026,2,4,HABIRAMI,PET,322506,0,BB38-0500-R-R-CL,10701476,4,32,32,850,14784,264,0,3400,3696,118.272,14784,0,108.8,0,0,0,1,0.009191176,31.4,7.4,25.64,,3.5,,,0,,C/order.1.30am,,,31
17/7/2026,2,5,KAVITHA/HABIRAMI,PET,322438,0,BC28-0355-A-Q-CL,10701397,4,23,23,1700,54144,3102,3102,6800,6768,155.664,23406,30738,156.4,0,0,0,3,0.019181586,24,11.33333333,22,,,,0.3,0.366666667,,Stop 5.40am.under mntc main power trip.,,,130
17/7/2026,2,6,JEGA/AISHAH,rPET,620994,0,JJ63-0400-SH-S-CL-rPET,10700607,4,32.74,33,1720,104192,592,296,6880,7104,234.432,35816,68376,227.04,-1.7888,0,0,3.2,0.014094433,24.5,11.70555556,22,,,,,0.294444444,,Run well.,,,96
17/7/2026,2,7,,,123456,0,,,,,,0,0,0,0,,0,0,0,,,,0,,0,,0,0,0,,,,,,12,NO SCHEDULE,,,
17/7/2026,2,8,VICKY,rPET,593537,0,BX38-1000-RN-R-CL-rPET 0.2,10701601,4,56.5,56.8,1500,69000,230,0,6000,6325,359.26,33350,35650,340.8,-1.8,0,0,2,0.005868545,29,12,28.5,,,,,0,,Black dot.L.test.,,,35
17/7/2026,2,9,MOGANA,KingFa NC050,666344,2,BC28-0056-D-APH-5040-0756-PP,10701602,6,12.3,12.3,1560,162000,2025,3240,9360,8100,99.63,132840,29160,115.128,0,0,0,0.5,0.004342992,27.4,11.87333333,26,,,,,0.126666667,,Run well.L.test.,,,40
17/7/2026,2,10,KAVITHA,PET,322527,0,BB38-1000-S-S-CL,10701771,4,44.5,45.3,1540,30800,0,0,6160,6160,279.048,26180,4620,279.048,-4.928,0,0,2.6,0.009317393,27.5,11.76388889,30.12,,,,,0.236111111,,Run well.,,,57
17/7/2026,2,11,BHOLA,PPSB520Y,552181,5,BC28-0090-D-APH-5180-3538-PP-6 NOTCHES,10701604,6,14.7,14.7,1460,108000,1350,4860,8760,5400,79.38,91260,16740,128.772,0,0,0,2.3,0.017861026,29.8,12,27,,,,,0,,Run well.L.test.,,,156
17/7/2026,2,12,AISHAH,PET RECRON,620599,0,BC28-0750-K4-R-CL (55g)  ,10701606,4,55,55,1406,72000,225,675,5624,5400,297,56475,15525,309.32,0,0,0,7,0.022630286,29.5,11.52138889,28,,,,,0.478611111,,Black dot.L.test.,,,127
17/7/2026,2,13,BHOLA,KingFa NC050,666344,3,BC28-0056-D-APH-5040-0756-PP,10700916,6,12.3,12.3,205,162000,6885,0,1230,8100,99.63,162000,0,15.129,0,0,0,0,0,28.1,1.6,26,,,,,2,,Run well.L.test.Mc Stop 7.30pm.leak test cyclinder broken.start.9.30pm.C/order.,,,0
17/7/2026,2,13,BHOLA,KingFa NC050,666344,3,BC28-0056-D-APH-5040-0756-PP,10701608,6,12.3,12.3,1080,162000,0,6480,6480,0,0,6480,155520,79.704,0,0,0,1.5,0.018819633,28.1,8.4,26,,,,,0,,Run well.L.test.,,,121
17/7/2026,2,14,NA,PET,541381,0,BC28-1200-K-R-CL,10700742,4,55,55,0,84000,0,0,0,0,0,0,84000,0,0,0,,0,,28,0,30.08,,,,,12,,Install auto leak test.,,,0
17/7/2026,2,15,NA,KingFa NC050,666342,0,BC28-0090-D-APH-5180-3538-PP-PCR,10701780,6,14.7,14.7,540,108000,0,3240,3240,0,0,3240,104760,47.628,0,13.8,0.289745528,0,0,28.9,4.3,27,,,,,7.7,,Under tech.Thickness.Start 1.30am.,,,0
17/7/2026,2,16,RAIS,KingFa NC050,666343,3,BC28-0170-D-5180-3539-PP,10700918,6,28,28,952,100800,2856,1848,5712,6720,188.16,52248,48552,159.936,0,0,0,0.5,0.003126251,45.6,12,42,,,,,0,,Run well.L.test.,,,17
17/7/2026,2,17,HAS,SM398,606524,0,C35-R/S-F.TOP D.CHOC W SEAL 2.0 (ASEM),10702296,12,5.86,5.86,1485,170000,10200,25500,17820,0,0,127500,42500,104.4252,0,0,0,4.6,0.04405067,28.9,11.92125,29.04,,,,,0.07875,,Uncapping & scratches.,,,784
17/7/2026,2,18,ASMULAH/RAIS,SM840,621407,0,T-0226-BR-HERS-PP,10701401,2,27.8,27.8,1595,75040,0,0,3190,3360,93.408,47040,28000,88.682,0,0,0,0.5,0.005638123,27.4,12,17.8,,,,,0,,Run well.,,,17
17/7/2026,2,19,ASMULAH/RAIS,PET PF CAN,588637,0,PF-JK57-24-82-KEKO,10702295,6,24.6,24.6,1260,144000,67500,72000,7560,7500,184.5,75810,68190,185.976,0,0,0,2,0.010754076,32.2,11.27,26,,,,,0.73,,Run well.,,,81
17/7/2026,2,20,,,123456,0,,,,,,0,0,0,0,,0,0,0,,,,0,,0,,0,0,0,,,,,,12,NO SCHEDULE,,,
17/7/2026,2,21,NA,HDPE5403A+LDPE265YZ,474380,0,EBK38-0375-K-Q-BR-PP(S0376),10701996,2,44.2,30,0,10010,0,0,0,0,0,0,10010,0,0,10,,0,,33.4,0,35,,,,,12,,Under tech quality issue follow mark.,,,0
17/7/2026,2,22,NA,MARLEX6007,618592,0,E22-0150-R-GY-HDPE ,10701479,4,26,15,0,43200,0,0,0,0,0,0,43200,0,0,0,,0,,24.3,0,25,,,,,12,,Under tech.Flashing & shot moulding.,,,0
17/7/2026,2,23,ASMULAH,MARLEX6007,617192,0,EBK38-2017-K-S-BEIGE-HDPE,10700920,1,139.8,103,1250,20328,408,0,1250,1452,149.556,11132,9196,128.75,46,0,0,32,0.248543689,33,11.45833333,33,,,,,0.541666667,,line mark & black dot.L.test.,,,310
17/7/2026,2,24,IRSAD,SM240,453796,0,AL2012-BK 38MM CAP (BLACK) C/W SEAL ASEM,10701655,15,4,4,2400,400000,21200,92000,36000,0,0,25200,374800,144,0,0,0,0,0,17.4,11.6,20.8,,,,,0.4,,Run well.,,,0
17/7/2026,2,25,HAS,LLDPE 6101+HDPE 6178,665674,0,C32-BOTTOM CAP-RED-KKM,10700243,7,3.801,3.801,2210,360000,39000,54000,15470,15000,57.015,286670,73330,58.80147,0,0,0,0.1,0.001700638,19.1,11.72527778,29,,,,,0.274722222,,Run well.,,,26
17/7/2026,2,26,NIKHIL,PET CAN,588272,0,JK57-0350-R-CL-KEKO,10702212,2,24,18,4850,91800,1190,850,9700,9180,165.24,77350,14450,174.6,58.2,0,0,6.5,0.03722795,7.4,10,6.8,,,,,2,,Mc stop sometimes preform stuck & bottle stuck.Gate off center & body dented base deform.,,,361
17/7/2026,2,27,,,123456,0,,,,,,0,0,0,0,,0,0,0,,,,0,,0,,0,0,0,,,,,,12,NO SCHEDULE,,,
17/7/2026,2,28,,,123456,0,,,,,,0,0,0,0,,0,0,0,,,,0,,0,,0,0,0,,,,,,12,NO SCHEDULE,,,
17/7/2026,2,29,NA,R-HDPE ASTERENE HXM 50100S,611846,0,B54-5000-S-CL-HDPE,10700913,2,453,329,0,4320,72,72,0,0,0,1368,2952,0,0,0,,0,,61.6,0,40.1,,,,12,0,,Under mntc.Carrige encoder problem.,,,0
18/7/2026,1,1,PUNES/SUMATHI,PET,324177,0,JJ63-0350-EH-R-CL,10701404,4,34.5,34.5,1749,62400,1088,156,6996,7800,269.1,53196,9204,241.362,0,0,0,4.5,0.018644194,24.5,11.90291667,22,,,,,0.097083333,,White mark.L.test.,,,130
18/7/2026,1,2,GVETHA/WIYAH,PET,543590,0,BC28-0130-R-R-AM,10702421,4,19,19,2042,56056,6160,6776,8168,7392,140.448,43736,12320,155.192,0,0,0,3,0.019330893,19.9,11.28772222,18.72,,,,,0.712277778,,Drooling.L.test.,,,157
18/7/2026,1,3,GVETHA,PET,597507,0,BX38-0250-SM-R-WH,10701348,4,23,23,1457,86240,0,1232,5828,4312,99.176,8778,77462,134.044,0,0,0,6.5,0.04849154,24.8,10.03711111,22,,,,,1.962888889,,Body soft & discolour.L.test.,10,8,282
18/7/2026,1,4,UMA/WIYAH,PET,369308,0,BW38-0280-LS-R-RED,10701866,4,31,31,997,34560,0,960,3988,2880,89.28,3840,30720,123.628,0,4,0.03235513,0.5,0.004044391,26.7,7.394416667,28.4,,,,,4.605583333,,Start 9.30am.Run well.,5,4,16
18/7/2026,1,5,NA,PET,322438,0,BC28-0355-A-Q-CL,10701397,4,23,23,0,54144,3102,3102,0,0,0,23406,30738,0,0,0,,0,,24,0,22,,,,5,6,1,Under mntc.Hot runner shot & power trip.Under tech hot runner problem.,,,0
18/7/2026,1,6,PUNES,rPET,620994,0,JJ63-0400-SH-S-CL-rPET,10700607,4,32.74,33,1858,104192,296,592,7432,7104,234.432,43216,60976,245.256,0,0,0,1,0.004077372,22.2,11.45766667,22,,,,,0.542333333,,Run well.,,,30
18/7/2026,1,7,,,123456,0,,,,,,0,0,0,0,,0,0,0,,,,0,,0,,0,0,0,,,,,,12,NO SCHEDULE,,,
18/7/2026,1,8,SHAIFUL,rPET,593537,0,BX38-1000-RN-R-CL-rPET 0.2,10701601,4,56.5,56.8,1310,69000,0,0,5240,5175,293.94,38525,30475,297.632,0,0,0,3.5,0.011759488,29,10.55277778,28.5,,,,,1.447222222,,Black dot.l.test.,,,61
18/7/2026,1,9,RASHIDI,KingFa NC050,666344,2,BC28-0056-D-APH-5040-0756-PP,10701602,6,12.3,12.3,1567,162000,3240,4455,9402,8100,99.63,142155,19845,115.6446,0,0,0,1,0.008647183,27.4,11.92661111,26,,,,,0.073388889,,Run well.l.test.,,,81
18/7/2026,1,10,WIYAH,PET,322527,0,BB38-1000-S-S-CL,10701771,4,44.5,45.3,1169,30800,0,0,4676,4620,209.286,30800,0,211.8228,0,0,0,2.5,0.011802318,27.5,9,30.12,,,,,0,,Stop 3.30pm.C/order.,2,2,55
18/7/2026,1,10,WIYAH,PET,322517,0,BB38-1000-HC-S-CL,10701772,4,45.3,45.3,0,10400,0,0,0,0,0,0,10400,0,0,0,,0,,27.5,0,25.88,,,1.8,,1.2,,Under tech.Change mould.,,,0
18/7/2026,1,11,KAIMULLAH,PPSB520Y,552181,5,BC28-0090-D-APH-5180-3538-PP-6 NOTCHES,10701604,6,14.7,14.7,1406,108000,4860,2430,8436,10800,158.76,99630,8370,124.0092,0,0,0,1,0.008063918,29.8,11.63855556,27,,,,,0.361444444,,Run well.l.test.,,,68
18/7/2026,1,12,SUMATHI,PET RECRON,620599,0,BC28-0750-K4-R-CL (55g)  ,10701606,4,55,55,1308,72000,675,450,5232,5400,297,61650,10350,287.76,0,0,0,3,0.010425354,29.5,10.71833333,28,,,,,1.281666667,,Black dot.l.test.,,,54
18/7/2026,1,13,KAIMULLAH,KingFa NC050,666344,3,BC28-0056-D-APH-5040-0756-PP,10701608,6,12.3,12.3,1513,162000,6480,7290,9078,8100,99.63,15390,146610,111.6594,0,0,0,2,0.017911613,28.1,11.80980556,26,,,,,0.190194444,,Run well.l.test.,,,162
18/7/2026,1,14,NA,PET,541381,0,BC28-1200-K-R-CL,10700742,4,55,55,0,84000,0,0,0,0,0,0,84000,0,0,0,,0,,28,0,30.08,,,,,12,,install auto take out.,,,0
18/7/2026,1,15,KAIMULLAH,KingFa NC050,666342,0,BC28-0090-D-APH-5180-3538-PP-PCR,10701780,6,14.7,14.7,1451,108000,3240,11880,8706,0,0,11880,96120,127.9782,0,0,0,1,0.007813831,27.8,11.20494444,27,,,,,0.795055556,,Cav #3/4 thickness out.Qc on hold 2plt.Pending verified.,2,2,68
18/7/2026,1,16,ZAM,KingFa NC050,666343,3,BC28-0170-D-5180-3539-PP,10700918,6,28,28,933,100800,1848,672,5598,6720,188.16,57792,43008,156.744,0,0,0,1.5,0.009569744,45.6,11.818,42,,,,,0.182,,Run well.l.test.,,,53
18/7/2026,1,17,JIWAN,SM398,606524,0,C35-R/S-F.TOP D.CHOC W SEAL 2.0 (ASEM),10702296,12,5.86,5.86,1525,170000,25500,9300,18300,34000,199.24,145300,24700,107.238,0,0,0,3,0.027975158,28.5,12,29.04,,,,,0,,Uncapping & scratches.,,,511
18/7/2026,1,18,JIWAN,SM840,621407,0,T-0226-BR-HERS-PP,10701401,2,27.8,27.8,1554,75040,0,840,3108,2240,62.272,50120,24920,86.4024,0,0,0,0,0,27.4,11.82766667,17.8,,,,,0.172333333,,Run well.,,,0
18/7/2026,1,19,ZAM,PET PF CAN,588637,0,PF-JK57-24-82-KEKO,10702295,6,24.6,24.6,1270,144000,72000,64500,7620,7500,184.5,83410,60590,187.452,0,0,0,0.5,0.00266735,32.2,11.35944444,26,,,,,0.640555556,,Run well.,9,46,20
18/7/2026,1,20,,,123456,0,,,,,,0,0,0,0,,0,0,0,,,,0,,0,,0,0,0,,,,,,12,NO SCHEDULE,,,
18/7/2026,1,21,NA,HDPE5403A+LDPE265YZ,474380,0,EBK38-0375-K-Q-BR-PP(S0376),10701996,2,44.2,30,0,10010,0,0,0,0,0,0,10010,0,0,0,,0,,33.4,0,35,,,,12,0,,Under mntc.heater broken.,,,0
18/7/2026,1,22,NA,MARLEX6007,618592,0,E22-0150-R-GY-HDPE ,10701479,4,26,15,0,43200,0,0,0,0,0,0,43200,0,0,0,,0,,24.3,0,25,,,,,12,,Under tech.Flashing & shot moulding.,,,0
18/7/2026,1,23,NITESH,MARLEX6007,617192,0,EBK38-2017-K-S-BEIGE-HDPE,10700920,1,139.8,103,1150,20328,0,374,1150,484,49.852,11990,8338,118.45,0,0,0,30,0.253271423,33,10.5,33,,,,,1.5,,LLIne mark & black dot.L.test.,,,291
18/7/2026,1,24,SHESHNATH,SM240,453796,0,AL2012-BK 38MM CAP (BLACK) C/W SEAL ASEM,10701655,15,4,4,2433,400000,0,276000,36495,0,0,212000,188000,145.98,19,0,0,1,0.006850253,17.4,11.75,20.8,,,,,0.25,,Blockage sometimes.,,,250
18/7/2026,1,24,SHESHNATH,SM240,453796,0,AL2012-BK 38MM CAP (BLACK) C/W SEAL ASEM,10701654,16,4,4,0,400000,0,40000,0,80000,320,32000,368000,0,0,0,,0,,0,0,20.8,,,,,0,,Assy output.,,,0
18/7/2026,1,25,ZAM,LLDPE 6101+HDPE 6178,665674,0,C32-BOTTOM CAP-RED-KKM,10700243,7,3.801,3.801,2259,360000,54000,69000,15813,15000,57.015,302420,57580,60.105213,0,0,0,0.5,0.008318746,19.1,11.98525,29,,,,,0.01475,,Discolour.,,,131
18/7/2026,1,26,KALAMUDIN,PET CAN,588272,0,JK57-0350-R-CL-KEKO,10702212,2,24,18,3976,91800,850,2125,7952,6120,110.16,84745,7055,143.136,0,0,0,10,0.069863626,7.4,9.2,6.8,,,,,2.8,,Mc stop sometimes bottle stuck & body dented.dented & gate off.,,11,555
18/7/2026,1,27,,,123456,0,,,,,,0,0,0,0,,0,0,0,,,,0,,0,,0,0,0,,,,,,12,NO SCHEDULE,,,
18/7/2026,1,28,,,123456,0,,,,,,0,0,0,0,,0,0,0,,,,0,,0,,0,0,0,,,,,,12,NO SCHEDULE,,,
18/7/2026,1,29,NA,MARLEX5502,645095,0,E44-3900-S-NA-FMC-HDPE,TESTING,2,317,190,0,0,0,0,0,0,0,0,0,0,0,0,,0,,61.6,0,45,,,,,12,,Under tech change mould 3.9liter.,20,,0
18/7/2026,2,1,JALALUDIN,PET,324177,0,JJ63-0350-EH-R-CL,10701404,4,34.5,34.5,1750,62400,156,936,7000,6240,215.28,60216,2184,241.5,0,0,0,3.5,0.014492754,24.5,11.90972222,22,,,,,0.090277778,,White mark & overhead.L.test,,,101
18/7/2026,2,2,,,123456,0,,,,,,0,0,0,0,,0,0,0,,,,0,,0,,0,0,0,,,,,,12,NO SCHEDULE,,,
18/7/2026,2,3,,,123456,0,,,,,,0,0,0,0,,0,0,0,,,,0,,0,,0,0,0,,,,,,12,NO SCHEDULE,,,
18/7/2026,2,4,,,123456,0,,,,,,0,0,0,0,,0,0,0,,,,0,,0,,0,0,0,,,,,,12,NO SCHEDULE,,,
18/7/2026,2,5,,,123456,0,,,,,,0,0,0,0,,0,0,0,,,,0,,0,,0,0,0,,,,,,12,NO SCHEDULE,,,
18/7/2026,2,6,JALALUDIN/BINOD,rPET,620994,0,JJ63-0400-SH-S-CL-rPET,10700607,4,32.74,33,1924,104192,592,1184,7696,7104,234.432,50912,53280,253.968,-2.00096,0,0,1,0.003937504,22.2,11.86466667,22,,,,,0.135333333,,Run well,,,30
18/7/2026,2,7,,,123456,0,,,,,,0,0,0,0,,0,0,0,,,,0,,0,,0,0,0,,,,,,12,NO SCHEDULE,,,
18/7/2026,2,8,,,123456,0,,,,,,0,0,0,0,,0,0,0,,,,0,,0,,0,0,0,,,,,,12,NO SCHEDULE,,,
18/7/2026,2,9,BINOD,KingFa NC050,666344,2,BC28-0056-D-APH-5040-0756-PP,10701602,6,12.3,12.3,1547,162000,4455,5670,9282,8100,99.63,151470,10530,114.1686,0,0,0,1,0.008758976,27.4,11.77438889,26,,,,,0.225611111,,Run well.L.test,,,81
18/7/2026,2,10,,,123456,0,,,,,,0,0,0,0,,0,0,0,,,,0,,0,,0,0,0,,,,,,12,NO SCHEDULE,,,
18/7/2026,2,11,BHOLA,PPSB520Y,552181,5,BC28-0090-D-APH-5180-3538-PP-6 NOTCHES,10701604,6,14.7,14.7,1438,108000,2430,,8628,10800,158.76,108000,0,126.8316,0,0,0,3,0.023653411,29.8,12,27,,,,,0,,Run well.L.test,,,204
18/7/2026,2,11,BHOLA,PPSB520Y,552181,5,BC28-0090-D-APH-5180-3538-PP-6 NOTCHES,10701605,6,14.7,14.7,0,108000,,270,0,,0,270,107730,0,0,0,,3,,29.8,0,27,,,,,0,,Run well.L.test,,,204
18/7/2026,2,12,,,123456,0,,,,,,0,0,0,0,,0,0,0,,,,0,,0,,0,0,0,,,,,,12,NO SCHEDULE,,,
18/7/2026,2,13,BHOLA,KingFa NC050,666344,3,BC28-0056-D-APH-5040-0756-PP,10701608,6,12.3,12.3,1515,162000,7290,0,9090,16200,199.26,24300,137700,111.807,0,0,0,1,0.008943984,28.1,11.82541667,26,,,,,0.174583333,,Run well.L.test,,,81
18/7/2026,2,14,,,123456,0,,,,,,0,0,0,0,,0,0,0,,,,0,,0,,0,0,0,,,,,,12,NO SCHEDULE,,,
18/7/2026,2,15,BHOLA,KingFa NC050,666342,0,BC28-0090-D-APH-5180-3538-PP-PCR,10701780,6,14.7,14.7,1452,108000,11880,19980,8712,,0,19980,88020,128.0664,0,0,0,6.5,0.050754921,28.9,11.65633333,27,,,,,0.343666667,,Flow mark .L.test,,,442
18/7/2026,2,16,HASMUDIN,KingFa NC050,666343,3,BC28-0170-D-5180-3539-PP,10700918,6,28,28,949,100800,627,3192,5694,6720,188.16,100392,408,159.432,0,0,0,2,0.012544533,45.6,12,42,,,,,0,,Run well.L.test,,,71
18/7/2026,2,17,NA,SM398,606524,0,C35-R/S-F.TOP D.CHOC W SEAL 2.0 (ASEM),10702296,12,5.86,5.86,266,170000,9300,12500,3192,0,0,148500,21500,18.70512,0,0,0,0,0,28.5,2.105833333,29.04,,,,,9.894166667,,Mc stop,,,0
18/7/2026,2,18,NA,SM840,621407,0,T-0226-BR-HERS-PP,10701401,2,27.8,27.8,350,75040,840,420,700,1120,31.136,50820,24220,19.46,0,0,0,2,0.102774923,27.4,2.663888889,17.8,,,,,9.336111111,,Inward onliy .drooling mc stop,,,71
18/7/2026,2,19,,,123456,0,,,,,,0,0,0,0,,0,0,0,,,,0,,0,,0,0,0,,,,,,12,NO SCHEDULE,,,
18/7/2026,2,20,,,123456,0,,,,,,0,0,0,0,,0,0,0,,,,0,,0,,0,0,0,,,,,,12,NO SCHEDULE,,,
18/7/2026,2,21,,,123456,0,,,,,,0,0,0,0,,0,0,0,,,,0,,0,,0,0,0,,,,,,12,NO SCHEDULE,,,
18/7/2026,2,22,,,123456,0,,,,,,0,0,0,0,,0,0,0,,,,0,,0,,0,0,0,,,,,,12,NO SCHEDULE,,,
18/7/2026,2,23,HASMUDIN,MARLEX6007,617192,0,EBK38-2017-K-S-BEIGE-HDPE,10700920,1,139.8,103,1314,20328,374,80,1314,1452,149.556,13148,7180,135.342,48.3552,0,0,22,0.162551167,33,12,33,,,,,0,,Black dot.L.test,,,213
18/7/2026,2,24,NA,SM240,453796,0,AL2012-BK 38MM CAP (BLACK) C/W SEAL ASEM,10701655,15,4,4,471,400000,276000,288000,7065,0,0,280000,120000,28.26,0,0,0,2.3,0.08138712,17.4,2.2765,20.8,,,,,9.7235,,Mc stop,,,575
18/7/2026,2,25,HASMUDIN,LLDPE 6101+HDPE 6178,665674,0,C32-BOTTOM CAP-RED-KKM,10700243,7,3.801,3.801,2239,360000,64500,69000,15673,15000,57.015,318093,41907,59.573073,0,0,0,0,0,19.1,11.87913889,29,,,,,0.120861111,,Disclour,,,0
18/7/2026,2,26,,,123456,0,,,,,,0,0,0,0,,0,0,0,,,,0,,0,,0,0,0,,,,,,12,NO SCHEDULE,,,
18/7/2026,2,27,,,123456,0,,,,,,0,0,0,0,,0,0,0,,,,0,,0,,0,0,0,,,,,,12,NO SCHEDULE,,,
18/7/2026,2,28,,,123456,0,,,,,,0,0,0,0,,0,0,0,,,,0,,0,,0,0,0,,,,,,12,NO SCHEDULE,,,
18/7/2026,2,29,,,123456,0,,,,,,0,0,0,0,,0,0,0,,,,0,,0,,0,0,0,,,,,,12,NO SCHEDULE,,,
19/7/2026,1,1,SUMATHI,PET,324177,0,JJ63-0350-EH-R-CL,10701404,4,34.5,34.5,650,62400,936,0,2600,3120,107.64,62400,0,89.7,0,0,0,2,0.022296544,24.5,3.5,22,5.5,,,,3,,Stop 9.30am.C/order.tech no change mould.,,,57
19/7/2026,1,2,,,123456,0,,,,,,0,0,0,0,,0,0,0,,,,0,,0,,0,0,0,,,,,,12,NO SCHEDULE,,,
19/7/2026,1,3,,,123456,0,,,,,,0,0,0,0,,0,0,0,,,,0,,0,,0,0,0,,,,,,12,NO SCHEDULE,,,
19/7/2026,1,4,,,123456,0,,,,,,0,0,0,0,,0,0,0,,,,0,,0,,0,0,0,,,,,,12,NO SCHEDULE,,,
19/7/2026,1,5,,,123456,0,,,,,,0,0,0,0,,0,0,0,,,,0,,0,,0,0,0,,,,,,12,NO SCHEDULE,,,
19/7/2026,1,6,SUMATHI/THURGA,rPET,620994,0,JJ63-0400-SH-S-CL-rPET,10700607,4,32.74,33,1924,104192,1184,1776,7696,7104,234.432,58608,45584,253.968,-2.00096,0,0,1.3,0.005118755,22.2,11.86466667,22,,,,,0.135333333,,Run well.,,,39
19/7/2026,1,7,,,123456,0,,,,,,0,0,0,0,,0,0,0,,,,0,,0,,0,0,0,,,,,,12,NO SCHEDULE,,,
19/7/2026,1,8,SUMATHI/THURGA,rPET,593537,0,BX38-1000-RN-R-CL-rPET 0.2,10701601,4,56.5,56.8,620,69000,0,115,2480,2300,130.64,40825,28175,140.864,-0.744,5,0.035495229,2,0.014198092,29,4.994444444,28.5,,,,,7.005555556,,Start 12.30pm,,,35
19/7/2026,1,9,THURGA,KingFa NC050,666344,2,BC28-0056-D-APH-5040-0756-PP,10701602,6,12.3,12.3,1590,162000,5670,7290,9540,8100,99.63,161190,810,117.342,0,0,0,1,0.008522098,27.4,12,26,,,,,0,,Run well.L.test.,,,81
19/7/2026,1,10,,,123456,0,,,,,,0,0,0,0,,0,0,0,,,,0,,0,,0,0,0,,,,,,12,NO SCHEDULE,,,
19/7/2026,1,11,KAIMULAH,PPSB520Y,552181,5,BC28-0090-D-APH-5180-3538-PP-6 NOTCHES,10701605,6,14.7,14.7,1410,108000,270,3240,8460,5400,79.38,8640,99360,124.362,0,0,0,0.5,0.004020521,29.8,11.67166667,27,,,,,0.328333333,,Run well.L.test.,,,34
19/7/2026,1,12,,,123456,0,,,,,,0,0,0,0,,0,0,0,,,,0,,0,,0,0,0,,,,,,12,NO SCHEDULE,,,
19/7/2026,1,13,KAIMULAH,KingFa NC050,666344,3,BC28-0056-D-APH-5040-0756-PP,10701608,6,12.3,12.3,1485,162000,0,810,8910,8100,99.63,33210,128790,109.593,0,0,0,0.5,0.004562335,28.1,11.59125,26,,,,,0.40875,,Run well.L.test.,,,40
19/7/2026,1,14,,,123456,0,,,,,,0,0,0,0,,0,0,0,,,,0,,0,,0,0,0,,,,,,12,NO SCHEDULE,,,
19/7/2026,1,15,KAIMULAH,KingFa NC050,666342,0,BC28-0090-D-APH-5180-3538-PP-PCR,10701780,6,14.7,14.7,1520,108000,19980,22950,9120,0,0,22950,85050,134.064,0,0,0,1,0.007459124,27.8,11.73777778,27,,,,,0.262222222,,Under tech thickness out machine run qc onhold 85ctn.,2,2,68
19/7/2026,1,16,RAIS,KingFa NC050,666343,3,BC28-0170-D-5180-3539-PP,10700918,6,28,28,930,100800,3192,1848,5580,6720,188.16,69048,31752,156.24,0,0,0,0.5,0.003200205,45.6,11.78,42,,,,,0.22,,Run well.L.test.,,,17
19/7/2026,1,17,,,123456,0,,,,,,0,0,0,0,,0,0,0,,,,0,,0,,0,0,0,,,,,,12,NO SCHEDULE,,,
19/7/2026,1,18,ASMULAH/RAIS,SM840,621407,0,T-0226-BR-HERS-PP,10701401,2,27.8,27.8,1260,75040,420,700,2520,2240,62.272,53340,21700,70.056,0,1,0.014274295,0.5,0.007137147,27.4,9.59,17.8,,,,,2.41,,Start 8.30am,,,17
19/7/2026,1,19,,,123456,0,,,,,,0,0,0,0,,0,0,0,,,,0,,0,,0,0,0,,,,,,12,NO SCHEDULE,,,
19/7/2026,1,20,,,123456,0,,,,,,0,0,0,0,,0,0,0,,,,0,,0,,0,0,0,,,,,,12,NO SCHEDULE,,,
19/7/2026,1,21,,,123456,0,,,,,,0,0,0,0,,0,0,0,,,,0,,0,,0,0,0,,,,,,12,NO SCHEDULE,,,
19/7/2026,1,22,,,123456,0,,,,,,0,0,0,0,,0,0,0,,,,0,,0,,0,0,0,,,,,,12,NO SCHEDULE,,,
19/7/2026,1,23,ASMULAH,MARLEX6007,617192,0,EBK38-2017-K-S-BEIGE-HDPE,10700920,1,139.8,103,1250,20328,80,121,1250,968,99.704,14157,6171,128.75,46,0,0,21,0.163106796,33,11.45833333,33,,,,,0.541666667,,Black dot.L.test.,,,203
19/7/2026,1,24,SHESHANTH,SM240,453796,0,AL2012-BK 38MM CAP (BLACK) C/W SEAL ASEM,10701655,15,4,4,900,400000,288000,72000,13500,0,0,72000,328000,54,0,0,0,0,0,17.4,4.35,20.8,,,,,7.65,,Start 8.50am under tech fillterproblem sometime blockage ,,,0
19/7/2026,1,25,ASMULAH/RAIS,LLDPE 6101+HDPE 6178,665674,0,C32- BOTTOM CAP-RED-KKM,10700243,7,3.801,3.801,2200,360000,69000,105000,15400,15000,57.015,333493,26507,58.5354,0,0,0,0,0,19.1,11.67222222,29,,,,,0.327777778,,Run well.,,,0
19/7/2026,1,26,,,123456,0,,,,,,0,0,0,0,,0,0,0,,,,0,,0,,0,0,0,,,,,,12,NO SCHEDULE,,,
19/7/2026,1,27,,,123456,0,,,,,,0,0,0,0,,0,0,0,,,,0,,0,,0,0,0,,,,,,12,NO SCHEDULE,,,
19/7/2026,1,28,,,123456,0,,,,,,0,0,0,0,,0,0,0,,,,0,,0,,0,0,0,,,,,,12,NO SCHEDULE,,,
19/7/2026,1,29,,,123456,0,,,,,,0,0,0,0,,0,0,0,,,,0,,0,,0,0,0,,,,,,12,NO SCHEDULE,,,
19/7/2026,2,1,,,123456,0,,,,,,0,0,0,0,,0,0,0,,,,0,,0,,0,0,0,,,,,0,12,NO SCHEDULE,,,0
19/7/2026,2,2,ZAM,PET,543590,0,BC28-0130-R-R-AM,10702421,4,19,19,1005,56056,6776,3696,4020,7392,140.448,48048,8008,76.38,0,4.5,0.058915947,0,0,22.2,6.1975,18.72,,,,,5.8025,,Restart 12.20am.Drooling.,,,0
19/7/2026,2,3,,,123456,0,,,,,,0,0,0,0,,0,0,0,,,,0,,0,,0,0,0,,,,,,12,NO SCHEDULE,,,
19/7/2026,2,4,,,123456,0,,,,,,0,0,0,0,,0,0,0,,,,0,,0,,0,0,0,,,,,,12,NO SCHEDULE,,,
19/7/2026,2,5,,,123456,0,,,,,,0,0,0,0,,0,0,0,,,,0,,0,,0,0,0,,,,,,12,NO SCHEDULE,,,
19/7/2026,2,6,KALAMODIN,rPET,620994,0,JJ63-0400-SH-S-CL-rPET,10700607,4,32.74,33,1578,104192,1776,592,6312,7104,234.432,64528,39664,208.296,-1.64112,0,0,7.8,0.03744671,22.2,9.7,22,,,,,2.3,,Wavy.,,,236
19/7/2026,2,7,,,123456,0,,,,,,0,0,0,0,,0,0,0,,,,0,,0,,0,0,0,,,,,,12,NO SCHEDULE,,,
19/7/2026,2,8,KALAMODIN/WIYAH,rPET,593537,0,BX38-1000-RN-R-CL-rPET 0.2,10701601,4,56.5,56.8,1497,69000,115,345,5988,5750,326.6,46920,22080,340.1184,-1.7964,0,0,1,0.002940153,29,12,28.5,,,,,0,,Run well,,,17
19/7/2026,2,9,WIYAH,KingFa NC050,666344,2,BC28-0056-D-APH-5040-0756-PP,10701602,6,12.3,12.3,135,162000,7290,0,810,8100,99.63,162000,0,9.963,0,0,0,0,0,27.4,1,26,,,,,0.2,,Run well.L.test.C j/o.,,,0
19/7/2026,2,9,WIYAH,KingFa NC050,666344,2,BC28-0056-D-APH-5040-0756-PP,10701603,6,12.3,12.3,1419,162000,0,405,8514,8100,99.63,8505,153495,104.7222,0,0,0,1,0.009549074,27.4,10.8,26,,,,,0,,Run well.L.test,,,81
19/7/2026,2,10,,,123456,0,,,,,,0,0,0,0,,0,0,0,,,,0,,0,,0,0,0,,,,,,12,NO SCHEDULE,,,
19/7/2026,2,11,DIPAK,PPSB520Y,552181,5,BC28-0090-D-APH-5180-3538-PP-6 NOTCHES,10701605,6,14.7,14.7,1465,108000,3240,1350,8790,10800,158.76,17550,90450,129.213,0,0,0,2,0.015478319,29.8,12,27,,,,,0,,Run well.L.test,,,136
19/7/2026,2,12,,,123456,0,,,,,,0,0,0,0,,0,0,0,,,,0,,0,,0,0,0,,,,,,12,NO SCHEDULE,,,
19/7/2026,2,13,DIPAK,KingFa NC050,666344,3,BC28-0056-D-APH-5040-0756-PP,10701608,6,12.3,12.3,1542,162000,810,2025,9252,8100,99.63,42525,119475,113.7996,0,0,0,1,0.008787377,28.1,12,26,,,,,0,,Run well.L.test,,,81
19/7/2026,2,14,,,123456,0,,,,,,0,0,0,0,,0,0,0,,,,0,,0,,0,0,0,,,,,,12,NO SCHEDULE,,,
19/7/2026,2,15,NA,KingFa NC050,666342,0,BC28-0090-D-APH-5180-3538-PP-PCR,10701780,6,14.7,14.7,0,108000,22950,29430,0,0,0,29430,78570,0,0,0,,0,,28.9,0,27,,,,,12,,Stop body gap .Thickness out qc on hold 109ctn.,,,0
19/7/2026,2,16,ZAM/JIWAN,KingFa NC050,666343,3,BC28-0170-D-5180-3539-PP,10700918,6,28,28,947,100800,1848,840,5682,6720,188.16,74760,26040,159.096,0,0,0,1,0.006285513,45.6,11.99533333,42,,,,,0.004666667,,Run well.L.test,,,35
19/7/2026,2,17,JIWAN,SM398,606524,0,C35-R/S-F.TOP D.CHOC W SEAL 2.0 (ASEM),10702296,12,5.86,5.86,369,170000,12500,15700,4428,0,0,151700,18300,25.94808,0,0,0,0.5,0.019269248,28.5,2.92125,29.04,,,,,9.07875,,Restart 9.30pm.Burr.Stop 12.20am.,,,85
19/7/2026,2,18,SHIVA,SM840,621407,0,T-0226-BR-HERS-PP,10701401,2,27.8,27.8,1545,75040,700,420,3090,3360,93.408,56420,18620,85.902,0,0,0,0.8,0.009312938,27.4,11.75916667,17.8,,,,,0.240833333,,Drooling.,,,28
19/7/2026,2,19,,,123456,0,,,,,,0,0,0,0,,0,0,0,,,,0,,0,,0,0,0,,,,,,12,NO SCHEDULE,,,
19/7/2026,2,20,,,123456,0,,,,,,0,0,0,0,,0,0,0,,,,0,,0,,0,0,0,,,,,,12,NO SCHEDULE,,,
19/7/2026,2,21,,,123456,0,,,,,,0,0,0,0,,0,0,0,,,,0,,0,,0,0,0,,,,,,12,NO SCHEDULE,,,
19/7/2026,2,22,,,123456,0,,,,,,0,0,0,0,,0,0,0,,,,0,,0,,0,0,0,,,,,,12,NO SCHEDULE,,,
19/7/2026,2,23,ZAM/JIWAN,MARLEX6007,617192,0,EBK38-2017-K-S-BEIGE-HDPE,10700920,1,139.8,103,1310,20328,121,363,1310,968,99.704,15367,4961,134.93,48.208,0,0,14.6,0.108204254,33,12,33,,,,,0,,"Black dot,line markL.test",,,141
19/7/2026,2,24,SHIVA,SM240,453796,0,AL2012-BK 38MM CAP (BLACK) C/W SEAL ASEM,10701655,15,4,4,1376,400000,72000,92000,20640,0,0,92000,308000,82.56,15.6,0,0,1,0.012112403,17.4,6.7,20.8,,,,,5.3,,Sometime blockage.,,,250
19/7/2026,2,25,SHIVA,LLDPE 6101+HDPE 6178,665674,0,C32- BOTTOM CAP-RED-KKM,10700243,7,3.801,3.801,2247,360000,105000,120000,15729,15000,57.015,349222,10778,59.785929,0,0,0,1,0.016726344,19.1,11.92158333,29,,,,,0.078416667,,"Discolour,oily.",,,263
19/7/2026,2,26,,,123456,0,,,,,,0,0,0,0,,0,0,0,,,,0,,0,,0,0,0,,,,,,12,NO SCHEDULE,,,
19/7/2026,2,27,,,123456,0,,,,,,0,0,0,0,,0,0,0,,,,0,,0,,0,0,0,,,,,,12,NO SCHEDULE,,,
19/7/2026,2,28,,,123456,0,,,,,,0,0,0,0,,0,0,0,,,,0,,0,,0,0,0,,,,,,12,NO SCHEDULE,,,
19/7/2026,2,29,,,123456,0,,,,,,0,0,0,0,,0,0,0,,,,0,,0,,0,0,0,,,,,,12,NO SCHEDULE,,,
20/7/2026,1,1,NA,PET,328420,0,JX63-0531-RN-R-CL,10701721,4,28.5,28.5,0,32064,0,0,0,0,0,0,32064,0,0,0,,0,,24.5,0,21.12,,3.5,,,6.5,2,Under tech mould change.,,,0
20/7/2026,1,2,JEGA, ,543590,0, ,10702421,-,-,-,2020,56056,3696,0,0,11704,0,56056,0,0,0,0,0,5.2,,19.9,11.16611111,20,,,,,0.833888889,,Run well.L.test.C/order.,,,0
20/7/2026,1,3,MOGANA/JEGA,PET,597507,0,BX38-0250-SM-R-WH,10701348,4,23,23,1320,86240,1232,2156,5280,4312,99.176,11858,74382,121.44,0,6,0.049407115,0.8,0.006587615,24.8,9.093333333,22,,,,,2.906666667,,Run well.L.test.,,,34
20/7/2026,1,4,VICKY,PET,369308,0,BW38-0280-LS-R-RED,10701866,4,31,31,1350,34560,960,576,5400,5760,178.56,8640,25920,167.4,0,1.5,0.008960573,0.5,0.002986858,26.9,10.0875,28.4,,,,,1.9125,,Run well.,,,16
20/7/2026,1,5,NA,PET,322438,0,BC28-0355-A-Q-CL,10701397,4,23,23,0,54144,3102,3102,0,0,0,23406,30738,0,0,3.5,,0,,24,0,22,,,,8,2,2,Under mntc.Hot runner shot & power trip.Under tech hot runner problem.start 6pm,,,0
20/7/2026,1,6,AISYAH/HABIRAMI,rPET,620994,0,JJ63-0400-SH-S-CL-rPET,10700607,4,32.74,33,1705,104192,592,296,6820,7104,234.432,71040,33152,225.06,-1.7732,0,0,5.6,0.024882254,22.2,10.5,22,,,,,1.5,,Blockage.,,,169
20/7/2026,1,7,,,123456,0,,,,,,0,0,0,0,,0,0,0,,,,0,,0,,0,0,0,,,,,,12,NO SCHEDULE,,,
20/7/2026,1,8,AISYAH,rPET,593537,0,BX38-1000-RN-R-CL-rPET 0.2,10701601,4,56.5,56.8,1495,69000,345,0,5980,6325,359.26,52900,16100,339.664,-1.794,0,0,2.2,0.006476989,29,12,28.5,,,,,0,,Run well.L.test.,,,38
20/7/2026,1,9,MOGANA,KingFa NC050,666344,2,BC28-0056-D-APH-5040-0756-PP,10701603,6,12.3,12.3,1485,162000,405,9315,8910,0,0,8100,153900,109.593,0,0,0,7.3,0.066610094,27.4,11.3025,26,,,,,0.6975,,Under tech adjsut shining mark.qc onhold 4ctn.,,,593
20/7/2026,1,10,NA,PET,322517,0,BB38-1000-HC-S-CL,10701772,4,45.3,45.3,950,10400,0,520,3800,3250,147.225,3250,7150,172.14,0,5,0.029046125,2.1,0.012199373,26.96,7.1,25.88,,,,,4.9,,Under tech startup.start 11.10am.L.test.,,,46
20/7/2026,1,11,NIKHIL,PPSB520Y,552181,5,BC28-0090-D-APH-5180-3538-PP-6 NOTCHES,10701605,6,14.7,14.7,1400,108000,1350,4320,8400,5400,79.38,21600,86400,123.48,0,0,0,3.2,0.025915128,29.8,11.58888889,27,,,,,0.411111111,,Run well.L.test.,,,217
20/7/2026,1,12,HABIRAMI,PET RECRON,620599,0,BC28-0750-K4-R-CL (55g)  ,10701606,4,55,55,1185,72000,450,1575,4740,3600,198,64800,7200,260.7,0,4,0.015343306,0.5,0.001917913,29.5,9.710416667,28,,,,,2.289583333,,Black dot.L.test.,,,9
20/7/2026,1,13,NIKHIL,KingFa NC050,666344,3,BC28-0056-D-APH-5040-0756-PP,10701608,6,12.3,12.3,1445,162000,2025,2430,8670,8100,99.63,48600,113400,106.641,0,0,0,3.6,0.033758123,28.1,11.27902778,26,,,,,0.720972222,,Run well.L.test.,,,292
20/7/2026,1,14,NA,PET,541381,0,BC28-1200-K-R-CL,10700742,4,55,55,0,84000,0,0,0,0,0,0,84000,0,0,0,,0,,28,0,30.08,,,,,10,2,Leaktest auto install.,,,0
20/7/2026,1,15,NA,KingFa NC050,666342,0,BC28-0090-D-APH-5180-3538-PP-PCR,10701780,6,14.7,14.7,0,108000,29430,29430,0,0,0,29430,78570,0,0,12.5,,0,,27.8,0,27,,,,,10,2,Under tech quality issue thickness out.,,,0
20/7/2026,1,16,BHOLA,KingFa NC050,666343,3,BC28-0170-D-5180-3539-PP,10700918,6,28,28,850,100800,840,2184,5100,3360,94.08,77280,23520,142.8,0,0,0,4,0.028011204,45.6,10.8,42,,,,,1.2,,Blockage.L.test,,,142
20/7/2026,1,17,IRSAD,SM398,606524,0,C35-R/S-F.TOP D.CHOC W SEAL 2.0 (ASEM),10702296,12,5.86,5.86,1000,170000,15700,27200,12000,0,0,136000,34000,70.32,0,5,0.071103527,6.2,0.088168373,32.3,9,29.04,,,,,3,,Under tech adjust burr.,,,1058
20/7/2026,1,18,ASMULAH/BHOLA,SM840,621407,0,T-0226-BR-HERS-PP,10701401,2,27.8,27.8,1120,75040,420,420,2240,2240,62.272,58650,16390,62.272,0,0,0,3,0.048175745,27.4,8.5,17.8,,,,,3.5,,Under tech mould creak water leaking stop 2.20pm.,,,107
20/7/2026,1,19,ASMULAH/BHOLA,PET PF CAN,588637,0,PF-JK57-24-82-KEKO,10702295,6,24.6,24.6,1100,144000,64500,56250,6600,6000,147.6,83410,60590,162.36,0,0,0,0.5,0.003079576,32.2,9.838888889,26,,,,,2.161111111,,Dirty.,,,20
20/7/2026,1,20,,,123456,0,,,,,,0,0,0,0,,0,0,0,,,,0,,0,,0,0,0,,,,,,12,NO SCHEDULE,,,
20/7/2026,1,21,NA,HDPE5403A+LDPE265YZ,474380,0,EBK38-0375-K-Q-BR-PP(S0376),10701996,2,44.2,30,140,10010,0,260,280,0,0,0,10010,8.4,3.976,16,1.904761905,0,0,31,1.2,35,,,,,10.8,,Under tech quality issue follow mark.start 5pm.L.test.,,,0
20/7/2026,1,22,NA,MARLEX6007,618592,0,E22-0150-R-GY-HDPE ,10701479,4,26,15,0,43200,0,0,0,0,0,0,43200,0,0,0,,0,,24.3,0,25,,,,,12,,Under tech.Flashing & shot moulding.,,,0
20/7/2026,1,23,ASMULAH,MARLEX6007,617192,0,EBK38-2017-K-S-BEIGE-HDPE,10700920,1,139.8,103,1185,20328,363,363,1185,968,99.704,15004,5324,122.055,43.608,0,0,22,0.18024661,33,11,33,,,,,1,,Black dot.L.test.Line mark.,,,213
20/7/2026,1,24,HAS,SM240,453796,0,AL2012-BK 38MM CAP (BLACK) C/W SEAL ASEM,10701655,15,4,4,1960,400000,920000,320000,29400,0,0,0,400000,117.6,0,0,0,0,0,17.4,9.5,20.8,,,,,2.5,,Sometime blockage.,,,0
20/7/2026,1,24,HAS,SM240,453796,0,AL2012-BK 38MM CAP (BLACK) C/W SEAL ASEM,10701654,16,4,4,0,400000,40000,40000,0,80000,320,32000,368000,0,0,0,,0,,0,0,20.8,,,,,0,,Assy output.C/order.,,,0
20/7/2026,1,25,IRSAD,LLDPE 6101+HDPE 6178,665674,0,C32-BOTTOM CAP-RED-KKM,10700243,7,3.801,3.801,1620,360000,120000,60000,11340,12000,45.612,360000,0,43.10334,0,0,0,0.4,0.009280023,19.1,8.6,29,,,,,0,,Stop 3.20pm change mould ,,,105
20/7/2026,1,25,NA,LLDPE 6101+HDPE 6178,665674,0,C32-BOTTOM CAP-RED-KKM,,7,3.801,3.801,0,0,0,0,0,0,0,0,0,0,0,0,,0,,19.1,0,29,,3.4,,,0,,Change mould ,,,0
20/7/2026,1,26,NIPU,PET CAN,588272,0,JK57-0350-R-CL-KEKO,10702212,2,24,18,3420,91800,2125,1870,6840,6120,110.16,84745,7055,123.12,41.04,0,0,12.3,0.099902534,7.4,7,6.8,,,,,3,2,Feeding no move ahead take bottle no move ahead body dented bottle stuck.,,,683
20/7/2026,1,27,,,123456,0,,,,,,0,0,0,0,,0,0,0,,,,0,,0,,0,0,0,,,,,,12,NO SCHEDULE,,,
20/7/2026,1,28,,,123456,0,,,,,,0,0,0,0,,0,0,0,,,,0,,0,,0,0,0,,,,,,12,NO SCHEDULE,,,
20/7/2026,1,29,NA,MARLEX5502,645095,0,E44-3900-S-NA-FMC-HDPE,TESTING,2,317,190,0,0,0,0,0,0,0,0,0,0,0,0,,0,,61.6,0,45,,,,,10,2,"3,9ltr FMC Mould Testing",,,0
20/7/2026,2,1,NA,PET,328420,0,JX63-0531-RN-R-CL,10701721,4,28.5,28.5,0,32064,0,0,0,0,0,0,32064,0,0,0,,0,,24.5,0,21.12,,,,,12,,Change mould.,,,0
20/7/2026,2,2,SUMATHI,PET,543590,0,BC28-0130-R-R-AM,10702380,4,19,19,2165,120120,0,1232,8660,7392,140.448,8624,111496,164.54,0,0,0,1.5,0.009116324,19.9,11.96763889,18.72,,,,,0.032361111,,Run well.L.test.,,,78
20/7/2026,2,3,SUMATHI/RASHIDI,PET,597507,0,BX38-0250-SM-R-WH,10701348,4,23,23,1762,86240,2156,0,7048,8624,198.352,20482,65758,162.104,0,0,0,7.8,0.048117258,24.8,12,22,,,,,0,,"Discolour,oily.L.test.",,,339
20/7/2026,2,4,KALAMODIN/WIYAH,PET,369308,0,BW38-0280-LS-R-RED,10701866,4,31,31,1576,34560,576,960,6304,5760,178.56,15360,19200,195.424,0,0,0,1,0.005117079,26.9,11.77622222,28.4,,,,,0.223777778,,Run well.,,,32
20/7/2026,2,5,WIYAH,PET,322438,0,BC28-0355-A-Q-CL,10701397,4,23,23,1773,54144,3102,2820,7092,6768,155.664,29892,24252,163.116,0,0,0,3.5,0.021457123,24,11.82,22,,,,,0.18,,Run well.,,,152
20/7/2026,2,6,ASIAH/RAM,rPET,620994,0,JJ63-0400-SH-S-CL-rPET,10700607,4,32.74,33,1810,104192,296,296,7240,7104,234.432,78440,25752,238.92,-1.8824,0,0,4.5,0.018834756,22.2,11.2,22,,,,,0.8,,"Base deform,gate off center.",,,136
20/7/2026,2,7,,,123456,0,,,,,,0,0,0,0,,0,0,0,,,,0,,0,,0,0,0,,,,,,12,NO SCHEDULE,,,
20/7/2026,2,8,ASIAH,rPET,593537,0,BX38-1000-RN-R-CL-rPET 0.2,10701601,4,56.5,56.8,1469,69000,0,230,5876,5750,326.6,58880,10120,333.7568,-1.7628,0,0,1,0.002996194,29,11.83361111,28.5,,,,,0.166388889,,Run well.L.test.,,,17
20/7/2026,2,9,RASHIDI,KingFa NC050,666344,2,BC28-0056-D-APH-5040-0756-PP,10701603,6,12.3,12.3,1574,162000,9315,1215,9444,16200,199.26,25515,136485,116.1612,0,0,0,1,0.008608726,27.4,11.97988889,26,,,,,0.020111111,,Run well.L.test.,,,81
20/7/2026,2,10,KALAMODIN,PET,322517,0,BB38-1000-HC-S-CL,10701772,4,45.3,45.3,1438,10400,520,200,5752,5850,265.005,9300,1100,260.5656,0,0,0,1.8,0.006908049,26.96,10.8,25.88,,,,,1.2,,Always alarm.L.test.,,,39
20/7/2026,2,11,DIPAK,PPSB520Y,552181,5,BC28-0090-D-APH-5180-3538-PP-6 NOTCHES,10701605,6,14.7,14.7,1420,108000,4320,1620,8520,10800,158.76,34020,73980,125.244,0,0,0,1,0.007984414,29.8,11.75444444,27,,,,,0.245555556,,Run well.L.test.,,,68
20/7/2026,2,12,RAM,PET RECRON,620599,0,BC28-0750-K4-R-CL (55g)  ,10701606,4,55,55,1004,72000,1575,1575,4016,3600,198,69975,2025,220.88,0,0,0,14.6,0.066099239,29.5,8.2,28,,,,,3.8,,"Black dot,body dented & water liking stop 2.30am.L.test.",,,265
20/7/2026,2,13,DIPAK,KingFa NC050,666344,3,BC28-0056-D-APH-5040-0756-PP,10701608,6,12.3,12.3,1506,162000,2430,3240,9036,8100,99.63,59940,102060,111.1428,0,0,0,1.5,0.013496151,28.1,11.75516667,26,,,,,0.244833333,,Run well.L.test.,,,121
20/7/2026,2,14,NA,PET,541381,0,BC28-1200-K-R-CL,10700742,4,55,55,0,84000,0,0,0,0,0,0,84000,0,0,0,,0,,28,0,30.08,,,,,12,,Leaktest auto install.,,,0
20/7/2026,2,15,NA,KingFa NC050,666342,0,BC28-0090-D-APH-5180-3538-PP-PCR,10701780,6,14.7,14.7,0,108000,29430,29430,0,0,0,29430,78570,0,0,7.5,,0,,28.9,0,27,,,,,12,,Under tech quality issue thickness out.,,,0
20/7/2026,2,16,SHESHNATH/ZAM/JIWAN,KingFa NC050,666343,3,BC28-0170-D-5180-3539-PP,10700918,6,28,28,924,100800,2184,1008,5544,6720,188.16,85008,15792,155.232,0,0,0,1,0.006441971,45.6,11.704,42,,,,,0.296,,Run well.L.test.,,,35
20/7/2026,2,17,SHESHNATH,SM398,606524,0,C35-R/S-F.TOP D.CHOC W SEAL 2.0 (ASEM),10702296,12,5.86,5.86,744,170000,27200,0,8928,34000,199.24,170000,0,52.31808,0,0,0,0,0,28.5,5.89,29.04,,,,,0,1,"Uncapping,burr.Stop 1.00am c/order.Change m/b",,,0
20/7/2026,2,17,SHESHNATH,SM398,606531,0,C35-R/S-F.TOP STRAW W IND SEAL 2.0 (ASEM),10702671,12,5.6,5.6,0,170000,0,0,0,0,0,0,170000,0,0,14.6,,0,,28.5,0,29.04,,,,,5.11,,Burr.Start 6.00am.,,,0
20/7/2026,2,18,NA,SM840,621407,0,T-0226-BR-HERS-PP,10701401,2,27.8,27.8,0,75040,420,420,0,0,0,50820,24220,0,0,0,,0,,27.4,0,17.8,,,,,12,,Under tech mould creak water leaking.,,,0
20/7/2026,2,19,ZAM,PET PF CAN,588637,0,PF-JK57-24-82-KEKO,10702295,6,24.6,24.6,1375,144000,56250,55320,8250,8250,202.95,91660,52340,202.95,0,0,0,0,0,32.2,12,26,,,,,0,,Dirty.,,,0
20/7/2026,2,20,,,123456,0,,,,,,0,0,0,0,,0,0,0,,,,0,,0,,0,0,0,,,,,,12,NO SCHEDULE,,,
20/7/2026,2,21,JIWAN,HDPE5403A+LDPE265YZ,474380,0,EBK38-0375-K-Q-BR-PP(S0376),10701996,2,44.2,30,1407,10010,260,2860,2814,0,0,2860,7150,84.42,39.9588,0,0,7.8,0.092395167,31,12,35,,,,,0,,Line mark.L.test.,,,260
20/7/2026,2,22,NA,MARLEX6007,618592,0,E22-0150-R-GY-HDPE ,10701479,4,26,15,0,43200,0,0,0,0,0,0,43200,0,0,0,,0,,24.3,0,25,,,,,12,,Under tech.Flashing & shot moulding.,,,0
20/7/2026,2,23,ZAM,MARLEX6007,617192,0,EBK38-2017-K-S-BEIGE-HDPE,10700920,1,139.8,103,1276,20328,363,0,1276,1452,149.556,17424,2904,131.428,46.9568,0,0,16.6,0.126304897,33,11.69666667,33,,,,,0.303333333,,"LIne mark,black dot.L.test.",,,161
20/7/2026,2,24,NITESH,SM240,453796,0,AL2012-BK 38MM CAP (BLACK) C/W SEAL ASEM,10701655,15,4,4,2367,400000,320000,108000,35505,0,0,344905,55095,142.02,13.5,0,0,0,0,17.4,11.4,20.8,,,,,0.6,,Sometime blockage.,,,0
20/7/2026,2,25,NA,LLDPE 6101+HDPE 6178,665674,0,C32-BOTTOM CAP-RED-KKM,,7,3.801,3.801,0,0,0,0,0,0,0,0,0,0,0,0,,0,,19.1,0,29,,,,,12,,Change mould ,,,0
20/7/2026,2,26,SHAHID,PET CAN,588272,0,JK57-0350-R-CL-KEKO,10702212,2,24,18,3528,91800,1870,0,7056,9180,165.24,91800,0,127.008,42.336,0,0,14.3,0.112591333,7.4,7.25,6.8,,,,,0.05,,Body dented bottle stuck.C j/o.,,,794
20/7/2026,2,26,SHAHID,PET CAN,588272,0,JK57-0350-R-CL-KEKO,10703094,2,24,18,1445,91800,0,1785,2890,0,0,1785,90015,52.02,17.34,0,0,0,0,7.4,3,6.8,,,,,1.7,,Feeding no move ahead take bottle no move ahead body dented bottle stuck.,,,0
20/7/2026,2,27,,,123456,0,,,,,,0,0,0,0,,0,0,0,,,,0,,0,,0,0,0,,,,,,12,NO SCHEDULE,,,
20/7/2026,2,28,,,123456,0,,,,,,0,0,0,0,,0,0,0,,,,0,,0,,0,0,0,,,,,,12,NO SCHEDULE,,,
20/7/2026,2,29,NA,MARLEX5502,645095,0,E44-3900-S-NA-FMC-HDPE,TESTING,2,317,190,0,0,0,0,0,0,0,0,0,0,0,0,,0,,61.6,0,45,,,,,12,,"3,9ltr FMC Mould Testing",,,0
21/7/2026,1,1,NA,PET,328420,0,JX63-0531-RN-R-CL,10701721,4,28.5,28.5,0,32064,0,0,0,0,0,0,32064,0,0,11.5,,0,,24.5,0,21.12,,,,,12,,Under tech block core problem.,7.4,5.2,0
21/7/2026,1,2,AISYAH,PET,543590,0,BC28-0130-R-R-AM,10702380,4,19,19,2002,120120,1232,1848,8008,7392,140.448,16632,103488,152.152,0,0,0,2.5,0.016430937,19.9,11,18.72,,,,1,0,,Under mntc stop oily leaking.9.20am start 10.10am,9,3,131
21/7/2026,1,3,AISHAH,PET,597507,0,BX38-0250-SM-R-WH,10701348,4,23,23,1650,86240,0,2156,6600,4312,99.176,26950,59290,151.8,0,0,0,10.3,0.067852437,24.8,11.36666667,22,,,,,0.633333333,,Discolour.L.test.,9.4,3.4,447
21/7/2026,1,4,AISYAH/HABIRAMI,PET,369308,0,BW38-0280-LS-R-RED,10701866,4,31,31,1620,34560,960,288,6480,7200,223.2,21888,12672,200.88,0,0,0,1.5,0.007467145,26.9,12,28.4,,,,,0,,Run well.,6,8,48
21/7/2026,1,5,AISYAH,PET,322438,0,BC28-0355-A-Q-CL,10701397,4,23,23,780,54144,2820,2538,3120,3384,77.832,32994,21150,71.76,0,0,0,8.3,0.115663322,24,5.2,22,,,,,6.8,,Under tech stop 9.20am.water leaking.start 3pm.,6.2,7.5,360
21/7/2026,1,6,MOGANA,rPET,620994,0,JJ63-0400-SH-S-CL-rPET,10700607,4,32.74,33,1520,104192,296,2664,6080,3552,117.216,84360,19832,200.64,-1.5808,0,0,5,0.024920255,22.2,9.4,22,,,,,2.6,,Sometime blockage.,7.2,3,151
21/7/2026,1,7,,,123456,0,,,,,,0,0,0,0,,0,0,0,,,,0,,0,,0,0,0,,,,,,12,NO SCHEDULE,,,
21/7/2026,1,8,MOGANA/JEGA,rPET,593537,0,BX38-1000-RN-R-CL-rPET 0.2,10701601,4,56.5,56.8,1360,69000,230,460,5440,5175,293.94,64285,4715,308.992,-1.632,0,0,5.5,0.017799814,29,10.95555556,28.5,,,,1,0.044444444,,Under mntc stop oily change.,3,2,96
21/7/2026,1,9,JEGA,KingFa NC050,666344,2,BC28-0056-D-APH-5040-0756-PP,10701603,6,12.3,12.3,1495,162000,1215,2025,8970,8100,99.63,35235,126765,110.331,0,0,0,4.2,0.03806727,27.4,11.37861111,26,,,,,0.621388889,,Shinig mark.L.test.,,,341
21/7/2026,1,10,HABIRAMI,PET,322517,0,BB38-1000-HC-S-CL,10701772,4,45.3,45.3,275,10400,200,0,1100,1300,58.89,10400,0,49.83,0,0,0,4,0.080272928,26.96,2.1,25.88,,,,,0,,C/order.,5.5,12,88
21/7/2026,1,10,NA,PET,324216,0,JW110-4100-R-R-AM,10701400,1,150.2,150.2,0,9072,0,0,0,0,0,0,9072,0,0,0,,0,,26.96,0,36,5.5,,,,4.4,,Tech mould change.,,0,0
21/7/2026,1,11,BHOLA,PPSB520Y,552181,5,BC28-0090-D-APH-5180-3538-PP-6 NOTCHES,10701605,6,14.7,14.7,1440,108000,1620,4860,8640,5400,79.38,42660,65340,127.008,0,0,0,2.5,0.019683799,29.8,11.92,27,,,,,0.08,,Run well.L.test.,,,170
21/7/2026,1,12,NA,PET RECRON,620599,0,BC28-0750-K4-R-CL (55g)  ,10701606,4,55,55,0,72000,1575,1575,0,0,0,69975,2025,0,0,4.5,,0,,29.5,0,28,,,,,12,,Under tech stop water leaking.,3.5,9.4,0
21/7/2026,1,13,BHOLA,KingFa NC050,666344,3,BC28-0056-D-APH-5040-0756-PP,10701608,6,12.3,12.3,1550,162000,3240,4455,9300,8100,99.63,69255,92745,114.39,0,0,0,2,0.017484046,28.1,12,26,,,,,0,,Run well.L.test.,,,162
21/7/2026,1,14,NA,PET,541381,0,BC28-1200-K-R-CL,10700742,4,55,55,0,84000,0,0,0,0,0,47600,36400,0,0,19.8,,0,,28,0,30.08,,,,,9.5,2.5,Leaktest auto install.start 4.30pm material over heat.,,,0
21/7/2026,1,15,NA,KingFa NC050,666342,0,BC28-0090-D-APH-5180-3538-PP-PCR,10701780,6,14.7,14.7,0,108000,29430,29430,0,0,0,29430,78570,0,0,14.5,,0,,27.8,0,27,,,,,12,,Under tech quality issue thickness out.,,,0
21/7/2026,1,16,NIKHIK/JALALUDIN/NIPU,KingFa NC050,666343,3,BC28-0170-D-5180-3539-PP,10700918,6,28,28,930,100800,1008,2688,5580,3360,94.08,90048,10752,156.24,0,0,0,2,0.012800819,45.6,11.78,42,,,,,0.22,,Blockage.L.test,,8.4,71
21/7/2026,1,17,NIKHIL,SM398,606531,0,C35-R/S-F.TOP STRAW W IND SEAL 2.0 (ASEM),10702671,12,5.6,5.6,1370,170000,0,13600,16440,0,0,13600,156400,92.064,0,0,0,6.5,0.070603059,30,11.41666667,29.04,,,,,0.583333333,,Shot moulding.uncapping.,,,1160
21/7/2026,1,18,NA,SM840,621407,0,T-0226-BR-HERS-PP,10701401,2,27.8,27.8,0,75040,420,420,0,0,0,58660,16380,0,0,0,,0,,27.4,0,17.8,,,,,12,,Mould repair.,,,0
21/7/2026,1,19,NIKHIK/JALALUDIN/NIPU,PET,588637,0,PF-JK57-24-82-KEKO,10702295,6,24.6,24.6,1320,144000,55320,60000,7920,7500,184.5,99580,44420,194.832,0,0,0,0.5,0.002566314,32.2,11.80666667,26,,,,,0.193333333,,Dirty.,,11,20
21/7/2026,1,20,,,123456,0,,,,,,0,0,0,0,,0,0,0,,,,0,,0,,0,0,0,,,,,,12,NO SCHEDULE,,,
21/7/2026,1,21,NIPU,HDPE5403A+LDPE265YZ,474380,0,EBK38-0375-K-Q-BR-PP(S0376),10701996,2,44.2,30,1345,10010,2860,3640,2690,2080,62.4,5720,4290,80.7,38.198,0,0,13,0.161090458,31,11.58194444,35,,,,,0.418055556,,Black dot.L.test.,15,,433
21/7/2026,1,22,NA,MARLEX6007,618592,0,E22-0150-R-GY-HDPE ,10701479,4,26,15,0,43200,0,0,0,0,0,0,43200,0,0,0,,0,,24.3,0,25,,,,,12,,Under tech.Flashing & shot moulding.,,,0
21/7/2026,1,23,JALALUDIN,MARLEX6007,617192,0,EBK38-2017-K-S-BEIGE-HDPE,10700920,1,139.8,103,1240,20328,0,242,1240,968,99.704,18634,1694,127.72,45.632,0,0,24,0.187911055,33,11.36666667,33,,,,,0.633333333,,Black dot.L.test.line mark.,,,233
21/7/2026,1,24,IRSAD,SM240,453796,0,AL2012-BK 38MM CAP (BLACK) C/W SEAL ASEM,10701655,15,4,4,2460,400000,108000,304000,36900,80000,320,384000,16000,147.6,0,0,0,0,0,17.4,11.89,20.8,,,,,0.11,,Sometime blockage.,,,0
21/7/2026,1,25,NA,LLDPE 6101+HDPE 6178,665674,0,C32-BOTTOM CAP-RED-KKM,,7,3.801,3.801,0,0,0,0,0,0,0,0,0,0,0,7.8,,0,,19.1,0,29,,,,,10,2,Change mould.Colour light.,,,0
21/7/2026,1,26,HAS,PET CAN,588272,0,JK57-0350-R-CL-KEKO,10703094,2,24,18,5460,91800,1785,0,10920,12240,220.32,12240,79560,196.56,65.52,0,0,4.5,0.022893773,7.4,11.22333333,6.8,,,,,0.776666667,,Body dented.,,13,250
21/7/2026,1,27,,,123456,0,,,,,,0,0,0,0,,0,0,0,,,,0,,0,,0,0,0,,,,,,12,NO SCHEDULE,,,
21/7/2026,1,28,,,123456,0,,,,,,0,0,0,0,,0,0,0,,,,0,,0,,0,0,0,,,,,,12,NO SCHEDULE,,,
21/7/2026,1,29,NA,MARLEX5502,645095,0,E44-3900-S-NA-FMC-HDPE,TESTING,2,317,190,0,0,0,0,0,0,0,0,0,0,0,0,,0,,61.6,0,45,,,,,12,,"3,9ltr FMC Mould Testing",,,0
21/7/2026,2,1,SUMATHI/WIYAH,PET,328420,0,JX63-0531-RN-R-CL,10701721,4,28.5,28.5,1025,32064,0,1344,4100,2304,65.664,3648,28416,116.85,0,8.6,0.073598631,0,0,24.5,7,21.12,,,,,5,,Start 9.50pm.Lip damage.,,,0
21/7/2026,2,2,PUVAES,PET,543590,0,BC28-0130-R-R-AM,10702380,4,19,19,2032,120120,1848,2464,8128,7392,140.448,24640,95480,154.432,0,0,0,2,0.012950684,19.9,11.2,18.72,,,,,0.8,,Drooling.L.test,,,105
21/7/2026,2,3,GEVTAH,PET,597507,0,BX38-0250-SM-R-WH,10701348,4,23,23,1758,86240,2156,0,7032,8624,198.352,33418,52822,161.736,0,0,0,7.8,0.04822674,24.8,12,22,,,,,0,,Oily mark.L.test,,,339
21/7/2026,2,4,PUVAES/SHAHID,PET,369308,0,BW38-0280-LS-R-RED,10701866,4,31,31,1610,34560,288,960,6440,5760,178.56,28320,6240,199.64,0,0,0,1,0.005009016,26.9,12,28.4,,,,,0,,Run well.,,,32
21/7/2026,2,5,SHAHID,PET,322438,0,BC28-0355-A-Q-CL,10701397,4,23,23,1708,54144,2538,2538,6832,6768,155.664,39762,14382,157.136,0,0,0,1.5,0.009545871,24,11.38666667,22,,,,,0.613333333,,Run well.,,,65
21/7/2026,2,6,WIYAH,rPET,620994,0,JJ63-0400-SH-S-CL-rPET,10700607,4,32.74,33,1574,104192,2664,1776,6296,7104,234.432,90576,13616,207.768,-1.63696,0,0,2.6,0.012513958,22.2,9.7,22,,,,,2.3,,Sometime blockage.,,,78
21/7/2026,2,7,,,123456,0,,,,,,0,0,0,0,,0,0,0,,,,0,,0,,0,0,0,,,,,,12,NO SCHEDULE,,,
21/7/2026,2,8,RASHIDI/GVETAH,rPET,593537,0,BX38-1000-RN-R-CL-rPET 0.2,10701601,4,56.5,56.8,1179,69000,460,0,4716,5175,293.94,69000,0,267.8688,-1.4148,0,0,0,0,29,9.5,28.5,,,,,0.1,,Run well.L.test.C j/o.,,,0
21/7/2026,2,8,RASHIDI/GVETAH,rPET,593537,0,BX38-1000-RN-R-CL-rPET 0.2,10702414,4,56.5,56.8,294,69000,0,0,1176,1150,65.32,1150,67850,66.7968,-0.3528,0,0,0,0,29,2.4,28.5,,,,,0,,Run well.L.test,,,0
21/7/2026,2,9,RASHIDI,KingFa NC050,666344,2,BC28-0056-D-APH-5040-0756-PP,10701603,6,12.3,12.3,1569,162000,2025,4050,9414,8100,99.63,44550,117450,115.7922,0,0,0,1,0.00863616,27.4,11.94183333,26,,,,,0.058166667,,Shinig mark.L.test.,,,81
21/7/2026,2,10,NA,PET,324216,0,JW110-4100-R-R-AM,10701400,1,150.2,150.2,0,9072,0,0,0,0,0,0,9072,0,0,0,,0,,26.96,0,36,,,,,12,,Startup.,,,0
21/7/2026,2,11,RAM,PPSB520Y,552181,5,BC28-0090-D-APH-5180-3538-PP-6 NOTCHES,10701605,6,14.7,14.7,1424,108000,4860,1890,8544,10800,158.76,50490,57510,125.5968,0,0,0,1,0.007961986,29.8,11.78755556,27,,,,,0.212444444,,Run well.L.test,,,68
21/7/2026,2,12,SUMATHI,PET RECRON,620599,0,BC28-0750-K4-R-CL (55g)  ,10701606,4,55,55,551,72000,1575,0,2204,3600,198,72000,0,121.22,0,9.8,0.080844745,0,0,29.5,4.5,28,,,,,3.1,,"Restart 8.45pm water mark,black dot.L.test.C j/o.",,,0
21/7/2026,2,12,SUMATHI,PET RECRON,620599,0,BC28-0750-K4-R-CL (55g)  ,10701607,4,55,55,538,72000,0,0,2152,1800,99,1800,70200,118.36,0,0,0,0,0,29.5,4.4,28,,,,,0,,"Restart 8.45pm water mark,black dot.L.test.",,,0
21/7/2026,2,13,RAM,KingFa NC050,666344,3,BC28-0056-D-APH-5040-0756-PP,10701608,6,12.3,12.3,1505,162000,4455,5265,9030,8100,99.63,78165,83835,111.069,0,0,0,1.5,0.013505118,28.1,11.74736111,26,,,,,0.252638889,,Run well.L.test,,,121
21/7/2026,2,14,NA,PET,541381,0,BC28-1200-K-R-CL,10700742,4,55,55,0,84000,0,0,0,0,0,0,84000,0,0,21.6,,0,,28,0,30.08,,,,,12,,Thickness out.,,,0
21/7/2026,2,15,NA,KingFa NC050,666342,0,BC28-0090-D-APH-5180-3538-PP-PCR,10701780,6,14.7,14.7,0,108000,29430,29430,0,0,0,29430,78570,0,0,14.8,,0,,28.9,0,27,,,,,12,,Under tech quality issue thickness out.,,,0
21/7/2026,2,16,ZAM/JIWAN,KingFa NC050,666343,3,BC28-0170-D-5180-3539-PP,10700918,6,28,28,931,100800,2688,1512,5586,6720,188.16,95592,5208,156.408,0,0,0,1,0.006393535,45.6,11.79266667,42,,,,,0.207333333,,Run well.L.test,,,35
21/7/2026,2,17,JIWAN,SM398,606531,0,C35-R/S-F.TOP STRAW W IND SEAL 2.0 (ASEM),10702671,12,5.6,5.6,1330,170000,13600,28900,15960,0,0,28900,141100,89.376,0,0,0,2.5,0.027971715,28.5,10.52916667,29.04,,,,,1.470833333,,"Uncapping,oily.",,,446
21/7/2026,2,18,NA,SM840,621407,0,T-0226-BR-HERS-PP,10701401,2,27.8,27.8,0,75040,420,420,0,0,0,58600,16440,0,0,0,,0,,27.4,0,17.8,,,,,12,,Mould repair.,,,0
21/7/2026,2,19,ZAM,PET,588637,0,PF-JK57-24-82-KEKO,10702295,6,24.6,24.6,1250,144000,60000,59510,7500,7500,184.5,99580,44420,184.5,0,0,0,0,0,32.2,11.18055556,26,,,,,0.819444444,,Dirty.,,,0
21/7/2026,2,20,,,123456,0,,,,,,0,0,0,0,,0,0,0,,,,0,,0,,0,0,0,,,,,,12,NO SCHEDULE,,,
21/7/2026,2,21,NITESH,HDPE5403A+LDPE265YZ,474380,0,EBK38-0375-K-Q-BR-PP(S0376),10701996,2,44.2,30,710,10010,3640,965,1420,4160,124.8,7205,2805,42.6,20.164,0,0,6.5,0.15258216,31,6.1,35,,,,,0,5.9,Line mark.L.test.Stop 12.00pm material finish no standby.,,,216
21/7/2026,2,22,NA,MARLEX6007,618592,0,E22-0150-R-GY-HDPE ,10701479,4,26,15,0,43200,0,0,0,0,0,0,43200,0,0,0,,0,,24.3,0,25,,,,,12,,Under tech.Flashing & shot moulding.,,,0
21/7/2026,2,23,ZAM,MARLEX6007,617192,0,EBK38-2017-K-S-BEIGE-HDPE,10700920,1,139.8,103,1310,20328,242,391,1310,968,99.704,19751,577,134.93,48.208,0,0,7.8,0.057807752,33,12,33,,,,,0,,Black dot.L.test.line mark.,,,75
21/7/2026,2,24,KAIMULLAH,SM240,453796,0,AL2012-BK 38MM CAP (BLACK) C/W SEAL ASEM,10701655,15,4,4,1492,400000,304000,320000,22380,0,0,400000,0,89.52,13.5,0,0,0,0,17.4,7.211333333,20.8,,,,,4.788666667,,Run well.Stop 1.00am c/order.,,,0
21/7/2026,2,25,NA,LLDPE 6101+HDPE 6178,665674,0,C32-BOTTOM CAP-RED-KKM,,7,3.801,3.801,0,0,0,0,0,0,0,0,0,0,0,3.5,,0,,19.1,0,29,,,,,12,,"Short moulding,oily still under tech.",,,0
21/7/2026,2,26,KALAMODIN,PET CAN,588272,0,JK57-0350-R-CL-KEKO,10703094,2,24,18,4515,91800,0,1870,9030,6120,110.16,20230,71570,162.54,54.18,0,0,20.8,0.1279685,7.4,9.3,6.8,,,,,2.7,,"Body dented,bottle stuck.",,,1155
21/7/2026,2,27,,,123456,0,,,,,,0,0,0,0,,0,0,0,,,,0,,0,,0,0,0,,,,,,12,NO SCHEDULE,,,
21/7/2026,2,28,,,123456,0,,,,,,0,0,0,0,,0,0,0,,,,0,,0,,0,0,0,,,,,,12,NO SCHEDULE,,,
21/7/2026,2,29,NA,MARLEX5502,645095,0,E44-3900-S-NA-FMC-HDPE,TESTING,2,317,190,0,0,0,0,0,0,0,0,0,0,0,0,,0,,61.6,0,45,,,,,12,,"3,9ltr FMC Mould Testing",,,0
22/7/2026,1,1,MOGANA/HABIRAMI,PET,328420,0,JX63-0531-RN-R-CL,10701721,4,28.5,28.5,1536,32064,1344,2880,6144,4608,131.328,9792,22272,175.104,0,0,0,4.5,0.025699013,24.9,10.6,21.12,,,,,1.4,,Tech adjust flashing.,,,157
22/7/2026,1,2,KAVITHA,PET,543590,0,BC28-0130-R-R-AM,10702380,4,19,19,0,0,0,0,0,0,0,0,0,0,0,0,,5.6,,19.9,0,18.72,,,5,,0,,Tech mould change.,,,294
22/7/2026,1,2,KAVITHA,PET,543590,0,BC28-0130-R-R-AM,10702380,4,19,19,1232,120120,2464,0,4928,7392,140.448,120120,0,93.632,0,0,0,5.6,0.059808612,19.9,6.8,18.72,,,,,0.2,,Drooling water mark.L.test.stop 12.40pm.,,,294
22/7/2026,1,3,AISYAH,PET,597507,0,BX38-0250-SM-R-WH,10701348,4,23,23,1450,86240,0,1078,5800,4312,99.176,37730,48510,133.4,0,0,0,0,0,24.8,10,22,,,,1,1,,Yellow wis oily mark mntc stop oily clean.discolour.,,,0
22/7/2026,1,4,JEGA/KAVITHA,PET,369308,0,BW38-0280-LS-R-RED,10701866,4,31,31,1560,34560,960,0,6240,7200,223.2,34560,0,193.44,0,0,0,4.2,0.021712159,26.9,11.65666667,28.4,,,,,0.343333333,,C/order.,,,135
22/7/2026,1,5,JEGA,PET,322438,0,BC28-0355-A-Q-CL,10701397,4,23,23,1765,54144,2538,2820,7060,6768,155.664,46812,7332,162.38,0,0,0,2,0.012316788,24,11.76666667,22,,,,,0.233333333,,Drooling.,,,86
22/7/2026,1,6,MOGANA,rPET,620994,0,JJ63-0400-SH-S-CL-rPET,10700607,4,32.74,33,1630,104192,1776,1184,6520,7104,234.432,97088,7104,215.16,-1.6952,0,0,6,0.027886224,22.2,10,22,,,,,2,,Tech adjsut Drooling white mark.,,,181
22/7/2026,1,7,,,123456,0,,,,,,0,0,0,0,,0,0,0,,,,0,,0,,0,0,0,,,,,,12,NO SCHEDULE,,,
22/7/2026,1,8,AISHAH,rPET,593537,0,BX38-1000-RN-R-CL-rPET 0.2,10702414,4,56.5,56.8,1495,69000,0,230,5980,5750,326.6,7130,61870,339.664,-1.794,0,0,2,0.005888172,29,12,28.5,,,,,0,,Run well.,,,35
22/7/2026,1,9,AISHAH/AISYAH,KingFa NC050,666344,2,BC28-0056-D-APH-5040-0756-PP,10701603,6,12.3,12.3,1510,162000,4050,4860,9060,8100,99.63,53460,108540,111.438,0,0,0,1.5,0.0134604,27.4,11.49277778,26,,,,,0.507222222,,Run well.L.test.,,,121
22/7/2026,1,10,NA,PET,324216,0,JW110-4100-R-R-AM,10701400,1,150.2,150.2,590,9072,0,84,590,504,75.7008,588,8484,88.618,0,14,0.157981448,1,0.011284389,26.67,4.4,36,,,,,7.6,,Under tech quality issue thickness out.start 1.30pm.,,,6
22/7/2026,1,11,BHOLA,PPSB520Y,552181,5,BC28-0090-D-APH-5180-3538-PP-6 NOTCHES,10701605,6,14.7,14.7,1460,108000,1890,0,8760,10800,158.76,59400,48600,128.772,0,0,0,2,0.015531327,29.8,12,27,,,,,0,,Run well.L.test.,,,136
22/7/2026,1,12,HABIRAMI,RECRON,620599,0,BC28-0750-K4-R-CL (55g)  ,10701607,4,55,55,1240,72000,0,1350,4960,3600,198,6750,65250,272.8,0,0,0,7.5,0.027492669,29.5,10.2,28,,,,,1.8,,Base soft deform.L.test.,,,136
22/7/2026,1,13,BHOLA,KingFa NC050,666344,3,BC28-0056-D-APH-5040-0756-PP,10701608,6,12.3,12.3,1485,162000,5265,6075,8910,8100,99.63,87075,74925,109.593,0,0,0,2,0.018249341,28.1,11.59125,26,,,,,0.40875,,Run well.L.test.,,,162
22/7/2026,1,14,NA,PET,541381,0,BC28-1200-K-R-CL,10700742,4,55,55,0,84000,0,0,0,0,0,47600,36400,0,0,22.5,,0,,28,0,30.08,,,,,12,,Under tech quality issue thicknes.,,,0
22/7/2026,1,15,NA,KingFa NC050,666342,0,BC28-0090-D-APH-5180-3538-PP-PCR,10701780,6,14.7,14.7,0,108000,29430,0,0,0,0,0,108000,0,0,6.5,,0,,27.8,0,27,,,,,12,,Under tech quality issue thickness out.,,,0
22/7/2026,1,16,ASMULAH/NIRAJAN,KingFa NC050,666343,3,BC28-0170-D-5180-3539-PP,10700918,6,28,28,900,100800,1512,3024,5400,3360,94.08,100464,336,151.2,0,0,0,2,0.013227513,45.6,11.4,42,,,,,0.6,,Run well.L.test.,,,71
22/7/2026,1,17,HAS,SM398,606531,0,C35-R/S-F.TOP STRAW W IND SEAL 2.0 (ASEM),10702671,12,5.6,5.6,1420,170000,28900,13600,17040,34000,190.4,47600,122400,95.424,0,0,0,2,0.020959088,30,11.83333333,29.04,,,,,0.166666667,,Uncapping.,,,357
22/7/2026,1,18,NA,SM840,621407,0,T-0226-BR-HERS-PP,10701401,2,27.8,27.8,0,75040,420,420,0,0,0,58240,16800,0,0,0,,0,,27.4,0,17.8,,,,,12,,Mould repair.,,,0
22/7/2026,1,19,HAS,PET PF CAN,588637,0,PF-JK57-24-82-KEKO,10702295,6,24.6,24.6,1320,144000,59510,66000,7920,7500,184.5,99580,44420,194.832,0,0,0,0.5,0.002566314,32.2,11.80666667,26,,,,,0.193333333,,Dirty.,,,20
22/7/2026,1,20,,,123456,0,,,,,,0,0,0,0,,0,0,0,,,,0,,0,,0,0,0,,,,,,12,NO SCHEDULE,,,
22/7/2026,1,21,NIRAJAN,PP855,474380,0,EBK38-0375-K-Q-BR-PP(S0376),10701996,2,44.2,30,420,10010,965,1690,840,0,0,7930,2080,25.2,11.928,8.5,0.337301587,0.5,0.01984127,31,3.616666667,35,,,,,8.383333333,,Start 1.30pm,,,16
22/7/2026,1,22,NA,MARLEX6007,618592,0,E22-0150-R-GY-HDPE ,10701479,4,26,15,0,43200,0,0,0,0,0,0,43200,0,0,0,,0,,24.3,0,25,,,,,12,,Under tech.Flashing & shot moulding.,,,0
22/7/2026,1,23,ASMULAH,MARLEX6007,617192,0,EBK38-2017-K-S-BEIGE-HDPE,10700920,1,139.8,103,535,20328,391,0,535,968,99.704,20328,0,55.105,19.688,0,0,14,0.25406043,33,4.9,33,,,,,0,,C/order.,,,135
22/7/2026,1,23,ASMULAH,MARLEX6007,617192,0,EBK38-2017-K-S-BEIGE-HDPE,10702787,1,139.8,103,726,20328,0,242,726,484,49.852,484,19844,74.778,26.7168,0,0,14,0.18722084,33,6.6,33,,,,,0.5,,Black dot.L.test.line mark.,,,135
22/7/2026,1,24,NIKHIL,SM240,453796,0,AL2012-BK 38MM CAP (BLACK) C/W SEAL ASEM,10701655,15,4,4,0,400000,320000,0,0,80000,320,160000,240000,0,0,0,,0,,17.4,0,20.8,,,,,12,,Assy output.,,,0
22/7/2026,1,25,PAVEL,LLDPE 6101+HDPE 6178,665674,0,C32-BOTTOM CAP-RED-KKM,10700434,7,3.801,3.801,950,360000,0,6000,6650,0,0,6650,353350,25.27665,0,5,0.197811023,0.5,0.019781102,0,0,29,,,,,12,,Start 9.30am,,,131
22/7/2026,1,26,RAIS,PET CAN,588272,0,JK57-0350-R-CL-KEKO,10703094,2,24,18,4850,91800,1870,1870,9700,9180,165.24,29410,62390,174.6,58.2,0,0,8,0.045819015,7.4,10,6.8,,,,,2,,Preform stuck bottle stuck Body dented.,,,444
22/7/2026,1,27,,,123456,0,,,,,,0,0,0,0,,0,0,0,,,,0,,0,,0,0,0,,,,,,12,NO SCHEDULE,,,
22/7/2026,1,28,,,123456,0,,,,,,0,0,0,0,,0,0,0,,,,0,,0,,0,0,0,,,,,,12,NO SCHEDULE,,,
22/7/2026,1,29,NA,MARLEX5502,645095,0,E44-3900-S-NA-FMC-HDPE,TESTING,2,317,190,0,0,0,0,0,0,0,0,0,0,0,0,,0,,61.6,0,45,,,,,12,,"3,9ltr FMC Mould Testing",,,0
22/7/2026,2,1,RAM,PET,328420,0,JX63-0531-RN-R-CL,10701721,4,28.5,28.5,1399,32064,2880,960,5596,6912,196.992,14784,17280,159.486,0,0,0,6.7,0.042009957,24.5,9.5,21.12,,,,,2.5,,"Flow mark,blockage.",,,235
22/7/2026,2,2,KALAMODIN,PET,442034,0,BC28-0250-Z-S-CL,10699056,4,23,23,800,139776,0,2688,3200,0,0,2688,137088,73.6,0,5.4,0.073369565,0,0,25.35,5.6,22,,,,,6.4,,Start 12.30am.Run well,,,0
22/7/2026,2,3,RASHIDI,PET,597507,0,BX38-0250-SM-R-WH,10701348,4,23,23,1623,86240,1078,0,6492,6468,148.764,44198,42042,149.316,0,0,0,11.6,0.077687589,24.8,11.2,22,,,,,0.8,,"Discolour,oily mark.L.test",,,504
22/7/2026,2,4,NA,PET,402305,0,BX38-0500-S-S-CL-LW,10702540,4,29,29,199,49920,0,520,796,0,0,520,49400,23.084,0,4.6,0.199272223,0,0,26.4,1.5,22,6,,,,4.5,,Change mould.Start 4.30am.L.test.,,,0
22/7/2026,2,5,WIYAH,PET,322438,0,BC28-0355-A-Q-CL,10701397,4,23,23,1522,54144,2820,1128,6088,6768,155.664,51888,2256,140.024,0,0,0,3.5,0.024995715,24,11.1,22,,,,,0.9,,"Deform,white mark",,,152
22/7/2026,2,6,PUVANES/RAM,rPET,620994,0,JJ63-0400-SH-S-CL-rPET,10700607,4,32.74,33,1354,104192,1184,2368,5416,3552,117.216,101824,2368,178.728,-1.40816,0,0,4.6,0.025737433,22.2,6.4,22,,,,,5.6,,Sometimes mc stop core problem.,,,139
22/7/2026,2,7,,,123456,0,,,,,,0,0,0,0,,0,0,0,,,,0,,0,,0,0,0,,,,,,12,NO SCHEDULE,,,
22/7/2026,2,8,SHAHID,rPET,593537,0,BX38-1000-RN-R-CL-rPET 0.2,10702414,4,56.5,56.8,1482,69000,230,460,5928,5750,326.6,13110,55890,336.7104,-1.7784,0,0,2,0.005939822,29,11.93833333,28.5,,,,,0.061666667,,Run well.L.test,,,35
22/7/2026,2,9,RASHIDI/SHAHID,KingFa NC050,666344,2,BC28-0056-D-APH-5040-0756-PP,10701603,6,12.3,12.3,1578,162000,4860,6480,9468,8100,99.63,63180,98820,116.4564,0,0,0,1,0.008586905,27.4,12,26,,,,,0,,Shinig mark.L.test.,,,81
22/7/2026,2,10,WIYAH/KALAMODIN,PET,324216,0,JW110-4100-R-R-AM,10701400,1,150.2,150.2,1368,9072,84,0,1368,1344,201.8688,1848,7224,205.4736,0,0,0,11.6,0.056454941,26.96,11.2,36,,,,,0.8,,Drolling.,,,77
22/7/2026,2,11,DIPAK,PPSB520Y,552181,5,BC28-0090-D-APH-5180-3538-PP-6 NOTCHES,10701605,6,14.7,14.7,1435,108000,0,3240,8610,5400,79.38,68040,39960,126.567,0,0,0,1,0.007900954,29.8,11.87861111,27,,,,,0.121388889,,Run well.L.test,,,68
22/7/2026,2,12,PUVANES,PET RECRON,620599,0,BC28-0750-K4-R-CL (55g)  ,10701607,4,55,55,1464,72000,1350,0,5856,7200,396,12600,59400,322.08,0,0,0,3.5,0.010866865,29.5,11.99666667,28,,,,,0.003333333,,Black dot.L.test.,,,63
22/7/2026,2,13,DIPAK,KingFa NC050,666344,3,BC28-0056-D-APH-5040-0756-PP,10701608,6,12.3,12.3,1335,162000,6075,5265,8010,8100,99.63,94365,67635,98.523,0,0,0,8.6,0.087289262,28.1,10.4,26,,,,,1.6,,Run well.L.test.Always stop leak test problem.,,,699
22/7/2026,2,14,NA,PET,541381,0,BC28-1200-K-R-CL,10700742,4,55,55,0,84000,0,0,0,0,0,0,84000,0,0,0,,0,,28,0,30.08,,,,,12,,Thickness out.,,,0
22/7/2026,2,15,NA,KingFa NC050,666342,0,BC28-0090-D-APH-5180-3538-PP-PCR,10701780,6,14.7,14.7,0,108000,0,0,0,0,0,29430,78570,0,0,7.8,,0,,28.9,0,27,,,,,12,,Under tech quality issue thickness out.,,,0
22/7/2026,2,16,JIWAN/SHESHNATH,KingFa NC050,666343,3,BC28-0170-D-5180-3539-PP,10700918,6,28,28,56,100800,3024,0,336,3360,94.08,100800,0,9.408,0,0,0,0,0,45.6,0.7,42,,,,,0,,Run well.L.testC j/o.,,,0
22/7/2026,2,16,JIWAN/SHESHNATH,KingFa NC050,666343,3,BC28-0170-D-5180-3539-PP,10703149,6,28,28,902,100800,0,2016,5412,3360,94.08,5376,95424,151.536,0,0,0,0.5,0.003299546,45.6,11.3,42,,,,,0,,Run well.L.test,,,17
22/7/2026,2,17,SHESHNATH ,SM398,606531,0,C35-R/S-F.TOP STRAW W IND SEAL 2.0 (ASEM),10702671,12,5.6,5.6,1488,170000,13600,28900,17856,0,0,62900,107100,99.9936,0,0,0,2.5,0.0250016,28.5,11.78,29.04,,,,,0.22,,Uncapping.,,,446
22/7/2026,2,18,NA,SM840,621407,0,T-0226-BR-HERS-PP,10701401,2,27.8,27.8,0,75040,420,0,0,0,0,58600,16440,0,0,0,,0,,27.4,0,17.8,,,,,12,,Mould repair.,,,0
22/7/2026,2,19,JIWAN,PET PF CAN,588637,0,PF-JK57-24-82-KEKO,10702295,6,24.6,24.6,1325,144000,66000,64320,7950,7500,184.5,107530,36470,195.57,0,0,0,0,0,32.2,11.85138889,26,,,,,0.148611111,,Run well.,,,0
22/7/2026,2,20,,,123456,0,,,,,,0,0,0,0,,0,0,0,,,,0,,0,,0,0,0,,,,,,12,NO SCHEDULE,,,
22/7/2026,2,21,KAIMULLAH,PP855,474380,0,EBK38-0375-K-Q-BR-PP(S0376),10701996,2,30,30,1148,10010,1690,0,2296,3770,113.1,10010,0,68.88,0,0,0,6.5,0.094367015,31,6.1,35,,,,,0,5.9,Line mark.L.test.Stop 2.40am c/order.,,,216
22/7/2026,2,22,NA,MARLEX6007,618592,0,E22-0150-R-GY-HDPE ,10701479,4,26,15,0,43200,0,0,0,0,0,0,43200,0,0,0,,0,,24.3,0,25,,,,,12,,Under tech.Flashing & shot moulding.,,,0
22/7/2026,2,23,JIWAN,MARLEX6007,617192,0,EBK38-2017-K-S-BEIGE-HDPE,10702787,1,139.8,103,1312,20328,242,336,1312,968,99.704,1788,18540,135.136,48.2816,0,0,7.8,0.057719631,33,12,33,,,,,0,,Black dot.L.test.line mark.,,,75
22/7/2026,2,24,NITESH,SM240,453796,0,AL2012-BK 38MM CAP (BLACK) C/W SEAL ASEM,10701655,15,4,4,0,400000,0,0,0,0,0,160000,240000,0,13.5,0,,0,,17.4,0,20.8,,,,,12,,Assembly.,,,0
22/7/2026,2,25,KAIMULLAH,LLDPE 6101+HDPE 6178,665674,0,C32-BOTTOM CAP-RED-KKM,,7,3.801,3.801,1465,360000,6000,15000,10255,9000,34.209,16905,343095,38.979255,0,0,0,1.5,0.038482008,29,11.80138889,29,,,,,0.198611111,,Pull ring brokan cavity #5.,,,394
22/7/2026,2,26,ZAM,PET CAN,588272,0,JK57-0350-R-CL-KEKO,10703094,2,24,18,4505,91800,1870,0,9010,9180,165.24,38590,53210,162.18,54.06,0,0,30.6,0.188679245,7.4,9.3,6.8,,,,,2.7,,"Body dented,bottle stuck.",,,1700
22/7/2026,2,27,,,123456,0,,,,,,0,0,0,0,,0,0,0,,,,0,,0,,0,0,0,,,,,,12,NO SCHEDULE,,,
22/7/2026,2,28,,,123456,0,,,,,,0,0,0,0,,0,0,0,,,,0,,0,,0,0,0,,,,,,12,NO SCHEDULE,,,
22/7/2026,2,29,NA,MARLEX5502,645095,0,E44-3900-S-NA-FMC-HDPE,TESTING,2,317,190,0,0,0,0,0,0,0,0,0,0,0,0,,0,,61.6,0,45,,,,,12,,"3,9ltr FMC Mould Testing",,,0
23/7/2026,1,1,AISYAH,PET,328420,0,JX63-0531-RN-R-CL,10701721,4,28.5,28.5,1160,32064,960,960,4640,4608,131.328,19392,12672,132.24,0,0,0,39.5,0.298699335,24.9,8,21.12,,,,,4,,Under tech adjust hole and follow mark white mark drooling.,11,19,1385
23/7/2026,1,2,MOGANA,PET,442034,0,BC28-0250-Z-S-CL,10699056,4,23,23,1660,139776,2688,4650,6640,9216,211.968,50730,89046,152.72,0,0,0,5.5,0.03601362,25.4,11.71222222,22,,,,,0.287777778,,White mark.,,3,239
23/7/2026,1,3,KAVITHA/MOGANA,PET,597507,0,BX38-0250-SM-R-WH,10701348,4,23,23,0,86240,0,1232,0,0,0,45430,40810,0,0,6.5,,0,,24.8,0,22,,,,,12,,Under tech blockage water leaking.,6.4,8,0
23/7/2026,1,4,HABIRAMI,PET,402305,0,BX38-0500-S-S-CL-LW,10702540,4,29,29,1620,49920,520,1040,6480,6240,180.96,7280,42640,187.92,0,6,0.03192848,3.3,0.017560664,26.9,12,22,,,,,0,,Run well.L.test.,3,7.5,113
23/7/2026,1,5,HABIRAMI/AISHAH,PET,577492,0,BC28-0375-K-R-Tinted Brown,10702582,4,35.6,35.6,0,80960,0,0,0,0,0,0,80960,0,0,0,,0,,24,0,27,5.5,,,,1.8,,Tech mould change.,5.2,18.6,0
23/7/2026,1,5,HABIRAMI/AISHAH,PET,322438,0,BC28-0355-A-Q-CL,10701397,4,23,23,565,54144,1128,0,2260,3384,77.832,54144,0,51.98,0,0,0,3,0.057714506,24,3.8,22,,,,,0.9,,Stop 10.50am/C/order.,,,130
23/7/2026,1,6,JEGA/AISYAH/KAVITHA/RAIS,rPET,620994,0,JJ63-0400-SH-S-CL-rPET,10700607,4,32.74,33,630,104192,2368,0,2520,4736,156.288,104192,0,83.16,-0.6552,0,0,0,0,22.2,3.9,22,,,,,0,,C/order.,,,0
23/7/2026,1,6,JEGA/AISYAH/KAVITHARAIS,rPET,620994,0,JJ63-0400-SH-S-CL-rPET,10700608,4,32.74,33,775,11776,0,0,3100,3072,101.376,3072,8704,102.3,-0.806,0,0,5.5,0.053763441,22.2,4.8,22,,,,,3.3,,Sometimes mc stop blockage.,,,166
23/7/2026,1,7,,,123456,0,,,,,,0,0,0,0,,0,0,0,,,,0,,0,,0,0,0,,,,,,12,NO SCHEDULE,,,
23/7/2026,1,8,JEGA,rPET,593537,0,BX38-1000-RN-R-CL-rPET 0.2,10702414,4,56.5,56.8,1466,69000,460,0,5864,6325,359.26,18975,50025,333.0752,-1.7592,0,0,3,0.009006975,29,11.80944444,28.5,,,,,0.190555556,,Rrun well.L.test.,,,52
23/7/2026,1,9,SOJIB/AISHAH,KingFa NC050,666344,2,BC28-0056-D-APH-5040-0756-PP,10701603,6,12.3,12.3,1520,162000,6480,6885,9120,8100,99.63,71685,90315,112.176,0,0,0,2,0.017829126,27.4,11.56888889,26,,,,,0.431111111,,Run well.L.test.,,2.3,162
23/7/2026,1,10,AISHAH,PET,324216,0,JW110-4100-R-R-AM,10701400,1,150.2,150.2,1420,9072,0,42,1420,1344,201.8688,3192,5880,213.284,0,0,0,8,0.037508674,26.67,10.5,36,,,,,1.5,,Under tech stop ,6.4,8,53
23/7/2026,1,11,BHOLA,PPSB520Y,552181,5,BC28-0090-D-APH-5180-3538-PP-6 NOTCHES,10701605,6,14.7,14.7,1440,108000,3240,1080,8640,10800,158.76,76680,31320,127.008,0,0,0,3,0.023620559,29.8,11.92,27,,,,,0.08,,Run well.L.test,,,204
23/7/2026,1,12,JEGA,RECRON,620599,0,BC28-0750-K4-R-CL (55g)  ,10701607,4,55,55,1320,72000,0,1575,5280,3600,198,17775,54225,290.4,0,0,0,10,0.034435262,29.5,10.8,28,,,,,1.2,,Blockage sometime.base soft.L.test.,6,8.4,181
23/7/2026,1,13,BHOLA,KingFa NC050,666344,3,BC28-0056-D-APH-5040-0756-PP,10701608,6,12.3,12.3,1485,162000,5265,6075,8910,8100,99.63,103275,58725,109.593,0,0,0,1.5,0.013687006,28.1,11.59125,26,,,,,0.40875,,Run well.L.test.,,,121
23/7/2026,1,14,NA,PET,541381,0,BC28-1200-K-R-CL,10700742,4,55,55,0,84000,0,0,0,0,0,47600,36400,0,0,19.5,,0,,28,0,30.08,,,,,12,,Under tech quality issue thickness.,27,18,0
23/7/2026,1,15,NA,KingFa NC050,666342,0,BC28-0090-D-APH-5180-3538-PP-PCR,10701780,6,14.7,14.7,0,108000,0,0,0,0,0,0,108000,0,0,7.3,,0,,27.8,0,27,,,,,11.5,0.5,Under tech quality issue thickness.start 5.30pm,,,0
23/7/2026,1,16,IRSAD/ASMULAH,KingFa NC050,666343,3,BC28-0170-D-5180-3539-PP,10703149,6,28,28,930,100800,2016,672,5580,6720,188.16,10752,90048,156.24,0,0,0,1,0.00640041,45.6,11.78,42,,,,,0.22,,Run well.L.test.,2,8,35
23/7/2026,1,17,IRSAD,SM398,606531,0,C35-R/S-F.TOP STRAW W IND SEAL 2.0 (ASEM),10702671,12,5.6,5.6,1400,170000,28900,13600,16800,34000,190.4,81600,88400,94.08,0,0,0,3,0.031887755,30,11.66666667,29.04,,,,,0.333333333,,Uncapping screathes.,,,535
23/7/2026,1,18,SOJIB,SM840,621407,0,T-0226-BR-HERS-PP,10701401,1,27.8,27.8,140,75040,420,560,140,0,0,58240,16800,3.892,0,2,0.513874615,0.5,0.128468654,27.4,1,17.8,,,,,11,,Under tech start 5pm 1cavity run.,,,17
23/7/2026,1,19,IRSAD/ASMULAH,PET PF CAN,588637,0,PF-JK57-24-82-KEKO,10702295,6,24.6,24.6,1320,144000,64320,0,7920,7500,184.5,115450,28550,194.832,0,0,0,0,0,32.2,11.80666667,26,,,,,0.193333333,,Run well.,,,0
23/7/2026,1,20,,,123456,0,,,,,,0,0,0,0,,0,0,0,,,,0,,0,,0,0,0,,,,,,12,NO SCHEDULE,,,
23/7/2026,1,21,NA,PP855,453940,0,BS1013-NA 1LTR PP BTL (NATURAL),SAMPLE,2,44.2,55,0,0,0,100,0,0,0,0,0,0,0,18.8,,0,,31,0,35,,,,,12,,Sample Request by Fatihah,11,,0
23/7/2026,1,22,NA,MARLEX6007,618592,0,E22-0150-R-GY-HDPE ,10701479,4,26,15,0,43200,0,0,0,0,0,0,43200,0,0,0,,0,,24.3,0,25,,,,,12,,Under tech.Flashing & shot moulding.,,,0
23/7/2026,1,23,ASMULAH,MARLEX6007,617192,0,EBK38-2017-K-S-BEIGE-HDPE,10702787,1,139.8,103,1230,20328,336,121,1230,1452,149.556,3025,17303,126.69,45.264,0,0,10,0.078932828,33,11.275,33,,,,,0.725,,Line mark black dot.L.test.,,,97
23/7/2026,1,24,NA,SM398,665673,0,C32- TOP CAP-RED-KKM,SAMPLE,15,2.1,2.1,0,0,0,0,0,0,0,0,0,0,0,16,,0,,17.4,0,20,,,,,12,,New Masterbatch Testing,8.9,,0
23/7/2026,1,24,HAS,SM240,453796,0,AL2012-BK 38MM CAP (BLACK) C/W SEAL ASEM,10701655,15,4,4,0,400000,0,0,0,80000,320,240000,160000,0,0,0,,0,,20.8,0,20.8,,,,,0,,Assy output.,,,0
23/7/2026,1,25,PAVEL,LLDPE 6101+HDPE 6178,665674,0,C32-BOTTOM CAP-RED-KKM,10700434,7,3.801,3.801,1500,360000,15000,0,10500,10000,38.01,27405,332595,39.9105,0,0,0,1.5,0.037584094,28,11.66666667,29,,,,,0.333333333,,Shot moulding.,,,394
23/7/2026,1,26,NIPU,PET CAN,588272,0,JK57-0350-R-CL-KEKO,10703094,2,24,18,4080,91800,0,2040,8160,6120,110.16,44880,46920,146.88,48.96,0,0,8.2,0.055827887,7.4,8.4,6.8,,,,,3.6,,Under tech mould close error feeding no move ahead take bottle no move ahead.,,16,455
23/7/2026,1,27,,,123456,0,,,,,,0,0,0,0,,0,0,0,,,,0,,0,,0,0,0,,,,,,12,NO SCHEDULE,,,
23/7/2026,1,28,,,123456,0,,,,,,0,0,0,0,,0,0,0,,,,0,,0,,0,0,0,,,,,,12,NO SCHEDULE,,,
23/7/2026,1,29,NA,MARLEX5502,645095,0,E44-3900-S-NA-FMC-HDPE,TESTING,2,317,190,0,0,0,0,0,0,0,0,0,0,0,0,,0,,61.6,0,45,,,,,12,,"3,9ltr FMC Mould Testing",,,0
23/7/2026,2,1,KALAMODIN,PET,328420,0,JX63-0531-RN-R-CL,10701721,4,28.5,28.5,1633,32064,960,0,6532,6912,196.992,25344,6720,186.162,0,0,0,11.6,0.06231132,24.9,11.3,21.12,,,,,0.7,,"Flow mark,white mark",,,407
23/7/2026,2,2,WIYAH/SUMATHI,PET,442034,0,BC28-0250-Z-S-CL,10699056,4,23,23,1658,139776,4650,1152,6632,9216,211.968,56448,83328,152.536,0,0,0,2,0.013111659,25.35,11.67508333,22,,,,,0.324916667,,Run well.,,,86
23/7/2026,2,3,SUMATHI/RASHIDI,PET,597507,0,BX38-0250-SM-R-WH,10701348,4,23,23,1602,86240,1232,1694,6408,4312,99.176,50204,36036,147.384,0,0,0,19.6,0.132985941,24.8,11,22,,,,,1,,"Discolour,oily.body soft.",,,852
23/7/2026,2,4,SHAHID/WIYAH,PET,402305,0,BX38-0500-S-S-CL-LW,10702540,4,29,29,1606,49920,1040,728,6424,6240,180.96,13208,36712,186.296,0,0,0,6.7,0.035964272,26.4,11.77733333,22,,,,,0.222666667,,Discolour..L.test.,,,231
23/7/2026,2,5,SHAHID,PET,577492,0,BC28-0375-K-R-Tinted Brown,10702582,4,35.6,35.6,264,80960,0,736,1056,0,0,736,80224,37.5936,0,4.5,0.119701226,0,0,27.19,1.5,27,,,,,10.5,,Start 4.30am.L.test.,,,0
23/7/2026,2,6,PUVANES,rPET,620994,0,JJ63-0400-SH-S-CL-rPET,10700608,4,32.74,33,1410,11776,0,2176,5640,3072,101.376,8320,3456,186.12,-1.4664,0,0,6.5,0.034923705,22.2,8.7,22,,,,,3.3,,Sometimes mc stop blockage.,,,196
23/7/2026,2,7,,,123456,0,,,,,,0,0,0,0,,0,0,0,,,,0,,0,,0,0,0,,,,,,12,NO SCHEDULE,,,
23/7/2026,2,8,PUVANES/KALAMODIN/DIPAK,rPET,593537,0,BX38-1000-RN-R-CL-rPET 0.2,10702414,4,56.5,56.8,1478,69000,0,230,5912,5750,326.6,24955,44045,335.8016,-1.7736,0,0,1.5,0.004466923,29,11.90611111,28.5,,,,,0.093888889,,Run well.L.test.,,,26
23/7/2026,2,9,RASHIDI,KingFa NC050,666344,2,BC28-0056-D-APH-5040-0756-PP,10701603,6,12.3,12.3,1554,162000,6885,0,9324,16200,199.26,81000,81000,114.6852,0,0,0,1,0.008719521,27.4,11.82766667,26,,,,,0.172333333,,Run well.L.test.,,,81
23/7/2026,2,10,SHAHID/WIYAH/SUMATHI,PET,324216,0,JW110-4100-R-R-AM,10701400,1,150.2,150.2,1585,9072,42,42,1585,1512,227.1024,4746,4326,238.067,0,0,0,3.5,0.014701744,26.96,11.86988889,36,,,,,0.130111111,,Drooling.,,,23
23/7/2026,2,11,KAIMULLAH,PPSB520Y,552181,5,BC28-0090-D-APH-5180-3538-PP-6 NOTCHES,10701605,6,14.7,14.7,1431,108000,1080,3510,8586,5400,79.38,84510,23490,126.2142,0,0,0,2,0.015846078,29.8,11.8455,27,,,,,0.1545,,Run well.L.test.,,,136
23/7/2026,2,12,DIPAK,RECRON,620599,0,BC28-0750-K4-R-CL (55g)  ,10701607,4,55,55,1476,72000,1575,0,5904,7200,396,23400,48600,324.72,0,0,0,9.8,0.030179847,29.5,12,28,,,,,0,,Black dot.L.test,,,178
23/7/2026,2,13,KAIMULLAH,KingFa NC050,666344,3,BC28-0056-D-APH-5040-0756-PP,10701608,6,12.3,12.3,1475,162000,6075,6480,8850,8100,99.63,111780,50220,108.855,0,0,0,1,0.009186533,28.1,11.5,26,,,,,0.5,,Run well.L.test.,,,81
23/7/2026,2,14,NA,PET,541381,0,BC28-1200-K-R-CL,10700742,4,55,55,0,84000,0,0,0,0,0,46900,37100,0,0,45.6,,0,,28,0,30.08,,,,,12,,Under tech quality issue thickness.,,,0
23/7/2026,2,15,KAIMULLAH,KingFa NC050,666342,0,BC28-0090-D-APH-5180-3538-PP-PCR,10701780,6,14.7,14.7,545,108000,0,2970,3270,0,0,2970,105030,48.069,0,4.5,0.093615428,0,0,28.9,3.5,27,,,,,8.5,,Wavy.L.test.Stop 9.30pm.,,,0
23/7/2026,2,16,ZAM,KingFa NC050,666343,3,BC28-0170-D-5180-3539-PP,10703149,6,28,28,953,100800,2016,3024,5718,3360,94.08,16464,84336,160.104,0,0,0,1,0.00624594,45.6,12,42,,,,,0,,Run well.L.test.,,,35
23/7/2026,2,17,NITESH,SM398,606531,0,C35-R/S-F.TOP STRAW W IND SEAL 2.0 (ASEM),10702671,12,5.6,5.6,1491,170000,13600,28900,17892,0,0,96900,73100,100.1952,0,0,0,3.5,0.034931813,28.5,11.80375,29.04,,,,,0.19625,,Uncapping screathes.,,,625
23/7/2026,2,18,NITESH,SM840,621407,0,T-0226-BR-HERS-PP,10701401,1,27.8,27.8,1610,75040,560,1050,1610,1120,31.136,60410,14630,44.758,0,0,0,1,0.022342375,27.4,12,17.8,,,,,0,,Drooling.Run 1#cavity only.,,,35
23/7/2026,2,19,JIWAN,PET PF CAN,588637,0,PF-JK57-24-82-KEKO,10702295,6,24.6,24.6,1325,144000,0,0,7950,7500,184.5,130900,13100,195.57,0,0,0,0,0,32.2,11.85138889,26,,,,,0.148611111,,Run well.,,,0
23/7/2026,2,20,,,123456,0,,,,,,0,0,0,0,,0,0,0,,,,0,,0,,0,0,0,,,,,,12,NO SCHEDULE,,,
23/7/2026,2,21,,R-HDPE ASTERENE HXM 6007,123456,0,EBK38-2000-K-S-WH-PE(S2012),10702422,1,180,122,0,0,0,0,0,0,0,0,21160,0,0,0,,0,,0,0,0,,,,,12,12,NO SCHEDULE,,,0
23/7/2026,2,22,,MARLEX6007,123456,0,E22-0150-R-GY-HDPE ,10701479,4,26,15,0,0,0,0,0,0,0,0,43200,0,0,0,,0,,0,0,0,,,,,12,12,NO SCHEDULE,,,0
23/7/2026,2,23,JIWAN,MARLEX6007,617192,0,EBK38-2017-K-S-BEIGE-HDPE,10702787,1,139.8,103,1311,20328,121,242,1311,968,99.704,4114,16214,135.033,48.2448,0,0,14.6,0.108121718,33,12,33,,,,,0,,"Black dot,line mark.L.test",,,141
23/7/2026,2,24,SHAESHNATH,SM240,453796,0,AL2012-BK 38MM CAP (BLACK) C/W SEAL ASEM,10701655,15,4,4,0,400000,0,0,0,0,0,280000,120000,0,0,0,,0,,17.4,0,20.8,,,,,12,,Assy.,,,0
23/7/2026,2,25,JIWAN/ZAM,LLDPE 6101+HDPE 6178,665674,0,C32-BOTTOM CAP-RED-KKM,10700434,7,3.801,3.801,1500,360000,0,0,10500,9000,34.209,37905,322095,39.9105,0,0,0,1,0.025056063,29,12,29,,,,,0,,Pull ring broken.,,,263
23/7/2026,2,26,RAM,PET CAN,588272,0,JK57-0350-R-CL-KEKO,10703094,2,24,18,4096,91800,2040,680,8192,9180,165.24,52700,39100,147.456,49.152,0,0,6.7,0.045437283,7.4,8.4,6.8,,,,,3.6,,Under tech mould close error.Dented.,,,372
23/7/2026,2,27,,,123456,0,,,,,,0,0,0,0,,0,0,0,,,,0,,0,,0,0,0,,,,,,12,NO SCHEDULE,,,
23/7/2026,2,28,,,123456,0,,,,,,0,0,0,0,,0,0,0,,,,0,,0,,0,0,0,,,,,,12,NO SCHEDULE,,,
23/7/2026,2,29,,MARLEX5502,123456,0,E44-3900-S-NA-FMC-HDPE,TESTING,2,317,190,0,0,0,0,0,0,0,0,0,0,0,0,,0,,0,0,0,,,,,12,12,NO SCHEDULE,,,0
24/7/2026,1,1,PAVEL,PET,328420,0,JX63-0531-RN-R-CL,10701721,4,28.5,28.5,1680,32064,0,0,6720,6720,191.52,32064,0,191.52,0,0,0,11.5,0.060045948,24.9,11.62,21.12,,,,,0.38,,Drooling white mark.,6,,403
24/7/2026,1,2,HABIRAMI,PET,442034,0,BC28-0250-Z-S-CL,10699056,4,23,23,1610,139776,1152,2688,6440,4608,105.984,62592,77184,148.12,0,0,0,6.2,0.041857953,25.4,11.35944444,22,,,,,0.640555556,,Drooling.,3,3,269
24/7/2026,1,3,AISHAH,PET,597507,0,BX38-0250-SM-R-WH,10701348,4,23,23,1580,86240,1694,308,6320,7546,173.558,56364,29876,145.36,0,0,0,10.3,0.070858558,24.8,11,22,,,,,1,,Discolour oily mark gate off center.L.test.,4,,447
24/7/2026,1,4,JEGA,PET,402305,0,BX38-0500-S-S-CL-LW,10702540,4,29,29,1620,49920,728,1040,6480,6240,180.96,19760,30160,187.92,0,0,0,2.5,0.013303533,26.9,12,22,,,,,0,,Run well.L.test.,2.6,,86
24/7/2026,1,5,KAVITHA,PET,577492,0,BC28-0375-K-R-Tinted Brown,10702582,4,35.6,35.6,1565,80960,736,1472,6260,5520,196.512,6992,73968,222.856,0,0,0,1,0.004487202,27.29,11.86356944,27,,,,,0.136430556,,Run well.L.test.,3.5,,28
24/7/2026,1,6,SOJIB,rPET,620994,0,JJ63-0400-SH-S-CL-rPET,10700608,4,32.74,33,890,11776,2176,0,3560,5632,185.856,11776,0,117.48,-0.9256,0,0,3,0.025536261,22.2,5.5,22,,,,,0,,Stop 12.20pm.C/order.,6,8,90
24/7/2026,1,6,NA,PET,322412,0,JJ63-0200-R-R-CL,10699844,4,24.3,24,0,40600,0,0,0,0,0,0,40600,0,0,8.2,,0,,22.2,0,20,5.5,,,,1,,Tech mould change.,,,0
24/7/2026,1,7,,,123456,0,,,,,,0,0,0,0,,0,0,0,,,,0,,0,,0,0,0,,,,,,12,NO SCHEDULE,,,
24/7/2026,1,8,RAIS,rPET,593537,0,BX38-1000-RN-R-CL-rPET 0.2,10702414,4,56.5,56.8,1460,69000,230,345,5840,5750,326.6,30820,38180,331.712,-1.752,0,0,3,0.00904399,29,11.76111111,28.5,,,,,0.238888889,,Run well.L.test.,,,52
24/7/2026,1,9,AISHAH/HABIRAMI,KingFa NC050,666344,2,BC28-0056-D-APH-5040-0756-PP,10701603,6,12.3,12.3,1552,162000,0,1215,9312,8100,99.63,90315,71685,114.5376,0,0,0,3.2,0.027938424,27.4,11.81244444,26,,,,,0.187555556,,Run well.L.test.,,,260
24/7/2026,1,10,KAVITHA/JEGA,PET,324216,0,JW110-4100-R-R-AM,10701400,1,150.2,150.2,1560,9072,42,42,1560,1512,227.1024,6258,2814,234.312,0,0,0,1,0.004267814,26.67,11.557,36,,,,,0.443,,Drooling.,4.5,,6
24/7/2026,1,11,BHOLA,PPSB520Y,552181,5,BC28-0090-D-APH-5180-3538-PP-6 NOTCHES,10701605,6,14.7,14.7,1440,108000,3510,1350,8640,10800,158.76,93150,14850,127.008,0,0,0,1.5,0.01181028,29.8,11.92,27,,,,,0.08,,Run well.L.test.,,,102
24/7/2026,1,12,AISYAH,PET RECRON,620599,0,BC28-0750-K4-R-CL (55g)  ,10701607,4,55,55,1465,72000,0,450,5860,5400,297,29250,42750,322.3,0,0,0,4,0.012410797,29.5,12,28,,,,,0,,Black dot.L.test,,,72
24/7/2026,1,13,BHOLA,KingFa NC050,666344,3,BC28-0056-D-APH-5040-0756-PP,10701608,6,12.3,12.3,1485,162000,6480,7290,8910,8100,99.63,120690,41310,109.593,0,0,0,1,0.00912467,28.1,11.59125,26,,,,,0.40875,,Run well.L.test.,,,81
24/7/2026,1,14,NA,PET,541381,0,BC28-1200-K-R-CL,10700742,4,55,55,0,84000,0,0,0,0,0,47600,36400,0,0,0,,0,,28,0,30.08,,,,,12,,Under tech quality issue thickness.,,,0
24/7/2026,1,15,NA,KingFa NC050,666342,0,BC28-0090-D-APH-5180-3538-PP-PCR,10701780,6,14.7,14.7,680,108000,2970,3510,4080,16200,238.14,16200,91800,59.976,0,4.6,0.076697346,0,0,27.8,5.251111111,27,,,,,6.748888889,,Under tech quality issue thickness.start 12.45pm.,,,0
24/7/2026,1,16,NIKHIL/NIRAJAN,KingFa NC050,666343,3,BC28-0170-D-APH-5180-3539-PP,10703149,6,28,28,910,100800,3024,1680,5460,6720,188.16,20840,79960,152.88,0,0,0,2,0.013082156,45.6,11.5,42,,,,,0.5,,Run well.L.test.,,,71
24/7/2026,1,16,NA,KingFa NC050,666343,3,BC28-0170-D-APH-5180-3539-PP,SAMPLE,6,28,28,0,1848,0,0,0,1848,51.744,1848,0,0,0,0,,0,,45.6,0,42,,,,,0,,Only inward sample.,,,0
24/7/2026,1,17,HAS,SM398,606531,0,C35-R/S-F.TOP STRAW W IND SEAL 2.0 (ASEM),10702671,12,5.6,5.6,1500,170000,28900,11900,18000,34000,190.4,113900,56100,100.8,0,0,0,6.5,0.064484127,28,11.66666667,29.04,,,,,0.333333333,,Uncapping screathes shot moulding.,,,1160
24/7/2026,1,18,HAS/NIRAJAN,SM840,621407,0,T-0226-BR-HERS-PP,10701401,1,27.8,27.8,800,75040,1050,980,800,1120,31.136,61460,13580,22.24,0,0,0,1,0.044964029,27.4,6.088888889,17.8,,,,,5.911111111,,Under tech stop 12pm.mould creak.,,,35
24/7/2026,1,19,NIRAJAN/HAS,PET PF CAN,588637,0,PF-JK57-24-82-KEKO,10702295,6,24.6,24.6,1320,144000,0,58500,7920,7500,184.5,140140,3860,194.832,0,0,0,0.4,0.002053051,32.2,11.80666667,26,,,,,0.193333333,,Run well.,,,16
24/7/2026,1,20,,,123456,0,,,,,,0,0,0,0,,0,0,0,,,,0,,0,,0,0,0,,,,,,12,NO SCHEDULE,,,
24/7/2026,1,21,,,123456,0,,,,,,0,0,0,0,,0,0,0,,,,0,,0,,0,0,0,,,,,,12,NO SCHEDULE,,,
24/7/2026,1,22,NA,MARLEX6007,618592,0,E22-0150-R-GY-HDPE ,10701479,4,26,15,0,43200,0,0,0,0,0,0,43200,0,0,0,,0,,24.3,0,25,,,,,12,,Under tech.Flashing & shot moulding.,,,0
24/7/2026,1,23,NIRAJAN,MARLEX6007,617192,0,EBK38-2017-K-S-BEIGE-HDPE,10702787,1,139.8,103,1230,20328,242,363,1230,968,99.704,5203,15125,126.69,45.264,0,0,14,0.110505959,33,11.275,33,,,,,0.725,,Black dot.L.test,7,,135
24/7/2026,1,24,IRSAD,SM240,453796,0,AL2012-BK 38MM CAP (BLACK) C/W SEAL ASEM,10701655,15,4,4,0,400000,0,0,0,80000,320,320000,80000,0,0,0,,0,,20.8,0,20.8,,,,,0,,Assym.,,,0
24/7/2026,1,24,NA,SM840,621407,0,T-0226-BR-HERS-PP,10701401,2,27.8,27.8,0,75040,0,0,0,0,0,61460,13580,0,0,2,,0,,17.4,0,17.8,,3.5,,,8.5,,Tech startup.,15,,0
24/7/2026,1,25,NIKHIL/NIRAJAN,LLDPE 6101+HDPE 6178,665674,0,C32-BOTTOM CAP-RED-KKM,10700434,8,3.801,3.801,1520,360000,0,0,12160,10000,38.01,37905,322095,46.22016,0,0,0,1,0.021635581,28,11.82222222,29,,,,,0.177777778,,Drooling shot moulding.,9,,263
24/7/2026,1,26,ASMULAH,PET CAN,588272,0,JK57-0350-R-CL-KEKO,10703094,2,24,18,3320,91800,680,340,6640,6120,110.16,58140,33660,119.52,39.84,0,0,10,0.083668005,7.4,6.8,6.8,,,,,5.2,,Under tech stop 2.20pm mould screw broken.,,17,555
24/7/2026,1,27,,,123456,0,,,,,,0,0,0,0,,0,0,0,,,,0,,0,,0,0,0,,,,,,12,NO SCHEDULE,,,
24/7/2026,1,28,,,123456,0,,,,,,0,0,0,0,,0,0,0,,,,0,,0,,0,0,0,,,,,,12,NO SCHEDULE,,,
24/7/2026,1,29,NA,R-HDPE ASTERENE HXM 50100S,611846,0,B54-5000-S-CL-HDPE,10700913,2,453,329,0,4320,0,0,0,0,0,0,4320,0,0,0,,0,,61.6,0,40.1,,,,,12,,Under tech start adjustment.,40,,0
24/7/2026,2,1,SHAHID,PET,647556,0,JJ63-0650-HD-CL,10701477,4,35,34.5,0,27720,0,0,0,0,0,0,27720,0,0,14.6,,0,,24.9,0,20.4,,,,,12,,Start 6.00am.,,,0
24/7/2026,2,2,SHAHID/SUMATHI,PET,442034,0,BC28-0250-Z-S-CL,10699056,4,23,23,1679,139776,2688,0,6716,9216,211.968,50688,89088,154.468,0,0,0,3.5,0.022658415,25.35,11.82295833,22,,,,,0.177041667,,Drooling.,,,152
24/7/2026,2,3,RASHIDI/WIYAH,PET,597507,0,BX38-0250-SM-R-WH,10701348,4,23,23,1481,86240,308,1078,5924,4312,99.176,52822,33418,136.252,0,0,0,12.6,0.092475707,24.8,10.20244444,22,,,,,1.797555556,,"Discolour oily mark,soft.L.test.",,,547
24/7/2026,2,4,PUVES,PET,402305,0,BX38-0500-S-S-CL-LW,10702540,4,29,29,1610,49920,1040,1040,6440,6240,180.96,13520,36400,186.76,0,0,0,5.8,0.031055901,26.4,11.80666667,22,,,,,0.193333333,,"Body deform,discolour.L.test.",,,200
24/7/2026,2,5,SUMATHI,PET,577492,0,BC28-0375-K-R-Tinted Brown,10702582,4,35.6,35.6,861,80960,1472,1169,3444,3680,131.008,10369,70591,122.6064,0,0,0,7.8,0.063618212,27.19,6.5,27,,,,,5.5,,Sliver streak.L.test.Stop 12.30am hot runner problem.,,,219
24/7/2026,2,6,SHAHID/GVETAH,PET,322412,0,JJ63-0200-R-R-CL,10709844,4,24.3,24,1228,40600,0,406,4912,2030,48.72,19691,20909,117.888,1.4736,10.6,0.089915852,0,0,23.3,8,20,,,,,2.1,1.9,Start 11.45pm.Mc always stop alarm.,,,0
24/7/2026,2,7,,,123456,0,,,,,,0,0,0,0,,0,0,0,,,,0,,0,,0,0,0,,,,,,12,NO SCHEDULE,,,
24/7/2026,2,8,WIYAH/RASHIDI,rPET,593537,0,BX38-1000-RN-R-CL-rPET 0.2,10702414,4,56.5,56.8,1468,69000,345,460,5872,5750,326.6,36685,32315,333.5296,-1.7616,0,0,2,0.005996469,29,11.82555556,28.5,,,,,0.174444444,,Run well.L.test.,,,35
24/7/2026,2,9,WIYAH/RASHIDI,KingFa NC050,666344,2,BC28-0056-D-APH-5040-0756-PP,10701603,6,12.3,12.3,1585,162000,1215,10580,9510,0,0,99680,62320,116.973,0,0,0,1,0.008548981,27.4,12,26,,,,,0,,Run well.L.test.,,,81
24/7/2026,2,10,SUMATHI/PUVES,PET,324216,0,JW110-4100-R-R-AM,10701400,1,150.2,150.2,1571,9072,42,84,1571,1512,227.1024,4956,4116,235.9642,0,0,0,2.6,0.011018621,27,11.7825,36,,,,,0.2175,,Drooling.,,,17
24/7/2026,2,11,RAM,PPSB520Y,552181,5,BC28-0090-D-APH-5180-3538-PP-6 NOTCHES,10701605,6,14.7,14.7,1465,108000,1350,8910,8790,0,0,100710,7290,129.213,0,0,0,1,0.007739159,29.8,12,27,,,,,0,,Run well.L.test.,,,68
24/7/2026,2,12,GVETAH,PET RECRON,620599,0,BC28-0750-K4-R-CL (55g)  ,10701607,4,55,55,1445,72000,450,675,5780,5400,297,24975,47025,317.9,0,0,0,5.8,0.018244731,29.5,11.84097222,28,,,,,0.159027778,,Black dot.L.test,,,105
24/7/2026,2,13,RAM,KingFa NC050,666344,3,BC28-0056-D-APH-5040-0756-PP,10701608,6,12.3,12.3,1552,162000,7290,8910,9312,8100,99.63,122310,39690,114.5376,0,0,0,1,0.008730757,28.1,12,26,,,,,0,,Run well.L.test.,,,81
24/7/2026,2,14,NA,PET,541381,0,BC28-1200-K-R-CL,10700742,4,55,55,0,84000,0,0,0,0,0,0,84000,0,0,0,,0,,28,0,30.08,,,,,12,,Under tech quality issue thickness.,,,0
24/7/2026,2,15,RAM,KingFa NC050,666342,0,BC28-0090-D-APH-5180-3538-PP-PCR,10701780,6,14.7,14.7,1289,108000,3510,5400,7734,5400,79.38,21600,86400,113.6898,0,0,0,1,0.008795864,28.9,10.3,27,,,,,1.7,,Leak test pusher problem.L.test.,,,68
24/7/2026,2,16,ZAM,KingFa NC050,666343,3,BC28-0170-D-APH-5180-3539-PP,10703149,6,28,28,953,100800,1680,4023,5718,3360,94.08,24183,76617,160.104,0,0,0,1,0.00624594,45.6,12,42,,,,,0,,Run well.L.test.,,,35
24/7/2026,2,17,JIWAN,SM398,606531,0,C35-R/S-F.TOP STRAW W IND SEAL 2.0 (ASEM),10702671,12,5.6,5.6,1532,170000,11900,28900,18384,0,0,130900,39100,102.9504,0,0,0,2.5,0.024283538,28.5,12,29.04,,,,,0,,Uncapping screathes short moulding.,,,446
24/7/2026,2,18,NA,SM840,621407,0,T-0226-BR-HERS-PP,10701401,1,27.8,27.8,0,75040,0,0,0,0,0,61460,13580,0,0,0,,0,,27.4,0,17.8,,,,,12,,Mould creak.,,,0
24/7/2026,2,19,SHESHNATH/ZAM,PET PF CAN,588637,0,PF-JK57-24-82-KEKO,10702295,6,24.6,24.6,643,144000,58500,58100,3858,3860,94.956,144000,0,94.9068,0,0,0,0,0,32.2,5.8,26,,,,,0.8,,Run well.C j/o.,,,0
24/7/2026,2,19,SHESHNATH/ZAM,PET PF CAN,588637,0,PF-JK57-24-82-KEKO,10703599,6,24.6,24.6,607,144000,0,3640,3642,3640,89.544,3640,140360,89.5932,0,0,0,0,0,32.2,5.4,26,,,,,0,,Run well.,,,0
24/7/2026,2,20,,,123456,0,,,,,,0,0,0,0,,0,0,0,,,,0,,0,,0,0,0,,,,,,12,NO SCHEDULE,,,
24/7/2026,2,21,NA,R-HDPE ASTERENE HXM 6007,573943,0,EBK38-2000-K-S-WH-PE(S2012),10702422,1,180,122,0,21160,0,0,0,0,0,0,21160,0,0,0,,0,,31,0,35,,,,,12,,Mould Testing,,,0
24/7/2026,2,22,NA,MARLEX6007,618592,0,E22-0150-R-GY-HDPE ,10701479,4,26,15,0,43200,0,0,0,0,0,0,43200,0,0,0,,0,,24.3,0,25,,,,,12,,Under tech.Flashing & shot moulding.,,,0
24/7/2026,2,23,SHEAHNATH,MARLEX6007,617192,0,EBK38-2017-K-S-BEIGE-HDPE,10702787,1,139.8,103,1286,20328,363,396,1286,968,99.704,4752,15576,132.458,47.3248,0,0,24.6,0.185719247,33,11.78833333,33,,,,,0.211666667,,Black dot.L.test,,,238
24/7/2026,2,24,KALAMODIN,SM840,621407,0,T-0226-BR-HERS-PP,10701401,1,27.8,27.8,2898,75040,0,280,0,2240,62.272,59640,15400,0,0,0,,4.6,,14.7,11.8335,17.8,,,,,0.1665,,Short moulding.,,,165
24/7/2026,2,25,SHESHNATH/ZAM/JIWAN,LLDPE 6101+HDPE 6178,665674,0,C32-BOTTOM CAP-RED-KKM,10700434,8,3.801,3.801,1500,360000,0,0,12000,9000,34.209,46905,313095,45.612,0,0,0,1,0.021924055,29,12,29,,,,,0,,"Drooling,pull ring brokan.",,,263
24/7/2026,2,26,DIPAK,PET CAN,588272,0,JK57-0350-R-CL-KEKO,10703094,2,24,18,3631,91800,340,1190,7262,3060,55.08,62050,29750,130.716,43.572,0,0,15.4,0.117812663,7.4,7.5,6.8,,,,,4.5,,Mc stop sometimes bottle & preform stuck.,,,855
24/7/2026,2,27,,,123456,0,,,,,,0,0,0,0,,0,0,0,,,,0,,0,,0,0,0,,,,,,12,NO SCHEDULE,,,
24/7/2026,2,28,,,123456,0,,,,,,0,0,0,0,,0,0,0,,,,0,,0,,0,0,0,,,,,,12,NO SCHEDULE,,,
24/7/2026,2,29,,R-HDPE ASTERENE HXM 50100S,123456,0,B54-5000-S-CL-HDPE,10700913,2,453,329,0,0,0,0,0,0,0,0,0,0,0,0,,0,,0,0,0,,,,,12,12,NO SCHEDULE,,,0
25/7/2026,1,1,AISHAH,PET,647556,0,JJ63-0650-HD-CL,10701477,4,35,34.5,1760,27720,0,616,7040,6468,223.146,7084,20636,242.88,3.52,0,0,3.5,0.014410408,24.8,12,20.4,,,,,0,,Drooling white mark.,7,9,101
25/7/2026,1,2,NA,PET,442034,0,BC28-0250-Z-S-CL,10699056,4,23,23,0,139776,0,0,0,0,0,69120,70656,0,0,4,,2,,25.4,0,22,,,,10,2,,Under mntc cyclinder broken.startup.start 6pm.,,3,86
25/7/2026,1,3,HABIRAMI/BHOLA,PET,597507,0,BX38-0250-SM-R-WH,10701348,4,23,23,1430,86240,1078,2466,5720,4312,99.176,67146,19094,131.56,0,0,0,14.3,0.108695652,24.8,10,22,,,,,2,,Discolour oily mark body soft gate off center.L.test.,,,621
25/7/2026,1,4,AISYAH,PET,402305,0,BX38-0500-S-S-CL-LW,10702540,4,29,29,1550,49920,1040,832,6200,6240,180.96,32032,17888,179.8,0,0,0,15.4,0.085650723,26.9,11.58194444,22,,,,,0.418055556,,Under tech adjust white mark.L.test.,,,531
25/7/2026,1,5,RAIS,PET,577492,0,BC28-0375-K-R-Tinted Brown,10702582,4,35.6,35.6,812,80960,1169,736,3248,3680,131.008,15456,65504,115.6288,0,5.2,0.044971495,0,0,27.29,6.2,27,,,,,5.8,,Under tech hot runner shot pin broken nad oil.start 12pm,6,8,0
25/7/2026,1,6,KAVITHA/AISHAH,PET,322412,0,JJ63-0200-R-R-CL,10699844,4,24.3,24,1680,40600,406,2030,6720,5075,121.8,25375,15225,161.28,2.016,0,0,1,0.006200397,24,11.2,20,,,,,0.8,,Run well.,,,41
25/7/2026,1,7,,,123456,0,,,,,,0,0,0,0,,0,0,0,,,,0,,0,,0,0,0,,,,,,12,NO SCHEDULE,,,
25/7/2026,1,8,HABIRAMI/BHOLA,rPET,593537,0,BX38-1000-RN-R-CL-rPET 0.2,10702414,4,56.5,56.8,1470,69000,460,0,5880,6325,359.26,42550,26450,333.984,-1.764,0,0,2,0.005988311,29,11.84166667,28.5,,,,,0.158333333,,Run well.L.test.,,,35
25/7/2026,1,9,HABIRAMI,KingFa NC050,666344,2,BC28-0056-D-APH-5040-0756-PP,10701603,6,12.3,12.3,1585,162000,10580,4050,9510,16200,199.26,109350,52650,116.973,0,0,0,1,0.008548981,27.4,12,26,,,,,0,,Run well.L.test.,,,81
25/7/2026,1,10,AISYAH/RAIS,PET,324216,0,JW110-4100-R-R-AM,10701400,1,150.2,150.2,1260,9072,84,0,1260,1344,201.8688,9072,0,189.252,0,0,0,2,0.01056792,26.67,9.3345,36,,,,,2.6655,,C/oder stop 2.40pm.,,2,13
25/7/2026,1,11,IRSAD,PPSB520Y,552181,5,BC28-0090-D-APH-5180-3538-PP-6 NOTCHES,10701605,6,14.7,14.7,1430,108000,8910,0,8580,16200,238.14,108000,0,126.126,0,0,0,1,0.007928579,29.8,11.83722222,27,,,,,0.162777778,,Run well.L.test.,,,68
25/7/2026,1,12,KAVITHA,PET RECRON,620599,0,BC28-0750-K4-R-CL (55g)  ,10701607,4,55,55,1410,72000,675,900,5640,5400,297,40500,31500,310.2,0,0,0,4.8,0.015473888,29.5,11.55416667,28,,,,,0.445833333,,Black dot.L.test,,,87
25/7/2026,1,13,IRSAD,KingFa NC050,666344,3,BC28-0056-D-APH-5040-0756-PP,10701608,6,12.3,12.3,1450,162000,8910,810,8700,16200,199.26,138510,23490,107.01,0,0,0,2,0.018689842,28.1,11.31805556,26,,,,,0.681944444,,Run well.L.test.,,,162
25/7/2026,1,14,NA,PET,541381,0,BC28-1200-K-R-CL,10700742,4,55,55,0,84000,0,0,0,0,0,47600,36400,0,0,19,,0,,28,0,30.08,,,,,10,2,Under tech quality issue thickness.,,6.5,0
25/7/2026,1,15,IRSAD,KingFa NC050,666342,0,BC28-0090-D-APH-5180-3538-PP-PCR,10701780,6,14.7,14.7,1330,108000,5400,4590,7980,10800,158.76,36990,71010,117.306,0,0,0,2.3,0.01960684,27.8,10.3,27,,,,,1.7,,Under tech adjust leak tesh bottle pusher.Reject thickness 70kg(wvay 5kg,,,156
25/7/2026,1,16,SOJIB,KingFa NC050,666343,3,BC28-0170-D-APH-5180-3539-PP,10703149,6,28,28,930,100800,4023,2688,5580,6720,188.16,32928,67872,156.24,0,0,0,1.5,0.009600614,45.6,11.78,42,,,,,0.22,,Run well.L.test.,,,53
25/7/2026,1,17,ASMULAH,SM398,606531,0,C35-R/S-F.TOP STRAW W IND SEAL 2.0 (ASEM),10702671,12,5.6,5.6,1485,170000,28900,11900,17820,34000,190.4,147900,22100,99.792,0,0,0,6.8,0.068141735,28,11.55,29.04,,,,,0.45,,Uncapping screathes shot moulding.,,,1214
25/7/2026,1,18,NA,SM398,665673,0,C32- TOP CAP-RED-KKM,10700243,8,2.1,2.1,200,68100,0,3000,1600,0,0,3000,65100,3.36,0,9.4,2.797619048,0,0,19,1.055555556,20,,,,,10.94444444,,Under tech startup start 4.30pm.,,,0
25/7/2026,1,19,ASMULAH/NIPU,PET PF CAN,588637,0,PF-JK57-24-82-KEKO,10703599,6,24.6,24.6,1320,144000,3640,63750,7920,7500,184.5,11560,132440,194.832,0,0,0,0,0,32.2,11.80666667,26,,,,,0.193333333,,Run well.,,,0
25/7/2026,1,20,,,123456,0,,,,,,0,0,0,0,,0,0,0,,,,0,,0,,0,0,0,,,,,,12,NO SCHEDULE,,,
25/7/2026,1,21,NA,R-HDPE ASTERENE HXM 6007,573943,0,EBK38-2000-K-S-WH-PE(S2012),10702422,1,44.2,122,0,20160,0,0,0,0,0,0,20160,0,0,0,,0,,31,0,35,,,,,12,,under tech startup.,,,0
25/7/2026,1,22,NA,MARLEX6007,618592,0,E22-0150-R-GY-HDPE ,10701479,4,26,15,0,43200,0,0,0,0,0,0,43200,0,0,0,,0,,24.3,0,25,,,,,10,2,Under tech.Flashing & shot moulding.,,,0
25/7/2026,1,23,NIPU,MARLEX6007,617192,0,EBK38-2017-K-S-BEIGE-HDPE,10702787,1,139.8,103,1300,20328,396,0,1300,1452,149.556,7260,13068,133.9,47.84,0,0,16,0.119492158,33,11.91666667,33,,,,,0.083333333,,Black dot.L.test,12,,155
25/7/2026,1,24,NIRAJAN,SM840,621407,0,T-0226-BR-HERS-PP,10701401,1,27.8,27.8,2100,75040,280,700,2100,1120,31.136,64540,10500,58.38,0,0,0,7.2,0.123329908,19.4,11.3,17.8,,,,,0.7,,White mark shot moulding.,,,258
25/7/2026,1,24,INIKHIL,SM240,453796,0,AL2012-BK 38MM CAP (BLACK) C/W SEAL ASEM,10701655,15,4,4,0,400000,0,0,0,80000,320,400000,0,0,0,0,,0,,20.8,0,20.8,,,,,0,,Assy output.,,,0
25/7/2026,1,25,ASMULAH/NIPU,LLDPE 6101+HDPE 6178,665674,0,C32-BOTTOM CAP-RED-KKM,10700434,8,3.801,3.801,1510,360000,0,7500,12080,10000,38.01,58985,301015,45.91608,0,0,0,1.2,0.026134635,28,11.74444444,29,,,,,0.255555556,,Drooling shot moulding.,,,315
25/7/2026,1,26,HAS,PET CAN,588272,0,JK57-0350-R-CL-KEKO,10703094,2,24,18,3250,91800,1190,340,6500,6120,110.16,67320,24480,117,39,0,0,8.5,0.072649573,7.4,6.7,6.8,,,,,5.3,,Under tech holder forward error.,,25,472
25/7/2026,1,27,,,123456,0,,,,,,0,0,0,0,,0,0,0,,,,0,,0,,0,0,0,,,,,,12,NO SCHEDULE,,,
25/7/2026,1,28,,,123456,0,,,,,,0,0,0,0,,0,0,0,,,,0,,0,,0,0,0,,,,,,12,NO SCHEDULE,,,
25/7/2026,1,29,NA,R-HDPE ASTERENE HXM 50100S,611846,0,B54-5000-S-CL-HDPE,10700913,2,453,329,0,4320,0,0,0,0,0,0,4320,0,0,0,,0,,61.6,0,40.1,,,,,10,2,Under tech startup.,,,0
25/7/2026,2,1,SUMATHI,PET,647556,0,JJ63-0650-HD-CL,10701477,4,35,34.5,1748,27720,616,0,6992,7392,255.024,13860,13860,241.224,3.496,0,0,4.5,0.01865486,24.9,12,20.4,,,,,0,,Shoulder deform.,,,130
25/7/2026,2,2,RAM/THURGA,PET,442034,0,BC28-0250-Z-S-CL,10699056,4,23,23,1536,139776,0,1536,6144,4608,105.984,75264,64512,141.312,0,0,0,2.6,0.018399004,25.35,10.816,22,,,,,1.184,,Drooling.,,,113
25/7/2026,2,3,RASHIDI/RAM,PET,597507,0,BX38-0250-SM-R-WH,10701348,4,23,23,1745,86240,2466,308,6980,8624,198.352,73612,12628,160.54,0,0,0,11.8,0.073501931,24.8,12,22,,,,,0,,"Oily mark,body soft.L.test.",,,513
25/7/2026,2,4,THURGA,PET,402305,0,BX38-0500-S-S-CL-LW,10702540,4,29,29,421,49920,832,0,1684,2496,72.384,33696,16224,48.836,0,0,0,3.5,0.071668441,26.4,3.087333333,22,,,,,8.912666667,,"Body deform,discolour.L.test.",,,120
25/7/2026,2,5,THURGA,PET,577492,0,BC28-0375-K-R-Tinted Brown,10702582,4,35.6,35.6,1584,80960,736,3332,6336,3380,120.328,19892,61068,225.5616,0,0,0,6.7,0.029703637,27.19,11.9636,27,,,,,0.0364,,"Thread bamage,base deform.L.test.",,,188
25/7/2026,2,6,SHAHID/SUMATHI,PET,322412,0,JJ63-0200-R-R-CL,10699844,4,24.3,24,1819,40600,2030,0,7276,9135,219.24,33495,7105,174.624,2.1828,0,0,3.5,0.020043064,23.3,11.77297222,20,,,,,0.227027778,,Drooling.,,,145
25/7/2026,2,7,,,123456,0,,,,,,0,0,0,0,,0,0,0,,,,0,,0,,0,0,0,,,,,,12,NO SCHEDULE,,,
25/7/2026,2,8,SHAHID,rPET,593537,0,BX38-1000-RN-R-CL-rPET 0.2,10702414,4,56.5,56.8,1491,69000,0,230,5964,5750,326.6,48530,20470,338.7552,-1.7892,0,0,3.8,0.01121754,29,12,28.5,,,,,0,,Lip white markl.L.test.,,,66
25/7/2026,2,9,RASHIDI,KingFa NC050,666344,2,BC28-0056-D-APH-5040-0756-PP,10701603,6,12.3,12.3,1587,162000,4050,5265,9522,8100,99.63,118665,43335,117.1206,0,0,0,1,0.008538208,27.4,12,26,,,,,0,,Run well.L.test.,,,81
25/7/2026,2,10,,,123456,0,,,,,,0,0,0,0,,0,0,0,,,,0,,0,,0,0,0,,,,,,12,NO SCHEDULE,,,
25/7/2026,2,11,DIPAK,PPSB520Y,552181,5,BC28-0090-D-APH-5180-3538-PP-6 NOTCHES,10700917,6,14.7,14.7,1138,108000,0,3240,6828,5400,79.38,89640,18360,100.3716,0,0,0,1,0.009962978,29.8,9.4,27,,,,,2.6,,Stop leak test problem.L.test.,,,68
25/7/2026,2,12,,,123456,0,,,,,,0,0,0,0,,0,0,0,,,,0,,0,,0,0,0,,,,,,12,NO SCHEDULE,,,
25/7/2026,2,13,DIPAK,KingFa NC050,666344,3,BC28-0056-D-APH-5040-0756-PP,10701608,6,12.3,12.3,1552,162000,810,2025,9312,8100,99.63,147825,14175,114.5376,0,0,0,2,0.017461515,28.1,12,26,,,,,0,,Run well.L.test.,,,162
25/7/2026,2,14,,,123456,0,,,,,,0,0,0,0,,0,0,0,,,,0,,0,,0,0,0,,,,,,12,NO SCHEDULE,,,
25/7/2026,2,15,DIPAK,KingFa NC050,666342,0,BC28-0090-D-APH-5180-3538-PP-PCR,10701780,6,14.7,14.7,486,108000,4590,1890,2916,5400,79.38,39690,68310,42.8652,0,0,0,6.5,0.151638159,28.9,3.9,27,,,,,8.1,,Leak test pusher problem & Turn table lock up problem.L.test.,,,442
25/7/2026,2,16,SHESHNATH,KingFa NC050,666343,3,BC28-0170-D-5180-3539-PP,10703149,6,28,28,910,100800,2688,1344,5460,6720,188.16,38304,62496,152.88,0,0,0,2,0.013082156,45.6,11.5,42,,,,,0.5,,Run well.L.test.,,,71
25/7/2026,2,17,KAIMULLAH,SM398,606531,0,C35-R/S-F.TOP STRAW W IND SEAL 2.0 (ASEM),10702671,12,5.6,5.6,1428,170000,11900,27200,17136,0,0,163200,6800,95.9616,0,0,0,5.8,0.060440843,28.5,11.3,29.04,,,,,0.7,,"Uncapping,burr,short moulding.",,,1035
25/7/2026,2,18,KAIMULLAH,SM398,665673,0,C32- TOP CAP-RED-KKM,10700243,7,2.1,2.1,1400,75040,3000,12000,9800,9000,18.9,12000,63040,20.58,0,0,0,1.6,0.077745384,27.4,10.7,20,,,,,1.3,,"Gate point high,short moulding.Run only 6# cavtiy.Mc always stop",,,761
25/7/2026,2,19,SHESHNATH/JIWAN,PET PF CAN,588637,0,PF-JK57-24-82-KEKO,10703599,6,24.6,24.6,1321,144000,63750,71250,7926,7500,184.5,19060,124940,194.9796,0,0,0,0,0,32.2,11.81561111,26,,,,,0.184388889,,Run well.,,,0
25/7/2026,2,20,,,123456,0,,,,,,0,0,0,0,,0,0,0,,,,0,,0,,0,0,0,,,,,,12,NO SCHEDULE,,,
25/7/2026,2,21,NA,R-HDPE ASTERENE HXM 6007,573943,0,EBK38-2000-K-S-WH-PE(S2012),10702422,1,180,122,0,21160,0,0,0,0,0,0,21160,0,0,0,,0,,31,0,35,,,,,12,,under tech startup.,,,0
25/7/2026,2,22,,,123456,0,,,,,,0,0,0,0,,0,0,0,,,,0,,0,,0,0,0,,,,,,12,NO SCHEDULE,,,
25/7/2026,2,23,JIWAN,MARLEX6007,617192,0,EBK38-2017-K-S-BEIGE-HDPE,10702787,1,139.8,103,1287,20328,0,121,1287,968,99.704,8349,11979,132.561,47.3616,0,0,21.6,0.162943852,33,11.7975,33,,,,,0.2025,,"Black dot,foreign material.L.test",,,209
25/7/2026,2,24,KALAMODIN,SM840,621407,0,T-0226-BR-HERS-PP,10701401,1,27.8,27.8,2060,75040,700,280,2060,2240,62.272,66360,8680,57.268,0,0,0,6.7,0.116993784,19.4,11.1,17.8,,,,,0.9,,Short moulding.,,,241
25/7/2026,2,25,SHESHNATH/JIWAN,LLDPE 6101+HDPE 6178,665674,0,C32-BOTTOM CAP-RED-KKM,10700434,8,3.801,3.801,922,360000,7500,13500,7376,6000,22.806,64985,295015,28.036176,0,0,0,5.5,0.196175113,28,7.2,29,,,,,4.8,,"Drooling,pull ring brokan.",,,1446
25/7/2026,2,26,,,123456,0,,,,,,0,0,0,0,,0,0,0,,,,0,,0,,0,0,0,,,,,,12,NO SCHEDULE,,,
25/7/2026,2,27,,,123456,0,,,,,,0,0,0,0,,0,0,0,,,,0,,0,,0,0,0,,,,,,12,NO SCHEDULE,,,
25/7/2026,2,28,,,123456,0,,,,,,0,0,0,0,,0,0,0,,,,0,,0,,0,0,0,,,,,,12,NO SCHEDULE,,,
25/7/2026,2,29,,,123456,0,,,,,,0,0,0,0,,0,0,0,,,,0,,0,,0,0,0,,,,,,12,NO SCHEDULE,,,
26/7/2026,1,1,KALAI,PET,647556,0,JJ63-0650-HD-CL,10701477,4,35,34.5,1685,27720,0,260,6740,6468,223.146,20588,7132,232.53,3.37,0,0,4.2,0.018062186,24.8,11.60777778,20.4,,,,,0.392222222,,Drooling.,,,121
26/7/2026,1,2,BINOD/BHOLA,PET,442034,0,BC28-0250-Z-S-CL,10699056,4,23,23,1640,139776,1536,3456,6560,4608,105.984,81792,57984,150.88,0,0,0,6.1,0.04042948,25.4,11.57111111,22,,,,,0.428888889,,White mark.,,,265
26/7/2026,1,3,BINOD,PET,597507,0,BX38-0250-SM-R-WH,10701348,4,23,23,1700,86240,308,924,6800,6468,148.764,68376,17864,156.4,0,0,0,3.5,0.022378517,24.8,11.71111111,22,,,,,0.288888889,,Discolour gate off center oliy mark.L.test.,,,152
26/7/2026,1,4,,,123456,0,,,,,,0,0,0,0,,0,0,0,,,,0,,0,,0,0,0,,,,,,12,NO SCHEDULE,,,
26/7/2026,1,5,BHOLA,PET,577492,0,BC28-0375-K-R-Tinted Brown,10702582,4,35.6,35.6,1559,80960,3332,368,6236,9200,327.52,25760,55200,222.0016,0,0,0,3.8,0.017116994,27.29,11.81808611,27,,,,,0.181913889,,Run well.L.test.,,,106
26/7/2026,1,6,KALAI/RAIS,PET,322412,0,JJ63-0200-R-R-CL,10699844,4,24.3,24,1776,40600,0,0,7104,7105,170.52,40600,0,170.496,2.1312,0,0,1.5,0.00879786,24,11.84,20,,,,,0.16,,C/order.,,,62
26/7/2026,1,7,,,123456,0,,,,,,0,0,0,0,,0,0,0,,,,0,,0,,0,0,0,,,,,,12,NO SCHEDULE,,,
26/7/2026,1,8,RAIS,rPET,593537,0,BX38-1000-RN-R-CL-rPET 0.2,10702414,4,56.5,56.8,1450,69000,230,230,5800,5750,326.6,54280,14720,329.44,-1.74,0,0,1.8,0.005463817,29,11.68055556,28.5,,,,,0.319444444,,Run well.L.test.,,,31
26/7/2026,1,9,SUZITA,KingFa NC050,666344,2,BC28-0056-D-APH-5040-0756-PP,10701603,6,12.3,12.3,1560,162000,5265,6480,9360,8100,99.63,127980,34020,115.128,0,0,0,2,0.017371969,27.4,11.87333333,26,,,,,0.126666667,,Run well.L.test.,,,162
26/7/2026,1,10,,,123456,0,,,,,,0,0,0,0,,0,0,0,,,,0,,0,,0,0,0,,,,,,12,NO SCHEDULE,,,
26/7/2026,1,11,IRSAD,PPSB520Y,552181,5,BC28-0090-D-APH-5180-3538-PP-6 NOTCHES,10700917,6,14.7,14.7,930,108000,3240,3240,5580,5400,79.38,95040,12960,82.026,0,2,0.024382513,0,0,29.8,6.8,27,,,,,5.2,,Leak test pusher problem & Turn table lock up problem.start 11.20pm.L.test.,,,0
26/7/2026,1,12,,,123456,0,,,,,,0,0,0,0,,0,0,0,,,,0,,0,,0,0,0,,,,,,12,NO SCHEDULE,,,
26/7/2026,1,13,IRSAD,KingFa NC050,666344,3,BC28-0056-D-APH-5040-0756-PP,10701608,6,12.3,12.3,1485,162000,2025,2835,8910,8100,99.63,156735,5265,109.593,0,0,0,1.2,0.010949604,28.1,11.59125,26,,,,,0.40875,,Run well.L.test.,,,97
26/7/2026,1,14,,,123456,0,,,,,,0,0,0,0,,0,0,0,,,,0,,0,,0,0,0,,,,,,12,NO SCHEDULE,,,
26/7/2026,1,15,IRSAD,KingFa NC050,666342,0,BC28-0090-D-APH-5180-3538-PP-PCR,10701780,6,14.7,14.7,120,108000,1890,2160,720,0,0,39960,68040,10.584,0,0,0,1.5,0.141723356,27.8,0.926666667,27,,,,11,0.073333333,,Under mntc lower mould cant down.,,,102
26/7/2026,1,16,HAS,KingFa NC050,666343,3,BC28-0170-D-APH-5180-3539-PP,10703149,6,28,28,900,100800,1344,0,5400,6720,188.16,43680,57120,151.2,0,0,0,2,0.013227513,45.6,11.4,42,,,,,0.6,,Run well.L.test.,,,71
26/7/2026,1,17,NIPU,SM398,606528,0,C35-R/S-F.TOP CARAMEL W SEAL 2.0 (ASEM),10702672,12,5.86,5.86,566,170000,0,6800,6792,0,0,6800,163200,39.80112,0,3.3,0.08291224,0,0,31,4.9,29.04,,,,,1.2,,Start 12.20pm.Uncapping screathes shot moulding.,,,0
26/7/2026,1,17,NIPU,SM398,606531,0,C35-R/S-F.TOP STRAW W IND SEAL 2.0 (ASEM),10702671,12,5.6,5.6,732,170000,27200,0,8784,34000,190.4,170000,0,49.1904,0,0,0,3,0.06098751,28,5.9,29.04,,,,,0,,Stop 11am.C/order.,,,535
26/7/2026,1,18,NIPU,SM398,665673,0,C32- TOP CAP-RED-KKM,10700243,6,2.1,2.1,2200,68100,12000,21000,13200,15000,31.5,29600,38500,27.72,0,0,0,2.5,0.09018759,19,11.61111111,20,,,,,0.388888889,,Oily mark.,,,1190
26/7/2026,1,19,ASMULAH/HAS,PET PF CAN,588637,0,PF-JK57-24-82-KEKO,10703599,6,24.6,24.6,1335,144000,71250,80250,8010,7500,184.5,27070,116930,197.046,0,0,0,0,0,32.2,11.94083333,26,,,,,0.059166667,,Run well.,,,0
26/7/2026,1,20,,,123456,0,,,,,,0,0,0,0,,0,0,0,,,,0,,0,,0,0,0,,,,,,12,NO SCHEDULE,,,
26/7/2026,1,21,NA,MARLEX6007,573943,0,EBK38-2000-K-S-WH-PE(S2012),10702422,1,44.2,122,0,20160,0,0,0,0,0,0,20160,0,0,0,,0,,31,0,35,,,,,12,,under tech startup.,,,0
26/7/2026,1,22,,,123456,0,,,,,,0,0,0,0,,0,0,0,,,,0,,0,,0,0,0,,,,,,12,NO SCHEDULE,,,
26/7/2026,1,23,ASMULAH,MARLEX6007,617192,0,EBK38-2017-K-S-BEIGE-HDPE,10702787,1,139.8,103,1260,20328,121,242,1260,968,99.704,9156,11172,129.78,46.368,0,0,16.4,0.126367699,33,11.55,33,,,,,0.45,,Black dot.L.test,,,159
26/7/2026,1,24,NIRAJAN,SM840,621407,0,T-0226-BR-HERS-PP,10701401,1,27.8,27.8,2106,75040,280,140,2106,2240,62.272,68460,6580,58.5468,0,0,0,2,0.034160706,19.4,11.349,17.8,,,,,0.651,,White mark.,,,71
26/7/2026,1,25,ASMULAH/HAS,LLDPE6101 / HDPE6178,665674,0,C32-BOTTOM CAP-RED-KKM,10700434,8,3.801,3.801,1520,360000,13500,24000,12160,10000,38.01,337000,23000,46.22016,0,0,0,1.5,0.032453371,28,11.82222222,29,,,,,0.177777778,,Oily mark.,,,394
26/7/2026,1,26,,,123456,0,,,,,,0,0,0,0,,0,0,0,,,,0,,0,,0,0,0,,,,,,12,NO SCHEDULE,,,
26/7/2026,1,27,,,123456,0,,,,,,0,0,0,0,,0,0,0,,,,0,,0,,0,0,0,,,,,,12,NO SCHEDULE,,,
26/7/2026,1,28,,,123456,0,,,,,,0,0,0,0,,0,0,0,,,,0,,0,,0,0,0,,,,,,12,NO SCHEDULE,,,
26/7/2026,1,29,,,123456,0,,,,,,0,0,0,0,,0,0,0,,,,0,,0,,0,0,0,,,,,,12,NO SCHEDULE,,,
26/7/2026,2,1,DIPAK,PET,647556,0,JJ63-0650-HD-CL,10701477,4,35,34.5,1783,27720,260,0,7132,7392,255.024,27720,0,246.054,3.566,0,0,1,0.004064149,24.9,12,20.4,,,,,0,,Run well.Stop 6.20am.C/order.,,,28
26/7/2026,2,1,NA,PET,441809,0,JJ63-0550-S-Q-CL,10703058,4,34,33.67,0,27648,0,0,0,0,0,0,27648,0,0,0,,0,,24.9,0,18,,,,,0,,Change mould.,,,0
26/7/2026,2,2,RAM/KALAMODIN,PET,442034,0,BC28-0250-Z-S-CL,10699056,4,23,23,1637,139776,3456,768,6548,9216,211.968,88320,51456,150.604,0,0,0,1,0.00663993,25.35,11.52720833,22,,,,,0.472791667,,Run well.,,,43
26/7/2026,2,3,RAM,PET,597507,0,BX38-0250-SM-R-WH,10701348,4,23,23,1451,86240,924,0,5804,6468,148.764,86240,0,133.492,0,0,0,3.5,0.0262188,24.8,10,22,,,,,0,,Discolour.L.test.Stop 4.15.C/order.,,,152
26/7/2026,2,3,NA,PET,611949,0,BX38-0150-R-R-AM,10703675,4,20,20,0,56100,0,0,0,0,0,0,56100,0,0,0,,0,,24.8,0,21.64,,,2,,0,,Change mould.,,,0
26/7/2026,2,4,RAM,PET,402305,0,BX38-0500-S-S-CL-LW,10702540,4,29,29,0,49920,0,0,0,0,0,33696,16224,0,0,0,,0,,24.8,0,22,,,,,12,,Start 7.30am.,,,0
26/7/2026,2,5,KALAMODIN,PET,577492,0,BC28-0375-K-R-Tinted Brown,10702582,4,35.6,35.6,1585,80960,368,1104,6340,5520,196.512,32384,48576,225.704,0,0,0,2,0.008861163,27.19,11.97115278,27,,,,,0.028847222,,Run well.L.test.,,,56
26/7/2026,2,6,DIPAK/SHAHID,PET,322411,0,JJ63-0200-S-Q-CL,10701867,4,24,24,348,21600,0,720,1392,0,0,348,21252,33.408,0,4.5,0.134698276,0,0,23.3,0.5,20.12,,,1.5,,10,,Start 4.30am.,,,0
26/7/2026,2,7,,,123456,0,,,,,,0,0,0,0,,0,0,0,,,,0,,0,,0,0,0,,,,,,12,NO SCHEDULE,,,
26/7/2026,2,8,SHAHID/DIPAK,rPET,593537,0,BX38-1000-RN-R-CL-rPET 0.2,10702414,4,56.5,56.8,1480,69000,230,0,5920,6325,359.26,60375,8625,336.256,-1.776,0,0,1,0.002973925,29,11.92222222,28.5,,,,,0.077777778,,Run well.L.test.,,,17
26/7/2026,2,9,SHAHID/RAM,KingFa NC050,666344,2,BC28-0056-D-APH-5040-0756-PP,10701603,6,12.3,12.3,1568,162000,6480,7695,9408,8100,99.63,137295,24705,115.7184,0,0,0,1,0.008641668,27.4,11.93422222,26,,,,,0.065777778,,Run well.L.test.,,,81
26/7/2026,2,10,,,123456,0,,,,,,0,0,0,0,,0,0,0,,,,0,,0,,0,0,0,,,,,,12,NO SCHEDULE,,,
26/7/2026,2,11,KAIMULLAH,PPSB520Y,552181,5,BC28-0090-D-APH-5180-3538-PP-6 NOTCHES,10700917,6,14.7,14.7,1422,108000,3240,1350,8532,10800,158.76,103950,4050,125.4204,0,0,0,2.6,0.02073028,29.8,11.771,27,,,,,0.229,,Stop 6.20am  leak test problem.L.test.,,,176
26/7/2026,2,12,,,123456,0,,,,,,0,0,0,0,,0,0,0,,,,0,,0,,0,0,0,,,,,,12,NO SCHEDULE,,,
26/7/2026,2,13,KAIMULLAH,KingFa NC050,666344,3,BC28-0056-D-APH-5040-0756-PP,10701608,6,12.3,12.3,886,162000,2835,0,5316,8100,99.63,162000,0,65.3868,0,0,0,2,0.030587213,28.1,7,26,,,,,0.2,,Run well.L.test.C j/o.,,,162
26/7/2026,2,13,KAIMULLAH,KingFa NC050,666344,3,BC28-0056-D-APH-5040-0756-PP,10703144,6,12.3,12.3,608,162000,0,3645,3648,0,0,3645,158355,44.8704,0,0,0,2,0.044572814,28.1,4.8,26,,,,,0,,Run well.L.test.,,,162
26/7/2026,2,14,,,123456,0,,,,,,0,0,0,0,,0,0,0,,,,0,,0,,0,0,0,,,,,,12,NO SCHEDULE,,,
26/7/2026,2,15,NA,KingFa NC050,666342,0,BC28-0090-D-APH-5180-3538-PP-PCR,10701780,6,14.7,14.7,0,108000,2160,2160,0,0,0,39690,68310,0,0,14.8,,0,,28.9,0,27,,,,,12,,Thickness.,,,0
26/7/2026,2,16,ZAM,KingFa NC050,666343,3,BC28-0170-D-5180-3539-PP,10703149,6,28,28,949,100800,0,2016,5694,3360,94.08,49056,51744,159.432,0,0,0,2,0.012544533,45.6,12,42,,,,,0,,Run well.L.test.,,,71
26/7/2026,2,17,JIAWN,SM398,606528,0,C35-R/S-F.TOP CARAMEL W SEAL 2.0 (ASEM),10702672,12,5.86,5.86,1322,170000,6800,20400,15864,0,0,20400,149600,92.96304,0,0,0,4.5,0.048406334,28.5,10.5,29.04,,,,,1.5,,"Uncapping,short moulding,oily.Always mc stop alarm.",,,767
26/7/2026,2,18,JIWAN,SM398,665673,0,C32- TOP CAP-RED-KKM,10700243,6,2.1,2.1,2083,75040,21000,33000,12498,12000,25.2,41600,33440,26.2458,0,0,0,1,0.038101334,19,11,20,,,,,1,,Gate point high.Run only 6# cavtiy.Mc always stop,,,476
26/7/2026,2,19,SHESHNATH/ZAM,PET PF CAN,588637,0,PF-JK57-24-82-KEKO,10703599,6,24.6,24.6,1320,144000,80250,87750,7920,7500,184.5,34570,109430,194.832,0,0,0,0,0,32.2,11.80666667,26,,,,,0.193333333,,Run well.,,,0
26/7/2026,2,20,,,123456,0,,,,,,0,0,0,0,,0,0,0,,,,0,,0,,0,0,0,,,,,,12,NO SCHEDULE,,,
26/7/2026,2,21,NA,MARLEX6007,573943,0,EBK38-2000-K-S-WH-PE(S2012),10702422,1,180,122,0,21160,0,0,0,0,0,0,21160,0,0,0,,0,,31,0,35,,,,,12,,under tech startup.,,,0
26/7/2026,2,22,,,123456,0,,,,,,0,0,0,0,,0,0,0,,,,0,,0,,0,0,0,,,,,,12,NO SCHEDULE,,,
26/7/2026,2,23,SHESHNATH,MARLEX6007,617192,0,EBK38-2017-K-S-BEIGE-HDPE,10702787,1,139.8,103,1308,20328,242,297,1308,968,99.704,10461,9867,134.724,48.1344,0,0,27.6,0.204863276,33,11.99,33,,,,,0.01,,"Black dot,foreign material.L.test",,,267
26/7/2026,2,24,NITESH,SM840,621407,0,T-0226-BR-HERS-PP,10701401,1,27.8,27.8,1868,75040,140,840,1868,1120,31.136,68460,6580,51.9304,0,0,0,1,0.019256543,19.4,10.06644444,17.8,,,,,1.933555556,,Run well..,,,35
26/7/2026,2,25,SHESHNATH/ZAM,LLDPE6101 / HDPE6178,665674,0,C32-BOTTOM CAP-RED-KKM,10700434,8,3.801,3.801,1512,360000,24000,36000,12096,12000,45.612,349000,11000,45.976896,0,0,0,1,0.021750055,28,11.76,29,,,,,0.24,,"Drooling,pull ring brokan.",,,263
26/7/2026,2,26,,,123456,0,,,,,,0,0,0,0,,0,0,0,,,,0,,0,,0,0,0,,,,,,12,NO SCHEDULE,,,
26/7/2026,2,27,,,123456,0,,,,,,0,0,0,0,,0,0,0,,,,0,,0,,0,0,0,,,,,,12,NO SCHEDULE,,,
26/7/2026,2,28,,,123456,0,,,,,,0,0,0,0,,0,0,0,,,,0,,0,,0,0,0,,,,,,12,NO SCHEDULE,,,
26/7/2026,2,29,,,123456,0,,,,,,0,0,0,0,,0,0,0,,,,0,,0,,0,0,0,,,,,,12,NO SCHEDULE,,,
27/7/2026,1,1,AISYAH,PET,441809,0,JJ63-0550-S-Q-CL,10703058,4,34,33.67,870,27648,0,1152,3480,2304,77.57568,3456,24192,117.1716,1.1484,18,0.153620843,0.5,0.004267246,24.97,6.3,18,,,,,5.7,,Thickness out Start 11.40am.,65,8,14
27/7/2026,1,2,MOGANA,PET,442034,0,BC28-0250-Z-S-CL,10699056,4,23,23,1710,139776,0,2688,6840,4608,105.984,94848,44928,157.32,0,0,0,2.5,0.015891177,25.4,12,22,,,,,0,,White mark.,,,108
27/7/2026,1,3,NA,PET,611949,0,BX38-0150-R-R-AM,10703675,4,20,20,0,56100,0,0,0,0,0,0,56100,0,0,13.2,,0,,24.8,0,21.64,5.5,,,,4.5,2,under tech startup.,6.7,12,0
27/7/2026,1,4,KAVITHA,PET,402305,0,BX38-0500-S-S-CL-LW,10702540,4,29,29,1000,49920,832,1040,4000,3744,108.576,38480,11440,116,0,0,0,12.6,0.10862069,26.9,7.5,22,,,,,4.5,,Tech stop change normax paper.,4,4,434
27/7/2026,1,5,HABIRAMI,PET,577492,0,BC28-0375-K-R-Tinted Brown,10702582,4,35.6,35.6,1564,80960,1104,0,6256,7360,262.016,38640,42320,222.7136,0,0,0,3,0.013470215,27.29,11.85598889,27,,,,,0.144011111,,Run well.L.test.,,,84
27/7/2026,1,6,AISYAH/JEGA,PET,322411,0,JJ63-0200-S-Q-CL,10701867,4,24,24,1785,21600,720,180,7140,7560,181.44,7740,13860,171.36,0,0,0,3.5,0.020424837,22.69,11.25045833,20.12,,,,,0.749541667,,Run well.,9,8,145
27/7/2026,1,7,,,123456,0,,,,,,0,0,0,0,,0,0,0,,,,0,,0,,0,0,0,,,,,,12,NO SCHEDULE,,,
27/7/2026,1,8,MOGANA/AISHAH,rPET,593537,0,BX38-1000-RN-R-CL-rPET 0.2,10702414,4,56.5,56.8,1440,69000,0,0,5760,5750,326.6,66125,2875,327.168,-1.728,0,0,4.5,0.013754401,29,11.6,28.5,,,,,0.4,,Black dot.L.test.,,,79
27/7/2026,1,9,AISHAH,KingFa NC050,666344,2,BC28-0056-D-APH-5040-0756-PP,10701603,6,12.3,12.3,1485,162000,7695,405,8910,16200,199.26,146205,15795,109.593,0,0,0,8.5,0.077559698,27.4,11.3025,26,,,,,0.6975,,Shinig mark.L.test.,,,691
27/7/2026,1,10,RAIS,PET,329667,0,BB38-1000-R-R-WH-HW,10703386,4,56.5,56.5,95,6900,0,345,380,0,0,345,6555,21.47,0,7.5,0.349324639,3.2,0.149045179,36.55,0.964513889,38.72,,,,,11.03548611,,under tech startup.start 5.pm,27,14,56
27/7/2026,1,11,BHOLA,PPSB520Y,552181,5,BC28-0090-D-APH-5180-3538-PP-6 NOTCHES,10703861,6,14.7,14.7,930,108000,1350,0,5580,5400,79.38,108000,0,82.026,0,0,0,3,0.036573769,29.8,8.5,27,,,,,3.5,,Start 9.30am.L.test.C/order.,3.3,2,204
27/7/2026,1,12,JEGA,PET RECRON,620599,0,BC28-0750-K4-R-CL (55g)  ,10701607,4,55,55,980,72000,900,1125,3920,3600,198,44325,27675,215.6,0,0,0,32,0.148423006,29.5,8,28,,,,,2,2,Under tech stop 12.20pm.white mark.start 1pm.,,6,581
27/7/2026,1,13,NA,KingFa NC050,666344,3,BC28-0056-D-APH-5040-0756-PP,10703144,6,12.3,12.3,135,162000,3645,4455,810,0,0,4455,157545,9.963,0,0,0,0,0,28.1,2,26,,,,,1,,Tech stop change material.,4,3.8,0
27/7/2026,1,13,NA,PPSB520Y,586276,3,BC28-0056-D-APH-LEB-604001,10703680,6,12.3,12.3,0,9720,0,0,0,0,0,0,9720,0,0,6,,0,,28.1,0,26,,,,,9,,Tech startup.,,,0
27/7/2026,1,14,NA,PET,541381,0,BC28-1200-K-R-CL,10700742,4,55,55,0,84000,0,0,0,0,0,47600,36400,0,0,0,,0,,28,0,30.08,,,,,10,2,Under tech quality issue thickness out.,,,0
27/7/2026,1,15,NA,KingFa NC050,666342,0,BC28-0090-D-APH-5180-3538-PP-PCR,10701780,6,14.7,14.7,0,108000,2160,2160,0,0,0,39960,68040,0,0,15.6,,0,,27.8,0,27,,,,,10,2,Under tech quality issue thickness out..,,,0
27/7/2026,1,16,NIPU,KingFa NC050,666343,3,BC28-0170-D-APH-5180-3539-PP,10703149,6,28,28,920,100800,2016,0,5520,6720,188.16,53760,47040,154.56,0,0,0,2,0.012939959,45.6,11.65333333,42,,,,,0.346666667,,Run well.L.test.,5.5,4,71
27/7/2026,1,17,IRSAD,SM398,606528,0,C35-R/S-F.TOP CARAMEL W SEAL 2.0 (ASEM),10702672,12,5.86,5.86,1310,170000,20400,0,15720,34000,199.24,34000,136000,92.1192,0,0,0,10.5,0.113982753,28,10.2,29.04,,,,,1.8,,Under tech adjsut shot moulding burr.uncapping.inside reject 2kg,,,1791
27/7/2026,1,18,RAHI,SM398,665673,0,C32- TOP CAP-RED-KKM,10703863,6,2.1,2.1,1810,360000,0,0,10860,13500,28.35,13500,346500,22.806,0,0,0,4.3,0.188546874,19,9.6,20,,,,,1,,Oily mark.,,,2047
27/7/2026,1,18,RAHI,SM398,665673,0,C32- TOP CAP-RED-KKM,10700243,6,2.1,2.1,250,360000,33000,0,1500,1500,3.15,360000,0,3.15,0,0,0,0,0,19,1.4,20,,,,,0,,Oily mark.,,,0
27/7/2026,1,19,NIPU/NIRAJAN,PET PF CAN,588637,0,PF-JK57-24-82-KEKO,10703599,6,24.6,24.6,1320,144000,87750,0,7920,7500,184.5,42490,101510,194.832,0,0,0,0.5,0.002566314,32.2,11.80666667,26,,,,,0.193333333,,Run well.,,,20
27/7/2026,1,20,,,123456,0,,,,,,0,0,0,0,,0,0,0,,,,0,,0,,0,0,0,,,,,,12,NO SCHEDULE,,,
27/7/2026,1,21,NA,MARLEX6007,573943,0,EBK38-2000-K-S-WH-PE(S2012),10702422,1,44.2,122,0,20160,0,0,0,0,0,0,20160,0,0,0,,0,,31,0,35,,,,,10,2,Under tech quality issue.,7,,0
27/7/2026,1,22,NA,MARLEX6007,618592,0,E22-0150-R-GY-HDPE ,10701479,4,26,15,0,43200,0,0,0,0,0,0,43200,0,0,0,,0,,24.3,0,25,,,,,10,2,Under tech.Flashing & shot moulding.,,,0
27/7/2026,1,23,NIRAJAN,MARLEX6007,617192,0,EBK38-2017-K-S-BEIGE-HDPE,10702787,1,139.8,103,1230,20328,297,363,1230,968,99.704,11495,8833,126.69,45.264,0,0,18.5,0.146025732,33,11.275,33,,,,,0.725,,"Black dot,foreign material.L.test",,,179
27/7/2026,1,24,HAS,SM840,621407,0,T-0226-BR-HERS-PP,10701401,1,27.8,27.8,1980,75040,840,280,1980,2240,62.272,71960,3080,55.044,0,0,0,1,0.018167284,20,11,17.8,,,,,1,,Drooling.,,,35
27/7/2026,1,25,RAHI,LLDPE6101 / HDPE6178,665674,0,C32-BOTTOM CAP-RED-KKM,10700434,8,3.801,3.801,1500,360000,3600,0,12000,10000,38.01,350000,10000,45.612,0,0,0,1.5,0.032886083,28,11.66666667,29,,,,,0.333333333,,Oily mark.,,,394
27/7/2026,1,26,JALALUDIN,PET CAN,588272,0,JK57-0350-R-CL-KEKO,10703094,2,24,18,3060,91800,0,0,6120,6120,110.16,73440,18360,110.16,36.72,0,0,10,0.090777052,7.4,6.3,6.8,,,,,3.7,2,Under mntc preform drop and cutting problem & body dented & ,,11,555
27/7/2026,1,27,,,123456,0,,,,,,0,0,0,0,,0,0,0,,,,0,,0,,0,0,0,,,,,,12,NO SCHEDULE,,,
27/7/2026,1,28,,,123456,0,,,,,,0,0,0,0,,0,0,0,,,,0,,0,,0,0,0,,,,,,12,NO SCHEDULE,,,
27/7/2026,1,29,NA,R-HDPE ASTERENE HXM 50100S,611846,0,B54-5000-S-CL-HDPE,10700913,2,453,329,0,4320,0,0,0,0,0,0,4320,0,0,0,,0,,61.6,0,40.1,,,,,12,,under tech startup.,,,0
27/7/2026,2,1,SUMATHI,PET,441809,0,JJ63-0550-S-Q-CL,10703058,4,34,33.67,1698,27720,1152,768,6792,6912,232.72704,9984,17736,228.68664,2.24136,0,0,6,0.026236775,24.9,11.7445,18,,,,,0.2555,,"Base deform,flow mark.",,,178
27/7/2026,2,2,KALAMODIN,PET,442034,0,BC28-0250-Z-S-CL,10699056,4,23,23,1698,139776,2688,384,6792,9216,211.968,101760,38016,156.216,0,0,0,1,0.006401393,25.35,11.95675,22,,,,,0.04325,,Run well.,,,43
27/7/2026,2,3,SHAHID,PET,611949,0,BX38-0150-R-R-AM,10703675,4,20,20,585,86240,0,1650,2340,0,0,1650,84590,46.8,0,11,0.235042735,0,0,25.96,3,21.64,,,,,9,,Start 3.00am drooling..L.test.,,,0
27/7/2026,2,4,WIYAH,PET,402305,0,BX38-0500-S-S-CL-LW,10702540,4,29,29,1636,49920,1040,0,6544,7488,217.152,44928,4992,189.776,0,0,0,10,0.052693702,26.4,11.99733333,22,,,,,0.002666667,,"Wavy,gate off center..L.tset.",,,344
27/7/2026,2,5,GVETAH,PET,577492,0,BC28-0375-K-R-Tinted Brown,10702582,4,35.6,35.6,1557,80960,0,736,6228,5520,196.512,44896,36064,221.7168,0,0,0,2,0.009020516,27.19,11.759675,27,,,,,0.240325,,Run well.L.test,,,56
27/7/2026,2,6,SUMATHI/ZAM/RASHIDI,PET,322411,0,JJ63-0200-S-Q-CL,10701867,4,24,24,1857,21600,180,180,7428,7560,181.44,15300,6300,178.272,0,0,0,1,0.005609406,23.3,12,20.12,,,,,0,,Drooling.,,,41
27/7/2026,2,7,,,123456,0,,,,,,0,0,0,0,,0,0,0,,,,0,,0,,0,0,0,,,,,,12,NO SCHEDULE,,,
27/7/2026,2,8,RASHIDI,rPET,593537,0,BX38-1000-RN-R-CL-rPET 0.2,10702414,4,56.5,56.8,719,69000,0,0,2876,2875,163.3,69000,0,163.3568,-0.8628,0,0,0,0,29,5.8,28.5,,,,,0.2,,Run well.L.test.C j/o.,,,0
27/7/2026,2,8,RASHIDI,rPET,593537,0,BX38-1000-RN-R-CL-rPET 0.2,10702415,4,56.5,56.8,753,69000,0,345,3012,2875,163.3,3220,65780,171.0816,-0.9036,0,0,2,0.011690328,29,6,28.5,,,,,0,,Run well.L.test.,,,35
27/7/2026,2,9,KALAMODIN/RASHIDI/RASHIDI,KingFa NC050,666344,2,BC28-0056-D-APH-5040-0756-PP,10701603,6,12.3,12.3,1555,162000,405,1620,9330,8100,99.63,155520,6480,114.759,0,0,0,1,0.008713914,27.4,11.83527778,26,,,,,0.164722222,,Shinig mark.L.test.,,,81
27/7/2026,2,10,WIYAH/GVETAH/RAM,PET,329667,0,BB38-1000-R-R-WH-HW,10703386,4,56.5,56.5,1170,6900,345,345,4680,4600,259.9,4945,1955,264.42,0,0,0,4.5,0.01701838,36.55,11.87875,38.72,,,,,0.12125,,"Black dot,discolour.",,,79
27/7/2026,2,11,RAM,PPSB520Y,552181,5,BC28-0090-D-APH-5180-3538-PP-6 NOTCHES,10703861,6,14.7,14.7,1391,108000,0,4050,8346,5400,79.38,9450,98550,122.6862,0,0,0,1,0.008150876,29.8,11.5,27,,,,,0.5,,Run well.L.test.,,,68
27/7/2026,2,12,ZAM,PET RECRON,620599,0,BC28-0750-K4-R-CL (55g)  ,10701607,4,55,55,1245,72000,1125,450,4980,5400,297,49050,22950,273.9,0,0,0,14,0.051113545,29.5,10.2,28,,,,,1.8,,"Black dot,wavy.L.test.Stop 4.30am water liking.Run 6.45am.",,,254
27/7/2026,2,13,NA,PPSB520Y,586276,3,BC28-0056-D-APH-LEB-604001,10703680,6,12.3,12.3,0,9720,0,0,0,0,0,0,9720,0,0,0,,0,,28.1,0,26,,,,,12,,Tech startup.,,,0
27/7/2026,2,14,,,123456,0,,,,,,0,0,0,0,,0,0,0,,,,0,,0,,0,0,0,,,,,,12,NO SCHEDULE,,,
27/7/2026,2,15,NA,KingFa NC050,666342,0,BC28-0090-D-APH-5180-3538-PP-PCR,10701780,6,14.7,14.7,0,108000,2160,2160,0,0,0,39960,68040,0,0,0,,0,,28.9,0,27,,,,,12,,Thickness out..,,,0
27/7/2026,2,16,SHESHNATH,KingFa NC050,666343,3,BC28-0170-D-5180-3539-PP,10703149,6,28,28,855,100800,0,1680,5130,3360,94.08,58800,42000,143.64,0,0,0,1,0.006961849,45.6,10.8,42,,,,,1.2,,Run well.L.test.Mc stop always alarm.,,,35
27/7/2026,2,17,KAIMULLAH,SM398,606528,0,C35-R/S-F.TOP CARAMEL W SEAL 2.0 (ASEM),10702672,12,5.86,5.86,1375,170000,0,15300,16500,0,0,49300,120700,96.69,0,0,0,6,0.062053987,28.5,10.9,29.04,,,,,1.1,,"Uncapping,short moulding.",,,1023
27/7/2026,2,18,KAIMULLAH,SM398,665673,0,C32- TOP CAP-RED-KKM,10703863,6,2.1,2.1,2049,360000,0,57000,12294,12000,25.2,25500,334500,25.8174,0,0,0,1,0.038733567,27.4,12,20,,,,,0,,Oily.,,,476
27/7/2026,2,19,JIWAN,PET PF CAN,588637,0,PF-JK57-24-82-KEKO,10703599,6,24.6,24.6,1319,144000,0,0,7914,7500,184.5,49990,94010,194.6844,0,0,0,0,0,32.2,11.79772222,26,,,,,0.202277778,,Run well.,,,0
27/7/2026,2,20,,,123456,0,,,,,,0,0,0,0,,0,0,0,,,,0,,0,,0,0,0,,,,,,12,NO SCHEDULE,,,
27/7/2026,2,21,NA,MARLEX6007,573943,0,EBK38-2000-K-S-WH-PE(S2012),10702422,1,180,122,0,21160,0,0,0,0,0,0,21160,0,0,0,,0,,31,0,35,,,,,12,,"Thickness out.,line mark.",,,0
27/7/2026,2,22,NA,MARLEX6007,618592,0,E22-0150-R-GY-HDPE ,10701479,4,26,15,0,43200,0,0,0,0,0,0,43200,0,0,0,,0,,24.3,0,25,,,,,12,,Under tech.Flashing & shot moulding.,,,0
27/7/2026,2,23,JIWAN,MARLEX6007,617192,0,EBK38-2017-K-S-BEIGE-HDPE,10702787,1,139.8,103,1233,20328,363,385,1233,968,99.704,12485,7843,126.999,45.3744,0,0,25,0.196851944,33,11.3025,33,,,,,0.6975,,"Black dot,foreign material.L.test",,,242
27/7/2026,2,24,ASMULAH,SM840,621407,0,T-0226-BR-HERS-PP,10701401,1,27.8,27.8,2048,75040,280,140,2048,2240,62.272,74060,980,56.9344,0,0,0,1,0.017564074,19.4,11,17.8,,,,,1,,"Drooling,Short moulding",,,35
27/7/2026,2,25,SHESHNATH/JIWAN,LLDPE6101 / HDPE6178,665674,0,C32-BOTTOM CAP-RED-KKM,10700434,8,3.801,3.801,125,360000,0,0,1000,1000,3.801,360000,0,3.801,0,0,0,0,0,28,1,29,,,,,0,,Oily.,,,0
27/7/2026,2,25,SHESHNATH/JIWAN,LLDPE6101 / HDPE6178,665674,0,C32-BOTTOM CAP-RED-KKM,10703862,8,3.801,3.801,1380,360000,0,25600,11040,11000,41.811,1000,359000,41.96304,0,0,0,1,0.023830495,28,11,29,,,,,0,,Oily.,,,263
27/7/2026,2,26,SHAHID,PET CAN,588272,0,JK57-0350-R-CL-KEKO,10703094,2,24,18,1752,91800,0,0,3504,3060,55.08,76500,15300,63.072,21.024,0,0,8,0.126839168,7.4,3.6,6.8,,,,,5,3.4,Body dented.Stop 1.30am bottle & perform stuck always. ,,,444
27/7/2026,2,27,,,123456,0,,,,,,0,0,0,0,,0,0,0,,,,0,,0,,0,0,0,,,,,,12,NO SCHEDULE,,,
27/7/2026,2,28,,,123456,0,,,,,,0,0,0,0,,0,0,0,,,,0,,0,,0,0,0,,,,,,12,NO SCHEDULE,,,
27/7/2026,2,29,NA,R-HDPE ASTERENE HXM 50100S,611846,0,B54-5000-S-CL-HDPE,10700913,2,453,329,0,4320,0,0,0,0,0,0,4320,0,0,0,,0,,61.6,0,40.1,,,,,12,,under tech startup.,,,0
28/7/2026,1,1,MOGANA,PET,441809,0,JJ63-0550-S-Q-CL,10703058,4,34,33.67,1680,27648,768,576,6720,6912,232.72704,16704,10944,226.2624,2.2176,0,0,6,0.026517884,24.97,11.65266667,18,,,,,0.347333333,,Gate off center,,,178
28/7/2026,1,2,KAVITHAH,PET,442034,0,BC28-0250-Z-S-CL,10699056,4,23,23,1720,139776,384,2688,6880,4608,105.984,108672,31104,158.24,0,0,0,1,0.006319515,25.4,12,22,,,,,0,,White mark.,,,43
28/7/2026,1,3,HABIRAMI/KAVITHAH,PET,611949,0,BX38-0150-R-R-AM,10703675,4,20,20,1230,56100,1650,0,4920,6600,132,6600,49500,98.4,0,0,0,5,0.050813008,27.23,9.3,21.64,,,,,2.7,,Drooling .L.test.cycle time alarm.,15,8,250
28/7/2026,1,4,NA,PET,451191,0,BX38-0350-Z-C-CL,10702581,4,29,29,0,73440,0,0,0,0,0,0,73440,0,0,9,,0,,0,0,24,,,1.5,,0.8,,Under tech mould change.,,,0
28/7/2026,1,4,AISHAH,PET,402305,0,BX38-0500-S-S-CL-LW,10702540,4,29,29,1250,49920,0,0,5000,4992,144.768,49920,0,145,0,0,0,6.3,0.043448276,26.9,9.5,22,,,,,0.2,,Stop 4.30pm.C/order .gate off center & wavy. L.test,,,217
28/7/2026,1,5,JAGA,PET,577492,0,BC28-0375-K-R-Tinted Brown,10702582,4,35.6,35.6,1564,80960,736,1472,6256,5520,196.512,51152,29808,222.7136,0,0,0,4,0.017960286,27.29,11.85598889,27,,,,,0.144011111,,Run well.L.test.,,,112
28/7/2026,1,6,MOGANA/AISYAH,PET,322411,0,JJ63-0200-S-Q-CL,10701867,4,24,24,1575,21600,180,0,6300,6480,155.52,21600,0,151.2,0,0,0,1.5,0.009920635,22.69,10,20.12,,,,,0,,C/oder.Stop 4pm.,,,62
28/7/2026,1,6,NA,PET,322409,0,JJ63-0190-E-Q-CL-LW,1069124,4,24,24,0,93600,0,0,0,0,0,0,93600,0,0,0,,0,,0,0,20,,,1.5,,0.5,,Under tech mould change.,,,0
28/7/2026,1,7,,,123456,0,,,,,,0,0,0,0,,0,0,0,,,,0,,0,,0,0,0,,,,,,12,NO SCHEDULE,,,
28/7/2026,1,8,VICKY,rPET,593537,0,BX38-1000-RN-R-CL-rPET 0.2,10702415,4,56.5,56.8,1495,69000,345,0,5980,6325,359.26,9200,59800,339.664,-1.794,0,0,2,0.005888172,29,12,28.5,,,,,0,,Black dot.L.test.,,,35
28/7/2026,1,9,HABIRAMI,KingFa NC050,666344,2,BC28-0056-D-APH-5040-0756-PP,10701603,6,12.3,12.3,1480,162000,1620,2025,8880,8100,99.63,0,162000,109.224,0,0,0,7,0.064088479,27.4,11.26444444,26,,,,,0.735555556,,Shinig mark & gate point .L.test,,,569
28/7/2026,1,10,RAIS,PET,329667,0,BB38-1000-R-R-WH-HW,10703386,4,56.5,56.5,489,6900,345,0,1956,2300,129.95,6900,0,110.514,0,0,0,6,0.054291764,36.55,5,38.72,,,,,0,,C/order.Stop 11am.,,,106
28/7/2026,1,10,NA,PET,324206,0,BX38-1000-HC-S-CL,10703143,4,49,48,0,72000,0,0,0,0,0,0,72000,0,0,,,0,,0,0,25,5.5,,,,1.5,,Under tech mould change.,7.5,16,0
28/7/2026,1,11,NIKHIL,PPSB520Y,552181,5,BC28-0090-D-APH-5180-3538-PP-6 NOTCHES,10703861,6,14.7,14.7,1450,108000,4050,3240,8700,10800,158.76,24840,83160,127.89,0,0,0,1.5,0.011728829,29.8,12,27,,,,,0,,Run well.L.test.,,,102
28/7/2026,1,12,AISYAH,PET RECRON,620599,0,BC28-0750-K4-R-CL (55g)  ,10701607,4,55,55,1340,72000,450,225,5360,5400,297,54225,17775,294.8,0,0,0,9.2,0.031207598,29.5,10.98055556,28,,,,,1.019444444,,Black dot.L.test,,,167
28/7/2026,1,13,NA,PPSB520Y,586276,3,BC28-0056-D-APH-LEB-604001,10703680,6,12.3,12.3,480,9720,0,2835,2880,0,0,2835,6885,35.424,0,10,0.28229449,2,0.056458898,28.1,3.7,26,,,,,8.3,,Start 1pm.Lumphy.L.test.,,,162
28/7/2026,1,14,NA,PET,541381,0,BC28-1200-K-R-CL,10700742,4,55,55,0,84000,0,0,0,0,0,47600,36400,0,0,0,,0,,28,0,30.08,,,,,12,,Under tech quality issue thickness out.,,,0
28/7/2026,1,15,NA,KingFa NC050,666342,0,BC28-0090-D-APH-5180-3538-PP-PCR,10701780,6,14.7,14.7,0,108000,2160,2160,0,0,0,39960,68040,0,0,23.5,,0,,27.8,0,27,,,,,12,,Under tech quality issue thickness out..,,,0
28/7/2026,1,16,NIRAJAN,KingFa NC050,666343,3,BC28-0170-D-APH-5180-3539-PP,10703149,6,28,28,910,100800,1680,0,5460,6720,188.16,63840,36960,152.88,0,0,0,4,0.026164312,45.6,11.52666667,42,,,,,0.473333333,,Run well.L.test.,,,142
28/7/2026,1,17,HASMUDIN,SM398,606528,0,C35-R/S-F.TOP CARAMEL W SEAL 2.0 (ASEM),10702672,12,5.86,5.86,1430,170000,15300,32300,17160,0,0,66300,103700,100.5576,0,0,0,7,0.069611844,29.5,11.71805556,29.04,,,,,0.281944444,,Short moulding .uncapping .oily,2,,1194
28/7/2026,1,18,RAHI,SM398,665673,0,C32- TOP CAP-RED-KKM,10703863,6,2.1,2.1,2150,360000,57000,72000,12900,15000,31.5,2550,357450,27.09,0,0,0,1,0.03691399,19,11.34722222,20,,,,,0.652777778,,Oily mark.,3,,476
28/7/2026,1,19,NIPU/NIRAJAN,PET PF CAN,588637,0,PF-JK57-24-82-KEKO,10703599,6,24.6,24.6,1320,144000,0,0,7920,7500,184.5,49990,94010,194.832,0,0,0,0.5,0.002566314,32.2,11.80666667,26,,,,,0.193333333,,Run well.,,,20
28/7/2026,1,20,,,123456,0,,,,,,0,0,0,0,,0,0,0,,,,0,,0,,0,0,0,,,,,,12,NO SCHEDULE,,,
28/7/2026,1,21,NA,MARLEX6007,573943,0,EBK38-2000-K-S-WH-PE(S2012),10702422,1,44.2,122,0,20160,0,0,0,0,0,0,20160,0,0,25,,1,,31,0,35,,,,,10.5,1.5,Tech start 4pm leak problem.start 5.30pm.,13,,8
28/7/2026,1,22,NA,MARLEX6007,618592,0,E22-0150-R-GY-HDPE ,10701479,4,26,15,0,43200,0,0,0,0,0,0,43200,0,0,12,,0,,24.3,0,25,,,,,12,,Under tech.Flashing & shot moulding.,4.6,,0
28/7/2026,1,23,NIPU,MARLEX6007,617192,0,EBK38-2017-K-S-BEIGE-HDPE,10702787,1,139.8,103,1230,20328,385,0,1230,1452,149.556,13915,6413,126.69,45.264,0,0,20.4,0.161022969,33,11.275,33,,,,,0.725,,Black dot body dented .L.test,,,198
28/7/2026,1,24,IRSAD,SM840,621407,0,T-0226-BR-HERS-PP,10701401,1,27.8,27.8,1100,75040,0,0,1100,1120,31.136,75040,0,30.58,0,0,0,2,0.065402224,20,6.1,17.8,,,,,0,,C/order,,,71
28/7/2026,1,24,IRSAD,SM840,621407,0,T-0226-BR-HERS-PP,10702665,1,27.8,27.8,700,75040,0,700,700,0,0,700,72800,19.46,0,0,0,0,0,20,3.9,17.8,,,,,2,,Drooling white mark.,,,0
28/7/2026,1,25,RAHI,LLDPE6101 / HDPE6178,665674,0,C32-BOTTOM CAP-RED-KKM,10703862,8,3.801,3.801,1480,360000,25600,3000,11840,10000,38.01,1000,359000,45.00384,0,0,0,1.2,0.026664391,28,11.51111111,29,,,,,0.488888889,,Oily mark.,,,315
28/7/2026,1,26,RAIS,PET CAN,588272,0,JK57-0350-R-CL-KEKO,10703094,2,24,18,1000,91800,0,1870,2000,0,0,78370,13430,36,12,0,0,10,0.277777778,7.4,2,6.8,,,,5,5,,Restart 2.30pm.preform stuck body dented.,,28,555
28/7/2026,1,27,,,123456,0,,,,,,0,0,0,0,,0,0,0,,,,0,,0,,0,0,0,,,,,,12,NO SCHEDULE,,,
28/7/2026,1,28,,,123456,0,,,,,,0,0,0,0,,0,0,0,,,,0,,0,,0,0,0,,,,,,12,NO SCHEDULE,,,
28/7/2026,1,29,NA,R-HDPE ASTERENE HXM 50100S,611846,0,B54-5000-S-CL-HDPE,10700913,2,453,329,0,4320,0,0,0,0,0,0,4320,0,0,0,,0,,61.6,0,40.1,,,,,12,,under tech startup.,10,,0
28/7/2026,2,1,KALAMODIN,PET,441809,0,JJ63-0550-S-Q-CL,10703058,4,34,33.67,1724,27720,576,384,6896,6912,232.72704,23424,4296,232.18832,2.27568,0,0,6,0.025841093,24.9,11.92433333,18,,,,,0.075666667,,"Gate off center,flow mark.",,,178
28/7/2026,2,2,SUMATHI/RAM/GVETAH,PET,442034,0,BC28-0250-Z-S-CL,10699056,4,23,23,1660,139776,2688,0,6640,9216,211.968,115200,24576,152.72,0,0,0,2.5,0.016369827,25.35,11.68916667,22,,,,,0.310833333,,White mark.,,,108
28/7/2026,2,3,SUMATHI,PET,611949,0,BX38-0150-R-R-AM,10703675,4,20,20,1580,56100,0,6050,6320,0,0,12650,43450,126.4,0,0,0,5.4,0.042721519,25.96,11.4,21.64,,,,,0.6,,"Drooling.,silver streak.L.test.",,,270
28/7/2026,2,4,GVETAH,PET,451191,0,BX38-0350-Z-C-CL,10702581,4,29,29,1405,73440,0,306,5620,4590,133.11,4896,68544,162.98,0,7,0.042950055,0,0,25.16,9.8,24,,,,,2.2,,Start 9.30pm.Run well.L.test.,,,0
28/7/2026,2,5,RAM,PET,577492,0,BC28-0375-K-R-Tinted Brown,10702582,4,35.6,35.6,1588,80960,1472,736,6352,7360,262.016,57776,23184,226.1312,0,0,0,1,0.004422212,27.19,11.99381111,27,,,,,0.006188889,,Run well.L.test,,,28
28/7/2026,2,6,NA,PET,322409,0,JJ63-0190-E-Q-CL-LW,10690124,4,24,24,0,93600,0,0,0,0,0,15300,78300,0,0,3.4,,0,,23.3,0,20,,,,,12,,Change mould.,,,0
28/7/2026,2,7,,,123456,0,,,,,,0,0,0,0,,0,0,0,,,,0,,0,,0,0,0,,,,,,12,NO SCHEDULE,,,
28/7/2026,2,8,KALAMODIN/WIYAH/PUVANES,rPET,593537,0,BX38-1000-RN-R-CL-rPET 0.2,10702415,4,56.5,56.8,1485,69000,0,345,5940,5750,326.6,15295,53705,337.392,-1.782,0,0,2,0.005927823,29,11.9625,28.5,,,,,0.0375,,Run well.L.test.,,,35
28/7/2026,2,9,WIYAH,KingFa NC050,666344,2,BC28-0056-D-APH-5040-0756-PP,10703060,6,12.3,12.3,1586,162000,2025,3240,9516,8100,99.63,11340,150660,117.0468,0,0,0,2.4,0.020504619,27.4,12,26,,,,,0,,Shinig mark.L.test.,,,195
28/7/2026,2,10,ZAM,PET,324206,0,BX38-1000-HC-S-CL,10702583,4,49,48,542,31200,0,0,2168,1300,62.4,1300,29900,104.064,2.168,24.5,0.235432042,0,0,36.55,5.5,25,,,,,6.5,,Start 3.40am.Run well.L.test.,,,0
28/7/2026,2,11,KAIMULLAH,PPSB520Y,552181,5,BC28-0090-D-APH-5180-3538-PP-6 NOTCHES,10703861,6,14.7,14.7,1427,108000,3240,10800,8562,0,0,32400,75600,125.8614,0,0,0,1,0.007945248,29.8,11.81238889,27,,,,,0.187611111,,Run well.L.test.Qc on hold 2plt leak test problum.,,,68
28/7/2026,2,12,PUVANES,PET RECRON,620599,0,BC28-0750-K4-R-CL (55g)  ,10701607,4,55,55,1426,72000,225,450,5704,5400,297,59850,12150,313.72,0,0,0,4,0.012750223,29.5,11.68527778,28,,,,,0.314722222,,"Black dot,body dented.L.test.",,,72
28/7/2026,2,13,KAIMULLAH,PPSB520Y,586276,3,BC28-0056-D-APH-LEB-604001,10703680,6,12.3,12.3,1158,9720,2835,9720,6948,0,0,9720,0,85.4604,0,0,0,2,0.023402652,28.1,9.038833333,26,,,,,2.961166667,,Run well.L.test.Stop 4.00am.C/order.,,,162
28/7/2026,2,14,,,123456,0,,,,,,0,0,0,0,,0,0,0,,,,0,,0,,0,0,0,,,,,,12,NO SCHEDULE,,,
28/7/2026,2,15,NA,KingFa NC050,666342,0,BC28-0090-D-APH-5180-3538-PP-PCR,10701780,6,14.7,14.7,0,108000,2160,2160,0,0,0,39960,68040,0,0,8.5,,0,,28.9,0,27,,,,,12,,Thickness out..,,,0
28/7/2026,2,16,SHESHNATH,KingFa NC050,666343,3,BC28-0170-D-5180-3539-PP,10703149,6,28,28,944,100800,0,2184,5664,3360,94.08,69384,31416,158.592,0,0,0,1,0.006305488,45.6,11.95733333,42,,,,,0.042666667,,Run well.L.test.,,,35
28/7/2026,2,17,SHESHNATH,SM398,606528,0,C35-R/S-F.TOP CARAMEL W SEAL 2.0 (ASEM),10702672,12,5.86,5.86,1495,170000,32300,15300,17940,34000,199.24,83300,86700,105.1284,0,0,0,3.5,0.033292621,28.5,11.83541667,29.04,,,,,0.164583333,,Uncapping.,,,597
28/7/2026,2,18,SHESHNATH/RASHIDI,SM398,665673,0,C32- TOP CAP-RED-KKM,10703863,6,2.1,2.1,2110,360000,72000,84000,12660,12000,25.2,15210,344790,26.586,0,0,0,0.5,0.018806891,19,11.13611111,20,,,,,0.863888889,,Oily.,,,238
28/7/2026,2,19,RASHIDI/JIWAN,PET PF CAN,588637,0,PF-JK57-24-82-KEKO,10703599,6,24.6,24.6,1270,144000,0,0,7620,7500,184.5,57610,86390,187.452,0,0,0,0,0,32.2,11.35944444,26,,,,,0.640555556,,Run well.,,,0
28/7/2026,2,20,,,123456,0,,,,,,0,0,0,0,,0,0,0,,,,0,,0,,0,0,0,,,,,,12,NO SCHEDULE,,,
28/7/2026,2,21,ASMULAH,MARLEX6007,573943,0,EBK38-2000-K-S-WH-PE(S2012),10702422,1,180,122,1317,21160,0,135,1317,1080,131.76,1215,19945,160.674,76.386,0,0,12.5,0.077797279,31,11.34083333,35,,,,,0.659166667,,Black dot.L.test.,,,102
28/7/2026,2,22,NA,MARLEX6007,618592,0,E22-0150-R-GY-HDPE ,10701479,4,26,15,0,43200,0,0,0,0,0,0,43200,0,0,0,,0,,24.3,0,25,,,,,12,,Under tech.Flashing & shot moulding.,,,0
28/7/2026,2,23,JIWAN,MARLEX6007,617192,0,EBK38-2017-K-S-BEIGE-HDPE,10702787,1,139.8,103,1298,20328,0,33,1298,968,99.704,14553,5775,133.694,47.7664,0,0,18,0.13463581,33,11.89833333,33,,,,,0.101666667,,Black dot.L.test,,,174
28/7/2026,2,24,SHAHID,SM840,621407,0,T-0226-BR-HERS-PP,10702665,1,27.8,27.8,2279,75040,700,700,2279,2240,62.272,2940,72100,63.3562,0,0,0,1,0.015783775,19.4,12,17.8,,,,,0,,Drooling.,,,35
28/7/2026,2,25,ASMULAHJIWAN,LLDPE6101 / HDPE6178,665674,0,C32-BOTTOM CAP-RED-KKM,10703862,8,3.801,3.801,1540,360000,3000,15000,12320,12000,45.612,13320,346680,46.82832,0,0,0,1,0.021354599,28,11.97777778,29,,,,,0.022222222,,Oily.,,,263
28/7/2026,2,26,ZAM,PET CAN,588272,0,JK57-0350-R-CL-KEKO,10703094,2,24,18,2158,91800,1870,2550,4316,3060,55.08,82110,9690,77.688,25.896,0,0,0,0,7.4,4.4,6.8,,,,,7.6,,"Body dented.Stop 1.00am bottle & perform stuck, some perform can,t blow. ",,,0
28/7/2026,2,27,,,123456,0,,,,,,0,0,0,0,,0,0,0,,,,0,,0,,0,0,0,,,,,,12,NO SCHEDULE,,,
28/7/2026,2,28,,,123456,0,,,,,,0,0,0,0,,0,0,0,,,,0,,0,,0,0,0,,,,,,12,NO SCHEDULE,,,
28/7/2026,2,29,NA,R-HDPE ASTERENE HXM 50100S,611846,0,B54-5000-S-CL-HDPE,10700913,2,453,329,0,4320,0,0,0,0,0,0,4320,0,0,0,,0,,61.6,0,40.1,,,,,12,,under tech startup.,,,0
29/7/2026,1,1,JEGA,PET,441809,0,JJ63-0550-S-Q-CL,10703058,4,34,33.67,1056,27648,384,0,4224,4608,155.15136,27648,0,142.22208,1.39392,0,0,5.3,0.037265662,24.97,7.3,18,,,,,0,,Gate off center.C/order.stop 1.45pm.,,,157
29/7/2026,1,1,JEGA,PET,322452,0,JJ63-0500-RH-R-CL,10703059,4,33.11,34.5,0,49920,0,0,0,0,0,0,49920,0,0,5,,0,,24.97,0,18.04,,,1.5,,3.2,,Start 6pm,,,0
29/7/2026,1,2,MOGANA,PET,442034,0,BC28-0250-Z-S-CL,10699056,4,23,23,1536,139776,0,1536,6144,4608,105.984,121344,18432,141.312,0,0,0,8.3,0.058735281,25.4,11,22,,,,,1,,White mark.,,,360
29/7/2026,1,3,MOGANA/KAVITHA,PET,611949,0,BX38-0150-R-R-AM,10703675,4,20,20,1520,56100,6050,5500,6080,6600,132,18700,37400,121.6,0,0,0,5.5,0.045230263,27.23,11.49711111,21.64,,,,,0.502888889,,Drooling .L.test.,,,275
29/7/2026,1,4,AISYAH,PET,451191,0,BX38-0350-Z-C-CL,10702581,4,29,29,1685,73440,306,612,6740,6426,186.354,11628,61812,195.46,0,0,0,2,0.010232273,25.2,11.795,24,,,,,0.205,,White mark.L.test.,,,68
29/7/2026,1,5,AISYAH/JALALUDIN/RAIS,PET,577492,0,BC28-0375-K-R-Tinted Brown,10702582,4,35.6,35.6,1565,80960,736,1472,6260,5520,196.512,64032,16928,222.856,0,0,0,3,0.013461607,27.29,11.86356944,27,,,,,0.136430556,,Run well.L.test.,,,84
29/7/2026,1,6,NA,PET,322409,0,JJ63-0190-E-Q-CL-LW,10690124,4,24,24,0,93600,0,0,0,0,0,0,93600,0,0,12,,0,,20,0,20,,,,,12,,Under tech qaulity issue thickness problem.,,,0
29/7/2026,1,7,,,123456,0,,,,,,0,0,0,0,,0,0,0,,,,0,,0,,0,0,0,,,,,,12,NO SCHEDULE,,,
29/7/2026,1,8,JEGA/AISHAH,rPET,593537,0,BX38-1000-RN-R-CL-rPET 0.2,10702415,4,56.5,56.8,1440,69000,345,345,5760,5750,326.6,21045,47955,327.168,-1.728,0,0,1,0.003056534,29,11.6,28.5,,,,,0.4,,Black dot.L.test.,,,17
29/7/2026,1,9,KAVITHA,KingFa NC050,666344,2,BC28-0056-D-APH-5040-0756-PP,10703060,6,12.3,12.3,1375,162000,3240,3240,8250,8100,99.63,19440,142560,101.475,0,0,0,3.5,0.034491254,27.4,10.5,26,,,,,1.5,,Shinig mark & gate point .L.test,,,284
29/7/2026,1,10,JALALUDIN,PET,324206,0,BX38-1000-HC-S-CL,10702583,4,49,48,1140,72000,0,650,4560,3900,187.2,6500,65500,218.88,4.56,0,0,32.5,0.148483187,36.6,11.59,25,,,,,0.41,,Lumphy shot moulding.L.test.,,,677
29/7/2026,1,11,BHOLA,PPSB520Y,552181,5,BC28-0090-D-APH-5180-3538-PP-6 NOTCHES,10703861,6,14.7,14.7,1320,108000,10800,2160,7920,10800,158.76,28890,79110,116.424,0,0,0,4.5,0.038651824,29.8,10.9,27,,,,1.1,-4.44E-16,,Stop oil leaking.,,,306
29/7/2026,1,12,AISHAH,PET RECRON,620599,0,BC28-0750-K4-R-CL (55g)  ,10701607,4,55,55,1185,72000,450,1575,4740,3600,198,64575,7425,260.7,0,0,0,2.5,0.009589567,29.5,9.7,28,,,,2.3,8.88E-16,,Undr mntc lower mould sensor problem.,,,45
29/7/2026,1,13,NA,PPSB520Y,586276,3,BC28-0056-D-APH-LEB-604001,10703680,6,12.3,12.3,0,9720,9720,0,0,9720,119.556,9720,0,0,0,0,,0,,28.1,0,26,,,,,0,,Only inward.,,,0
29/7/2026,1,13,NA,KingFa NC050,666344,3,BC28-0056-D-APH-5040-0756-PP,10703144,6,12.3,12.3,0,162000,5265,5265,0,0,0,0,162000,0,0,13.5,,0,,28.1,0,26,,,,,12,,Under tech quality issue.,,,0
29/7/2026,1,14,NA,PET,541381,0,BC28-1200-K-R-CL,10700742,4,55,55,0,84000,0,0,0,0,0,47600,36400,0,0,22.5,,0,,28,0,30.08,,,,,12,,Under tech quality issue thickness out.,,,0
29/7/2026,1,15,NA,KingFa NC050,666342,0,BC28-0090-D-APH-5180-3538-PP-PCR,10701780,6,14.7,14.7,0,108000,2160,2160,0,0,0,37800,70200,0,0,28.6,,0,,27.8,0,27,,,,,12,,Under tech quality issue thickness out..,,,0
29/7/2026,1,16,NIKHIL/IRSAD,KingFa NC050,666343,3,BC28-0170-D-APH-5180-3539-PP,10703149,6,28,28,910,100800,2184,672,5460,6720,188.16,74592,26208,152.88,0,0,0,0,0,45.6,11.52666667,42,,,,,0.473333333,,Run well.L.test.,,,0
29/7/2026,1,17,NIPU,SM398,606528,0,C35-R/S-F.TOP CARAMEL W SEAL 2.0 (ASEM),10702672,12,5.86,5.86,1370,170000,15300,32300,16440,0,0,39100,130900,96.3384,0,0,0,5,0.051900384,30.5,11.60694444,29.04,,,,,0.393055556,,Uncapping & Screathes.inside reject cap 3.2,,,853
29/7/2026,1,18,HAS/NIKHIL,SM398,665673,0,C32- TOP CAP-RED-KKM,10703863,6,2.1,2.1,2180,360000,84000,0,13080,15000,31.5,0,360000,27.468,0,0,0,5,0.182029999,19,11.50555556,20,,,,,0.494444444,,Oily mark.,,,2380
29/7/2026,1,19,HAS,PET PF CAN,588637,0,PF-JK57-24-82-KEKO,10703599,6,24.6,24.6,1330,144000,0,0,7980,7500,184.5,0,144000,196.308,0,0,0,0,0,32.2,11.89611111,26,,,,,0.103888889,,Run well.,,,0
29/7/2026,1,20,,,123456,0,,,,,,0,0,0,0,,0,0,0,,,,0,,0,,0,0,0,,,,,,12,NO SCHEDULE,,,
29/7/2026,1,21,NIKHIL,MARLEX6007,573943,0,EBK38-2000-K-S-WH-PE(S2012),10702422,1,44.2,122,1320,20160,135,225,1320,1080,131.76,2385,17775,161.04,-102.696,0,0,12.5,0.077620467,33.8,12,35,,,,,0,,Black dot.L.test.,,,102
29/7/2026,1,22,NA,MARLEX6007,618592,0,E22-0150-R-GY-HDPE ,10701479,4,26,15,0,43200,0,0,0,0,0,0,43200,0,0,0,,0,,24.3,0,25,,,,,12,,Under tech.Flashing & shot moulding.,,,0
29/7/2026,1,23,IRSAD,MARLEX6007,617192,0,EBK38-2017-K-S-BEIGE-HDPE,10702787,1,139.8,103,1270,20328,33,242,1270,968,99.704,15730,4598,130.81,46.736,0,0,28.5,0.217873251,33,11.64166667,33,,,,,0.358333333,,Black dot body dented .L.test,,,276
29/7/2026,1,24,RAHI,SM840,621407,0,T-0226-BR-HERS-PP,10702665,1,27.8,27.8,1950,75040,700,280,1950,2240,62.272,4760,72800,54.21,0,0,0,0.5,0.009223391,20,10.83333333,17.8,,,,,1.166666667,,Drooling white mark.,,,17
29/7/2026,1,25,NIKHIL/IRSAD,LLDPE6101 / HDPE6178,665674,0,C32-BOTTOM CAP-RED-KKM,10703862,8,3.801,3.801,1475,360000,15000,2000,11800,10000,38.01,0,360000,44.8518,0,0,0,5,0.111478246,29.6,12,29,,,,,0,,Oily mark.,,,1315
29/7/2026,1,26,NA,PET CAN,588272,0,JK57-0350-R-CL-KEKO,10703094,2,24,18,0,91800,2550,2550,0,0,0,0,91800,0,0,0,,0,,7.4,0,6.8,,,,,12,,Preform stuck.Start 6pm.,,,0
29/7/2026,1,27,,,123456,0,,,,,,0,0,0,0,,0,0,0,,,,0,,0,,0,0,0,,,,,,12,NO SCHEDULE,,,
29/7/2026,1,28,,,123456,0,,,,,,0,0,0,0,,0,0,0,,,,0,,0,,0,0,0,,,,,,12,NO SCHEDULE,,,
29/7/2026,1,29,HAS,R-HDPE ASTERENE HXM 50100S,611846,0,B54-5000-S-CL-HDPE,10700913,2,453,329,312,4320,168,192,624,432,142.128,1920,2400,205.296,77.376,0,0,120,0.584521861,61.7,6,40.1,,,,,6,,Under tech start 12pm,,,364
29/7/2026,2,1,WIYAH,PET,322452,0,JJ63-0500-RH-R-CL,10703059,4,35,34.5,1660,49920,0,156,6640,6240,215.28,6396,43524,229.08,0,6,0.026191723,2.5,0.010913218,25.1,11.57388889,18.04,,,,,0.426111111,,Flow mark.,,,72
29/7/2026,2,2,GVETHA,PET,442034,0,BC28-0250-Z-S-CL,10699056,4,23,23,1670,139776,1536,3456,6680,4608,105.984,127872,11904,153.64,0,0,0,3.5,0.022780526,25.35,11.75958333,22,,,,,0.240416667,,Drooling.,,,152
29/7/2026,2,3,SUMATHI/GVETHA,PET,611949,0,BX38-0150-R-R-AM,10703675,4,20,20,1546,56100,5500,4950,6184,6600,132,24750,31350,123.68,0,0,0,2.6,0.021021992,26.6,11.42322222,21.64,,,,,0.576777778,,Drooling.L.test.,,,130
29/7/2026,2,4,PUNES,PET,451191,0,BX38-0350-Z-C-CL,10702581,4,29,29,1699,73440,612,0,6796,7344,212.976,18360,55080,197.084,0,0,0,1.8,0.009133161,25.16,11.87412222,24,,,,,0.125877778,,Run well.L.test.,,,62
29/7/2026,2,5,PUNES/RAM,PET,577492,0,BC28-0375-K-R-Tinted Brown,10702582,4,35.6,35.6,1569,80960,1472,368,6276,7360,262.016,70288,10672,223.4256,0,0,0,0.5,0.002237881,26.7,11.63675,27,,,,,0.36325,,Run well.L.test.,,,14
29/7/2026,2,6,NA,PET,322409,0,JJ63-0190-E-Q-CL-LW,10690124,4,24,24,0,93600,0,0,0,0,0,55440,38160,0,0,0,,0,,23.3,0,20,,,,,12,,Under tech.thickness.,,,0
29/7/2026,2,7,,,123456,0,,,,,,0,0,0,0,,0,0,0,,,,0,,0,,0,0,0,,,,,,12,NO SCHEDULE,,,
29/7/2026,2,8,WIYAH/ZAM,rPET,593537,0,BX38-1000-RN-R-CL-rPET 0.2,10702415,4,56.5,56.8,1474,69000,345,460,5896,5750,326.6,26910,42090,334.8928,0,0,0,1.6,0.004777648,29,11.87388889,28.5,,,,,0.126111111,,White mark.L.test.,,,28
29/7/2026,2,9,SUMATHI,KingFa NC050,666344,2,BC28-0056-D-APH-5040-0756-PP,10703060,6,12.3,12.3,1563,162000,3240,4455,9378,8100,99.63,28755,133245,115.3494,0,0,0,0.5,0.004334656,27.6,11.983,26,,,,,0.017,,Run well.L.test.,,,40
29/7/2026,2,10,RAM,PET,324206,0,BX38-1000-HC-S-CL,10702583,4,48,48,1477,31200,650,0,5908,6500,312,11700,19500,283.584,0,0,0,2.6,0.009168359,28.3,11.61086111,25,,,,,0.389138889,,Black dot.L.test.,,,54
29/7/2026,2,11,DIPAK,PPSB520Y,552181,5,BC28-0090-D-APH-5180-3538-PP-6 NOTCHES,10703861,6,14.7,14.7,1467,54000,2160,0,8802,10800,158.76,37800,16200,129.3894,0,0,0,2.6,0.020094382,29.8,12,27,,,,,0,,Run well.L.test.,,,176
29/7/2026,2,12,ZAM,PET RECRON,620599,0,BC28-0750-K4-R-CL (55g)  ,10701607,4,55,55,1471,72000,1575,225,5884,7200,396,70425,1575,323.62,0,0,0,1.6,0.00494407,29.2,11.93144444,28,,,,,0.068555556,,Black dot.L.test.,,,29
29/7/2026,2,13,DIPAK,KingFa NC050,666344,3,BC28-0056-D-APH-5040-0756-PP,10703144,6,12.3,12.3,820,162000,5265,1620,4920,8100,99.63,9720,152280,60.516,0,5,0.082622777,0.5,0.008262278,28.1,6,26,,,,,6,,Start 12am.Run well.L.test.,,,40
29/7/2026,2,14,NA,PET,541381,0,BC28-1200-K-R-CL,10700742,4,12.3,12.3,0,84000,0,0,0,0,0,47600,36400,0,0,0,,0,,28.1,0,30.08,,,,12,0,,Under tech.Thickness.,,,0
29/7/2026,2,15,DIPAK,KingFa NC050,666342,0,BC28-0090-D-APH-5180-3538-PP-PCR,10701780,6,14.7,14.7,1217,108000,810,1080,7302,5400,79.38,44280,63720,107.3394,0,4,0.037264974,0.5,0.004658122,28.9,9.8,27,,,,,2.2,,Run well.L.test.,,,34
29/7/2026,2,16,RASHIDI,KingFa NC050,666343,3,BC28-0170-D-5180-3539-PP,10703149,6,28,28,908,100800,672,2688,5448,3360,94.08,79968,20832,152.544,0,0,0,1.8,0.011799874,45.6,11.50133333,42,,,,,0.498666667,,Run well.L.test.,,,64
29/7/2026,2,17,JIWAN,SM398,606528,0,C35-R/S-F.TOP CARAMEL W SEAL 2.0 (ASEM),10702672,12,5.86,5.86,1338,170000,32300,13600,16056,34000,199.24,115600,54400,94.08816,0,0,0,4.5,0.047827484,30.5,11.33583333,29.04,,,,,0.664166667,,Uncapping & scratches.,,,767
29/7/2026,2,18,JIWAN/RASHIDI,SM398,665673,0,C32- TOP CAP-RED-KKM,10703863,6,2.1,2.1,2188,360000,0,0,13128,12000,25.2,41610,318390,27.5688,0,0,0,2.1,0.076173065,18.9,11.487,20,,,,,0.513,,Blockage & gate point sharp.,,,1000
29/7/2026,2,19,KAIMULLAH,PET PF CAN,588637,0,PF-JK57-24-82-KEKO,10703599,6,24.6,24.6,1328,144000,0,119250,7968,7500,184.5,73550,70450,196.0128,0,0,0,0.2,0.001020342,32.2,11.87822222,26,,,,,0.121777778,,Run well.,,,8
29/7/2026,2,20,,,123456,0,,,,,,0,0,0,0,,0,0,0,,,,0,,0,,0,0,0,,,,,,12,NO SCHEDULE,,,
29/7/2026,2,21,SHESHNATH,MARLEX6007,573943,0,EBK38-2000-K-S-WH-PE(S2012),10702422,1,180,122,1289,21160,225,0,1289,1440,175.68,3600,17560,157.258,74.762,0,0,8.8,0.055958997,33.8,12,35,,,,,0,,Black dot.l.test.,,,72
29/7/2026,2,22,NA,MARLEX6007,618592,0,E22-0150-R-GY-HDPE ,10701479,4,26,15,0,43200,0,0,0,0,0,0,43200,0,0,0,,0,,24.3,0,25,,,,,12,,Under tech.Top load out spec.,,,0
29/7/2026,2,23,ASMULLAH,MARLEX6007,617192,0,EBK38-2017-K-S-BEIGE-HDPE,10702787,1,139.8,103,1332,20328,242,0,1332,1452,149.556,16940,3388,137.196,49.0176,0,0,12.6,0.091839412,32.9,12,33,,,,,0,,Line mark & black dot.L.test.,,,122
29/7/2026,2,24,KALAMUDIN,SM840,621407,0,T-0226-BR-HERS-PP,10702665,1,27.8,27.8,2130,75040,280,70,2130,2240,62.272,6790,68250,59.214,0,0,0,2.8,0.047286115,20,11.83333333,17.8,,,,,0.166666667,,White mark & shot moulding.,,,100
29/7/2026,2,25,ASMULLAH/SHESHNATH,LLDPE6101 / HDPE6178,665674,0,C32-BOTTOM CAP-RED-KKM,10703862,8,3.801,3.801,1448,360000,2000,0,11584,10000,38.01,36620,323380,44.030784,0,0,0,1,0.022711383,29.6,11.90577778,29,,,,,0.094222222,,Oily mark.,,,263
29/7/2026,2,26,SHAHID,PET CAN,588272,0,JK57-0350-R-CL-KEKO,10703094,2,24,18,2119,91800,2550,0,4238,6120,110.16,85680,6120,76.284,25.428,0,0,12,0.157306906,7.4,4.355722222,6.8,,,,4.5,3.144277778,,Gate off center.Mc stop 1.30am.Mould close error & preform stuck.,,,666
29/7/2026,2,27,,,123456,0,,,,,,0,0,0,0,,0,0,0,,,,0,,0,,0,0,0,,,,,,12,NO SCHEDULE,,,
29/7/2026,2,28,,,123456,0,,,,,,0,0,0,0,,0,0,0,,,,0,,0,,0,0,0,,,,,,12,NO SCHEDULE,,,
29/7/2026,2,29,KAIMULLAH,R-HDPE ASTERENE HXM 50100S,611846,0,B54-5000-S-CL-HDPE,10700913,2,453,329,659,4320,192,192,1318,1296,426.384,3216,1104,433.622,163.432,0,0,7.24,0.01669657,61.7,11.29452778,40.1,,,,,0.705472222,,Weight 22pcs.,,,22
30/7/2026,1,1,AISHAH,PET,322452,0,JJ63-0500-RH-R-CL,10703059,4,33.11,34.5,1684,49920,156,372,6736,6240,215.28,12852,37068,232.392,-9.36304,0,0,5.5,0.023666908,25.3,11.83477778,18.04,,,,,0.165222222,,Flow mark.,3,4,159
30/7/2026,1,2,AISYAH,PET,442034,0,BC28-0250-Z-S-CL,10699056,4,23,23,1649,139776,3456,768,6596,9216,211.968,134400,5376,151.708,0,0,0,2,0.01318322,25.4,11.63461111,22,,,,,0.365388889,,White mark.,,,86
30/7/2026,1,3,AISYAH/JEGA,PET,611949,0,BX38-0150-R-R-AM,10703675,4,20,20,1512,56100,4950,4400,6048,6600,132,28625,27475,120.96,0,0,0,5.5,0.045469577,26.6,11.172,21.64,,,,,0.828,,Droolinf & selver streak,,,275
30/7/2026,1,4,VICKY,PET,451191,0,BX38-0350-Z-C-CL,10702581,4,29,29,1683,73440,,306,6732,6426,186.354,25092,48348,195.228,0,0,0,2,0.010244432,25.1,11.73425,24,,,,,0.26575,,White mark.L.test.,,,68
30/7/2026,1,5,KAVITHAH,PET,577492,0,BC28-0375-K-R-Tinted Brown,10702582,4,35.6,35.6,1578,80960,368,1104,6312,5520,196.512,75808,5152,224.7072,0,0,0,2.5,0.011125589,27.29,11.96211667,27,,,,,0.037883333,,Run well.L.test.,,,70
30/7/2026,1,6,RAHI,PET,532981,0,JG63-0175-R-R-AM,10703864,4,24.45,24,0,87552,0,,0,0,0,0,87552,0,0,7.5,,0,,22.24,0,20,,3.5,,,8.5,,Start 6pm,3.5,7,0
30/7/2026,1,7,NA,PET,543590,0,BC28-0130-R-R-AM,10702380,4,19,19,0,120120,0,,0,0,0,29568,90552,0,0,2,,0,,,0,18.72,5.5,,,,6.5,,Thickness out,2,2,0
30/7/2026,1,8,AISHAH/MOGANA,rPET,593537,0,BX38-1000-RN-R-CL-rPET 0.2,10702415,4,56.5,56.8,1469,69000,460,,5876,6325,359.26,32775,36225,333.7568,-1.7628,0,0,3,0.008988581,29,11.83361111,28.5,,,,,0.166388889,,Black dot.L.test.,,,52
30/7/2026,1,9,JEGA,KingFa NC050,666344,2,BC28-0056-D-APH-5040-0756-PP,10703060,6,12.3,12.3,1596,162000,4455,6075,9576,8100,99.63,38475,123525,117.7848,0,0,0,2.5,0.02122515,27.4,12,26,,,,,0,,Shinig mark & gate point .L.test,,,203
30/7/2026,1,10,RAIS,PET,324206,0,BX38-1000-HC-S-CL,10702583,4,49,48,1543,72000,0,325,6172,5850,280.8,17875,54125,296.256,6.172,0,0,4.5,0.015189566,28.3,12,25,,,,,0,,Run well.Ltest,,,93
30/7/2026,1,11,BHOLA,PPSB520Y,552181,5,BC28-0090-D-APH-5180-3538-PP-6 NOTCHES,10703861,6,14.7,14.7,1440,108000,0,3240,8640,5400,79.38,46440,61560,127.008,0,0,0,4,0.031494079,29.8,11.92,27,,,,,0.08,,Bottle dented .L.tesr,,,272
30/7/2026,1,12,MOGANA,PET RECRON,620599,0,BC28-0750-K4-R-CL (55g)  ,10701607,4,55,55,1465,72000,225,675,5860,5400,297,4275,67725,322.3,0,0,0,7,0.021718895,29.5,12,28,,,,,0,,Gate off center.L.test,,,127
30/7/2026,1,13,BHOLA,KingFa NC050,666344,3,BC28-0056-D-APH-5040-0756-PP,10703144,6,12.3,12.3,1468,162000,1620,2025,8808,8100,99.63,18225,143775,108.3384,0,0,0,3,0.027691013,28.1,11.45855556,26,,,,,0.541444444,,Bottle dented.L.test,,,243
30/7/2026,1,14,NA,PET,541381,0,BC28-1200-K-R-CL,10700742,4,55,55,0,84000,,,0,0,0,47600,36400,0,0,0,,,,28,0,30.08,,,,,12,,Under tech quality issue thickness out.,,,0
30/7/2026,1,15,BHOLA,KingFa NC050,666342,0,BC28-0090-D-APH-5180-3538-PP-PCR,10701780,6,14.7,14.7,1484,108000,1080,4320,8904,5400,79.38,51570,56430,130.8888,0,0,0,6,0.045840439,27.8,11.45977778,27,,,,,0.540222222,,Bottle denten.Ltest,,,408
30/7/2026,1,16,RAHI,KingFa NC050,666343,3,BC28-0170-D-APH-5180-3539-PP,10703149,6,28,28,936,100800,2688,1344,5616,6720,188.16,85344,15456,157.248,0,0,0,2,0.012718763,45.6,11.856,42,,,,,0.144,,Run well.L.test.6pm qc on holld 8 ctn neck flashing,,,71
30/7/2026,1,17,IRSAD,SM398,606528,0,C35-R/S-F.TOP CARAMEL W SEAL 2.0 (ASEM),10702672,12,5.86,5.86,1379,170000,13600,27200,16548,0,0,115600,54400,96.97128,0,0,0,4,0.041249327,30.5,11.68319444,29.04,,,,,0.316805556,,Uncapping & Screathes.inside reject cap 3.2,,,682
30/7/2026,1,18,HAS/IRSAD,SM398,665673,0,C32- TOP CAP-RED-KKM,10703863,6,2.1,2.1,1115,360000,0,9000,6690,12000,25.2,50610,309390,14.049,0,0,0,5,0.355897217,19,5.884722222,20,,,,,6.115277778,,Oily mark.,,,2380
30/7/2026,1,19,NIPU,PET PF CAN,588637,0,PF-JK57-24-82-KEKO,10703599,6,24.6,24.6,1251,144000,119250,1126750,7506,7500,184.5,81050,62950,184.6476,0,0,0,0,0,32.2,11.1895,26,,,,,0.8105,,Run well.,,,0
30/7/2026,1,20,,,123456,0,,,,,,0,0,0,0,,0,0,0,,,,0,,0,,0,0,0,,,,,,12,NO SCHEDULE,,,
30/7/2026,1,21,HAS,MARLEX6007,573943,0,EBK38-2000-K-S-WH-PE(S2012),10702422,1,44.2,122,1158,20160,0,,1158,1080,131.76,4680,15480,141.276,-90.0924,0,0,9,0.063705088,33.8,10.87233333,35,,,,,1.127666667,,Black dot& weight.L.test,,,73
30/7/2026,1,22,NA,MARLEX6007,618592,0,E22-0150-R-GY-HDPE ,10701479,4,26,15,0,43200,0,,0,0,0,0,43200,0,0,0,,0,,24.3,0,25,,,,,12,,Under tech.Flashing & shot moulding.,,,0
30/7/2026,1,23,NIPU,MARLEX6007,617192,0,EBK38-2017-K-S-BEIGE-HDPE,10702787,1,139.8,103,1283,20328,0,245,1283,968,99.704,18153,2175,132.149,47.2144,0,0,23,0.174045963,33,11.76083333,33,,,,,0.239166667,,Black dot body dented .L.test,6.5,,223
30/7/2026,1,24,JALALUDIN,SM840,621407,0,T-0226-BR-HERS-PP,10702665,1,27.8,27.8,2045,75040,70,140,2045,2240,62.272,9100,72800,56.851,0,0,0,1,0.01758984,20,11.36111111,17.8,,,,,0.638888889,,Drooling white mark.,,,35
30/7/2026,1,25,DARIK,LLDPE6101 / HDPE6178,665674,0,C32-BOTTOM CAP-RED-KKM,10703862,8,3.801,3.801,1440,360000,,4000,11520,10000,38.01,40620,319380,43.78752,0,0,0,0,0,29.6,11.84,29,,,,,0.16,,"Oily mark &"" full ring broen",,,0
30/7/2026,1,26,NIRAJAN,PET CAN,588272,0,JK57-0350-R-CL-KEKO,10703094,2,24,18,3351,91800,,510,6702,6120,110.16,6630,85170,120.636,40.212,0,0,0,0,7.4,6.888166667,6.8,,,,,5.111833333,,Preform stuck.Start 8.30am.,,21,0
30/7/2026,1,27,,,123456,0,,,,,,0,0,0,0,,0,0,0,,,,0,,0,,0,0,0,,,,,,12,NO SCHEDULE,,,
30/7/2026,1,28,,,123456,0,,,,,,0,0,0,0,,0,0,0,,,,0,,0,,0,0,0,,,,,,12,NO SCHEDULE,,,
30/7/2026,1,29,NIKHIL,R-HDPE ASTERENE HXM 50100S,611846,0,B54-5000-S-CL-HDPE,10700913,2,453,329,628,4320,,,1256,1296,426.384,4320,0,413.224,155.744,0,0,0,0,61.7,10.8,40.1,,,,,0,,C/order,2,,0
30/7/2026,1,29,NIKHIL,R-HDPE ASTERENE HXM 50100S,611846,0,B54-5000-S-CL-HDPE,10702666,2,453,329,72,4320,,144,144,,0,4320,0,47.376,17.856,0,0,0,0,61.7,1.2,40.1,,,,,0,,C/order,,,0
30/7/2026,2,1,SHAHID/PUNES,PET,322452,0,JJ63-0500-RH-R-CL,10703059,4,35,34.5,1694,49920,372,780,6776,6240,215.28,19500,30420,233.772,0,0,0,4.5,0.019249525,25.3,11.90505556,18.04,,,,,0.094944444,,Wavy.,,,130
30/7/2026,2,2,WIYAH,PET,442034,0,BC28-0250-Z-S-CL,10699056,4,23,23,1355,139776,768,0,5420,6144,141.312,139776,0,124.66,0,0,0,1,0.008021819,25.35,9.5,22,,,,,1,,Drooling.Stop 3.30am.C/order.,,,43
30/7/2026,2,2,WIYAH,PET,423213,0,BC28-0265-SCC-A-Q-CL,10703983,4,23,23,0,19050,768,0,0,0,0,0,19050,0,0,6.8,,0,,25.35,0,22.5,,,,1.5,0,,Start 6.15am.,,,0
30/7/2026,2,3,GVETHA,PET,611949,0,BX38-0150-R-R-AM,10703675,4,20,20,1298,56100,4400,2750,5192,6600,132,35750,20350,103.84,0,0,0,3.6,0.034668721,26.6,9.6,21.64,,,,,2.4,,Drooling.L.test.Mc stop 5am.blow core cyclinder screw broken.,,,180
30/7/2026,2,4,KALAMUDIN,PET,451191,0,BX38-0350-Z-C-CL,10702581,4,29,29,1767,73440,306,0,7068,7344,212.976,32130,41310,204.972,0,0,0,0.8,0.003902972,25.1,12,24,,,,,0,,Run well.L.test.,,,27
30/7/2026,2,5,KALAMUDIN/SUMATHI,PET,577492,0,BC28-0375-K-R-Tinted Brown,10702582,4,35.6,35.6,1115,80960,1104,0,4460,5520,196.512,80960,0,158.776,0,0,0,1.6,0.01007709,26.7,8.2,27,,,,,0,,Run well.L.test.Stop 2.20am.C/order.,,,44
30/7/2026,2,5,NA,PET,529004,0,BC28-0400-R-R-CL,10703676,4,31,31,0,24000,0,0,0,0,0,0,24000,0,0,0,,0,,26.7,0,29,,2.5,,,1.3,,Under tech.Start up.Mtrl load 3am.,,,0
30/7/2026,2,6,SHAHID,PET,532981,0,JG63-0175-R-R-AM,10703864,4,24.45,24,1843,87552,0,7296,7372,0,0,7296,80256,176.928,0,0,0,1.8,0.01017363,22.2,11.36516667,20,,,,,0.634833333,,Drooling.,,,75
30/7/2026,2,7,WIYAH/KALAMUDIN,PET,543590,0,BC28-0130-R-R-AM,10702380,4,19,19,924,120120,0,3696,3696,0,0,3696,116424,70.224,0,8.7,0.123889269,0,0,20.7,5.313,18.72,,,,,6.687,,Start 1.30am.L.test.,,,0
30/7/2026,2,8,RASHIDI/GVETHA,rPET,593537,0,BX38-1000-RN-R-CL-rPET 0.2,10702415,4,56.5,56.8,1486,69000,0,115,5944,5750,326.6,38640,30360,337.6192,0,0,0,4.5,0.013328626,29,11.97055556,28.5,,,,,0.029444444,,White mark.L.test.,,,79
30/7/2026,2,9,RASHIDI,KingFa NC050,666344,2,BC28-0056-D-APH-5040-0756-PP,10703060,6,12.3,12.3,1499,162000,6075,6885,8994,8100,99.63,47385,114615,110.6262,0,0,0,0.8,0.00723156,27.8,11.57561111,26,,,,,0.424388889,,Run well.L.test.,,,65
30/7/2026,2,10,SUMATHI,PET,324206,0,BX38-1000-HC-S-CL,10702583,4,48,48,1451,31200,325,260,5804,5850,280.8,23660,7540,278.592,0,0,0,0.6,0.002153687,28.3,11.40647222,25,,,,,0.593527778,,Black dot.L.test.,,,12
30/7/2026,2,11,RAM,PPSB520Y,552181,5,BC28-0090-D-APH-5180-3538-PP-6 NOTCHES,,6,14.7,14.7,135,54000,0,810,810,0,0,810,53190,11.907,0,0,0,0,0,29.8,1.3,27,,,,,0,,Run well.L.test.,,,0
30/7/2026,2,11,RAM,PPSB520Y,552181,5,BC28-0090-D-APH-5180-3538-PP-6 NOTCHES,10703861,6,14.7,14.7,1288,54000,3240,0,7728,10800,158.76,54000,0,113.6016,0,0,0,2.5,0.022006732,29.8,10.7,27,,,,,0,,Run well.L.test.,,,170
30/7/2026,2,12,PUNES,PET RECRON,620599,0,BC28-0750-K4-R-CL (55g)  ,10703143,4,55,55,1412,72000,675,900,5648,5400,297,9900,62100,310.64,0,0,0,1.2,0.003862993,29.5,11.57055556,28,,,,,0.429444444,,Black dot.L.test.,,,21
30/7/2026,2,13,RAM,KingFa NC050,666344,3,BC28-0056-D-APH-5040-0756-PP,10703144,6,12.3,12.3,1548,162000,2025,2835,9288,8100,99.63,27135,134865,114.2424,0,0,0,4.5,0.039389929,28.1,12,26,,,,,0,,Run well.L.test.,,,365
30/7/2026,2,14,NA,PET,541381,0,BC28-1200-K-R-CL,10700742,4,12.3,12.3,0,84000,0,0,0,0,0,47600,36400,0,0,6.7,,0,,28.1,0,30.08,,,,,12,,Under tech.Thickness.,,,0
30/7/2026,2,15,RAM,KingFa NC050,666342,0,BC28-0090-D-APH-5180-3538-PP-PCR,10701780,6,14.7,14.7,1457,108000,4320,2160,8742,10800,158.76,61560,46440,128.5074,0,0,0,1.5,0.01167248,28.9,11.69647222,27,,,,,0.303527778,,Run well.L.test.,,,102
30/7/2026,2,16,JIWAN/SHESHNATH,KingFa NC050,666343,3,BC28-0170-D-5180-3539-PP,10703149,6,28,28,935,100800,1344,3528,5610,3360,94.08,90888,9912,157.08,0,0,0,1.8,0.011459129,45.6,11.84333333,42,,,,,0.156666667,,Run well.L.test.,,,64
30/7/2026,2,17,KAIMULLAH,SM398,606528,0,C35-R/S-F.TOP CARAMEL W SEAL 2.0 (ASEM),10702672,12,5.86,5.86,1198,170000,27200,6800,14376,34000,199.24,142800,27200,84.24336,0,0,0,4.6,0.05460371,30.5,10.14972222,29.04,,,,,1.850277778,,Shot moulding & flashing at hole area.,,,784
30/7/2026,2,18,KAIMULLAH,SM398,665673,0,C32- TOP CAP-RED-KKM,10703863,6,2.1,2.1,2258,360000,9000,24000,13548,15000,31.5,63920,296080,28.4508,0,0,0,0.5,0.017574198,18.9,11.8545,20,,,,,0.1455,,Discolour.,,,238
30/7/2026,2,19,NITESH,PET PF CAN,588637,0,PF-JK57-24-82-KEKO,10703599,6,24.6,24.6,1327,144000,0,158250,7962,7500,184.5,96500,47500,195.8652,0,0,0,0.3,0.001531666,32.2,11.86927778,26,,,,,0.130722222,,Run well.,,,12
30/7/2026,2,20,,,123456,0,,,,,,0,0,0,0,,0,0,0,,,,0,,0,,0,0,0,,,,,,12,NO SCHEDULE,,,
30/7/2026,2,21,JIWAN,MARLEX6007,573943,0,EBK38-2000-K-S-WH-PE(S2012),10702422,1,180,122,1252,21160,0,135,1252,1080,131.76,5895,15265,152.744,72.616,0,0,4.5,0.029461059,33.8,11.75488889,35,,,,,0.245111111,,Black dot.l.test.,,,36
30/7/2026,2,22,NA,MARLEX6007,618592,0,E22-0150-R-GY-HDPE ,10701479,4,26,15,0,43200,0,0,0,0,0,0,43200,0,0,0,,0,,24.3,0,25,,,,,12,,Under tech.Top load out spec.,,,0
30/7/2026,2,23,SHESHNATH,MARLEX6007,617192,0,EBK38-2017-K-S-BEIGE-HDPE,10702787,1,139.8,103,1324,20328,245,0,1324,1452,149.556,12584,7744,136.372,48.7232,0,0,11.2,0.082128296,32.9,12,33,,,,,0,,Line mark & black dot.L.test.,,,108
30/7/2026,2,24,ZAM,SM840,621407,0,T-0226-BR-HERS-PP,10702665,1,27.8,27.8,2094,75040,140,1085,2094,1120,31.136,11165,63875,58.2132,0,0,0,0.8,0.013742588,20,11.63333333,17.8,,,,,0.366666667,,Run well.,,,28
30/7/2026,2,25,JIWAN/SHESHNATH,LLDPE6101 / HDPE6178,665674,0,C32-BOTTOM CAP-RED-KKM,10703862,8,3.801,3.801,1443,360000,4000,12000,11544,12000,45.612,51900,308100,43.878744,0,0,0,1,0.022790078,29.6,11.86466667,29,,,,,0.135333333,,Oily mark & pull ring broken.,,,263
30/7/2026,2,26,ASMULLAH,PET CAN,588272,0,JK57-0350-R-CL-KEKO,10703795,2,24,18,4335,91800,510,0,8670,9180,165.24,9180,82620,156.06,52.02,0,0,11.7,0.074971165,7.4,7.5,6.8,,,,4.5,0,,Bottle stuck sometimes.Base deform & gate off center.,,,650
30/7/2026,2,27,,,123456,0,,,,,,0,0,0,0,,0,0,0,,,,0,,0,,0,0,0,,,,,,12,NO SCHEDULE,,,
30/7/2026,2,28,,,123456,0,,,,,,0,0,0,0,,0,0,0,,,,0,,0,,0,0,0,,,,,,12,NO SCHEDULE,,,
30/7/2026,2,29,NITESH,R-HDPE ASTERENE HXM 50100S,611846,0,B54-5000-S-CL-HDPE,10702666,2,453,329,579,4320,144,408,1158,864,284.256,1272,3048,380.982,143.592,0,0,9.87,0.025906736,61.7,9.923416667,40.1,,,,,2.076583333,,Weight 30pcs.,,,30
31/7/2026,1,1,KAVITHA/RAIS,PET,322452,0,JJ63-0500-RH-R-CL,10703059,4,33.11,34.5,1680,49920,780,0,6720,7488,258.336,26208,23712,231.84,-9.3408,0,0,6.2,0.026742581,25.3,11.80666667,18.04,,,,,0.193333333,,Flow mark.,3,,179
31/7/2026,1,2,MOGANA/HABIRAMI,PET,423213,0,BC28-0265-SCC-A-Q-CL,10703983,4,23,23,1810,19050,0,2667,7240,4572,105.156,7239,11811,166.52,0,0,0,5.5,0.033029066,22.5,11.3125,22.5,,,,,0.6875,,White mark.,4.5,3,239
31/7/2026,1,3,JEGA,PET,611949,0,BX38-0150-R-R-AM,10703675,4,20,20,965,56100,2750,6600,3860,0,0,39600,16500,77.2,0,0,0,1.5,0.019430052,26.6,7.130277778,21.64,,,,,4.869722222,,Droolinf & selver streak,6,2,75
31/7/2026,1,4,VICKY,PET,451191,0,BX38-0350-Z-C-CL,10702581,4,29,29,1645,73440,0,154,6580,6426,186.354,38710,34730,190.82,0,0,0,2.5,0.013101352,25.1,11.46930556,24,,,,,0.530694444,,White mark.L.test.,,,86
31/7/2026,1,5,NA,PET,529004,0,BC28-0400-R-R-CL,10703676,4,31,31,420,24000,0,480,1680,1200,37.2,1680,22320,52.08,0,10.3,0.197772657,0.3,0.005760369,27.29,3,29,,,,,9,,Under tech quality issue thickness out Start 3pm.,4,3.5,9
31/7/2026,1,6,KAVITHA,PET,532981,0,JG63-0175-R-R-AM,10703864,4,24.45,24,1940,87552,7296,4104,7760,16416,393.984,16416,71136,186.24,3.492,0,0,3,0.016108247,22.24,11.98488889,20,,,,,0.015111111,,Run well.,,,125
31/7/2026,1,7,HABIRAMI,PET,543590,0,BC28-0130-R-R-AM,10702380,4,19,19,2220,120120,3696,4928,8880,7392,140.448,41888,78232,168.72,0,0,0,3.2,0.018966335,18.7,11.53166667,18.72,,,,,0.468333333,,Drooling.L.test.,,,168
31/7/2026,1,8,JEGA/AISHAH,rPET,593537,0,BX38-1000-RN-R-CL-rPET 0.2,10702415,4,56.5,56.8,1500,69000,115,0,6000,6325,359.26,44850,24150,340.8,-1.8,0,0,2.5,0.007335681,29,12,28.5,,,,,0,,Black dot.L.test.,,,44
31/7/2026,1,9,AISHAH,KingFa NC050,666344,2,BC28-0056-D-APH-5040-0756-PP,10703060,6,12.3,12.3,1552,162000,6885,0,9312,16200,199.26,37800,124200,114.5376,0,0,0,3.2,0.027938424,27.4,11.81244444,26,,,,,0.187555556,,Shinig mark & gate point .L.test,,,260
31/7/2026,1,10,MOGANA,PET,324206,0,BX38-1000-HC-S-CL,10702583,4,49,48,1540,72000,260,0,6160,6500,312,29900,42100,295.68,6.16,0,0,7.2,0.024350649,28.3,12,25,,,,,0,,Run well.Ltest,5.6,5,150
31/7/2026,1,11,NIKHIL,PPSB520Y,552181,5,BC28-0090-D-APH-5180-3538-PP-6 NOTCHES,10704299,6,14.7,14.7,1465,108000,810,4320,8790,5400,79.38,9720,98280,129.213,0,0,0,2,0.015478319,29.8,12,27,,,,,0,,Run well.L.test.,,,136
31/7/2026,1,12,RAIS,PET RECRON,620599,0,BC28-0750-K4-R-CL (55g)  ,10703143,4,55,55,1465,72000,900,1350,5860,5400,297,13950,58050,322.3,0,0,0,7,0.021718895,29.5,12,28,,,,,0,,Black dot.L.test.,,,127
31/7/2026,1,13,NIKHIL,KingFa NC050,666344,3,BC28-0056-D-APH-5040-0756-PP,10703144,6,12.3,12.3,1552,162000,2835,4050,9312,8100,99.63,36450,125550,114.5376,0,0,0,1,0.008730757,28.1,12,26,,,,,0,,Run well.L.test.,,,81
31/7/2026,1,14,NA,PET,541381,0,BC28-1200-K-R-CL,10700742,4,55,55,0,84000,0,0,0,0,0,47600,36400,0,0,40.3,,0,,28,0,30.08,,,,,12,,Under tech quality issue thickness out.,12,11,0
31/7/2026,1,15,NIKHIL,KingFa NC050,666342,0,BC28-0090-D-APH-5180-3538-PP,10701780,6,14.7,14.7,1570,108000,2160,810,9420,10800,158.76,71010,36990,138.474,0,1.5,0.010832358,0,0,27.8,12,27,,,,,0,,Run well.L.test.,,,0
31/7/2026,1,16,NIRAJAN/NIPU,KingFa NC050,666343,3,BC28-0170-D-APH-5180-3539-PP,10703149,6,28,28,756,100800,3528,1344,4536,6720,188.16,94080,6720,127.008,0,0,0,1.2,0.009448224,45.6,8.5,42,,,,,0,,Stop 2.30pm.Change base.,,,42
31/7/2026,1,16,NIRAJAN/NIPU,PPSB520Y,555979,3,BC28-0170-D-APH-5180-3539-PP-6 NOTCHES,10704309,6,28,28,0,67200,0,0,0,0,0,0,67200,0,0,8,,0,,45.6,0,42,,,0.5,,3,,Tech change base.startup.,7,4,0
31/7/2026,1,17,HAS,SM398,606528,0,C35-R/S-F.TOP CARAMEL W SEAL 2.0 (ASEM),10702672,12,5.86,5.86,1390,170000,6800,22100,16680,0,0,158100,11900,97.7448,0,0,0,4.3,0.04399211,30.5,11.77638889,29.04,,,,,0.223611111,,Uncapping & Screathes.inside reject cap 2.5kg,,,733
31/7/2026,1,18,DAZIK,SM398,665673,0,C32- TOP CAP-RED-KKM,10703863,6,2.1,2.1,2240,360000,24000,9000,13440,15000,31.5,77360,282640,28.224,0,0,0,0.1,0.003543084,19,11.82222222,20,,,,,0.177777778,,Oily mark.,,,47
31/7/2026,1,19,HAS,PET PF CAN,588637,0,PF-JK57-24-82-KEKO,10703599,6,24.6,24.6,1320,144000,158250,155250,7920,7500,184.5,104420,39580,194.832,0,0,0,0.1,0.000513263,32.2,11.80666667,26,,,,,0.193333333,,Run well.,,,4
31/7/2026,1,20,,,123456,0,,,,,,0,0,0,0,,0,0,0,,,,0,,0,,0,0,0,,,,,,12,NO SCHEDULE,,,
31/7/2026,1,21,NIRAJAN,MARLEX6007,573943,0,EBK38-2000-K-S-WH-PE(S2012),10702422,1,44.2,122,1240,20160,135,255,1240,1080,131.76,7065,13095,151.28,-96.472,0,0,12,0.079323109,33.8,11.64222222,35,,,,,0.357777778,,Black dot& weight.L.test,,,98
31/7/2026,1,22,NA,MARLEX6007,618592,0,E22-0150-R-GY-HDPE ,10701479,4,26,15,0,43200,0,0,0,0,0,0,43200,0,0,0,,0,,24.3,0,25,,,,,12,,Under tech.Flashing & shot moulding.,,,0
31/7/2026,1,23,NIPU,MARLEX6007,617192,0,EBK38-2017-K-S-BEIGE-HDPE,10702787,1,139.8,103,1280,20328,0,0,1280,968,99.704,20328,0,131.84,47.104,0,0,14.8,0.112257282,33,11.73333333,33,,,,,0.266666667,,Black dot.L.test.C/order.Run ,,,143
31/7/2026,1,24,RAHI,SM840,621407,0,T-0226-BR-HERS-PP,10702665,1,27.8,27.8,2020,75040,1085,840,2020,2240,62.272,13160,72800,56.156,0,0,0,0.3,0.005342261,20,11.22222222,17.8,,,,,0.777777778,,Drooling white mark.,,,10
31/7/2026,1,25,DAZIK,LLDPE6101 / HDPE6178,665674,0,C32-BOTTOM CAP-RED-KKM,10703862,8,3.801,3.801,1420,360000,12000,4000,11360,10000,38.01,63260,296740,43.17936,0,0,0,1,0.023159213,29.6,11.67555556,29,,,,,0.324444444,,Oily mark & full ring broken,,,263
31/7/2026,1,26,BHOLA,PET CAN,588272,0,JK57-0350-R-CL-KEKO,10703795,2,24,18,4590,91800,0,0,9180,9180,165.24,18360,73440,165.24,55.08,0,0,6.8,0.041152263,7.4,9.435,6.8,,,,,2.565,,Body dented preform stuck bottle stuck.,,14,377
31/7/2026,1,27,,,123456,0,,,,,,0,0,0,0,,0,0,0,,,,0,,0,,0,0,0,,,,,,12,NO SCHEDULE,,,
31/7/2026,1,28,,,123456,0,,,,,,0,0,0,0,,0,0,0,,,,0,,0,,0,0,0,,,,,,12,NO SCHEDULE,,,
31/7/2026,1,29,IRSAD,R-HDPE ASTERENE HXM 50100S,611846,0,B54-5000-S-CL-HDPE,10702666,2,453,329,630,4320,408,312,1260,1296,426.384,2472,1848,414.54,156.24,0,0,45,0.10855406,61.7,11,40.1,,,,,1,,Tech adjust weight.Black dot 50pcs weight 90pcs ,8,,136
31/7/2026,2,1,SUMATHI/WIYAH,PET,322452,0,JJ63-0500-RH-R-CL,10703059,4,35,34.5,1644,49920,0,312,6576,6240,215.28,32760,17160,226.872,0,0,0,0.8,0.003526217,25.3,11.55366667,18.04,,,,,0.446333333,,Run well.,,,23
31/7/2026,2,2,ZAM/SHAHID,PET,423213,0,BC28-0265-SCC-A-Q-CL,10703983,4,23,23,1816,19050,2667,762,7264,9144,210.312,14478,4572,167.072,0,0,0,0.5,0.002992722,23.6,11.90488889,22.5,,,,,0.095111111,,Run well.,,,21
31/7/2026,2,3,SHAHID,PET,611949,0,BX38-0150-R-R-AM,10703675,4,20,20,1533,56100,6600,6050,6132,6600,132,45650,10450,122.64,0,0,0,1.6,0.013046314,26.6,11.3,21.64,,,,,0.7,,Drooling.Mc stop sometimes.cycle alarm.,,,80
31/7/2026,2,4,GVETHA,PET,451191,0,BX38-0350-Z-C-CL,10702581,4,29,29,1699,73440,154,462,6796,6426,186.354,45444,27996,197.084,0,0,0,1.7,0.008625764,25.1,11.84580556,24,,,,,0.154194444,,Shot moulding.,,,58
31/7/2026,2,5,GVETHA/THURGA,PET,529004,0,BC28-0400-R-R-CL,10703676,4,31,31,1283,24000,480,720,5132,4800,148.8,6720,17280,159.092,0,0,0,2.8,0.017599879,32.8,11.68955556,29,,,,,0.310444444,,Run well.l.test.,,,90
31/7/2026,2,6,WIYAH,PET,532981,0,JG63-0175-R-R-AM,10703864,4,24.45,24,1966,87552,0,912,7864,5472,131.328,22800,64752,188.736,0,0,0,2.7,0.014305697,22,12,20,,,,,0,,Drooling.,,,112
31/7/2026,2,7,ZAM,PET,543590,0,BC28-0130-R-R-AM,10702380,4,19,19,2009,120120,4928,5544,8036,7392,140.448,49896,70224,152.684,0,0,0,0.5,0.003274737,20.7,11.55175,18.72,,,,,0.44825,,Run well.L.test.,,,26
31/7/2026,2,8,PUNES/WIYAH/SUMATHI,rPET,593537,0,BX38-1000-RN-R-CL-rPET 0.2,10702415,4,56.5,56.8,1451,69000,0,0,5804,5750,326.6,50600,18400,329.6672,0,0,0,2.8,0.008493414,29,11.68861111,28.5,,,,,0.311388889,,mc stop 5.50am.under tech tool set service ,,,49
31/7/2026,2,9,PUNES,KingFa NC050,666344,2,BC28-0056-D-APH-5040-0756-PP,10703060,6,12.3,12.3,1492,162000,0,810,8952,8100,99.63,65610,96390,110.1096,0,0,0,0.5,0.00454093,27.8,11.52155556,26,,,,,0.478444444,,Run well.l.test.,,,40
31/7/2026,2,10,THURGA,PET,324206,0,BX38-1000-HC-S-CL,10702583,4,48,48,329,31200,0,0,1316,1300,62.4,31200,0,63.168,0,0,0,0.8,0.01266464,28.3,2.6,25,,,,,0.2,,Stop 8.40pm.C/order.,,,16
31/7/2026,2,10,,PET,123456,0,BX38-1000-GH-R-CL(GREEN) (ASEM),10703678,4,48.9,48.9,0,0,0,0,2244,0,0,0,38850,109.7316,0,0,0.063792016,0,0,0,0,0,,,1.5,,3.2,12,NO SCHEDULE,,,0
31/7/2026,2,11,KAIMULLAH,PPSB520Y,552181,5,BC28-0090-D-APH-5180-3538-PP-6 NOTCHES,10704299,6,14.7,14.7,1457,54000,4320,2160,8742,10800,158.76,18360,35640,128.5074,0,0,0,1.5,0.01167248,29.8,12,27,,,,,0,,Run well.L.test.,,,102
31/7/2026,2,12,PUNES,PET RECRON,620599,0,BC28-0750-K4-R-CL (55g)  ,10703143,4,55,55,1475,72000,1350,0,5900,7200,396,19800,52200,324.5,0,0,0,2.6,0.008012327,29.5,12,28,,,,,0,,Black dot.L.test.,,,47
31/7/2026,2,13,KAIMULLAH,KingFa NC050,666344,3,BC28-0056-D-APH-5040-0756-PP,10703144,6,12.3,12.3,1507,162000,4050,4860,9042,8100,99.63,45360,116640,111.2166,0,0,0,1.5,0.013487195,28.1,11.76297222,26,,,,,0.237027778,,Run well.L.test.,,,121
31/7/2026,2,14,NA,PET,541381,0,BC28-1200-K-R-CL,10700742,4,12.3,12.3,0,84000,0,0,0,0,0,47600,36400,0,0,0,,0,,28.1,0,30.08,,,,,12,,Under tech.Thickness.,,,0
31/7/2026,2,15,KAIMULLAH,KingFa NC050,666342,0,BC28-0090-D-APH-5180-3538-PP,10701780,6,14.7,14.7,1413,108000,810,3780,8478,5400,79.38,79380,28620,124.6266,0,0,0,1.6,0.012838351,28.9,11.34325,27,,,,,0.65675,,mc stop sometimes bottle stuck.L.test.,,,108
31/7/2026,2,16,NA,PPSB520Y,550077,0,BC28-0170-D-APH-5040-0736-PP-6NOTCHES(NO LOGO),10704309,6,28,28,0,67200,0,0,0,0,0,0,67200,0,0,1.5,,0,,45.6,0,42,,,,,12,,Under tech.Top flatness & parting line mix match.,,,0
31/7/2026,2,17,JIWAN,SM398,606528,0,C35-R/S-F.TOP CARAMEL W SEAL 2.0 (ASEM),10702672,12,5.86,5.86,1030,170000,22100,0,12360,34000,199.24,170000,0,72.4296,0,0,0,2.7,0.037277577,29.1,8.2,29.04,,,,,0,,stop 2.15am.C/order.,,,460
31/7/2026,2,17,JIWAN,SM398,606524,0,C35-R/S-F.TOP D.CHOC W SEAL 2.0 (ASEM),10704266,12,5.86,5.86,284,170000,0,3400,3408,0,0,3400,166600,19.97088,0,5,0.250364531,0,0,29.1,2.3,29.04,,,,,0,1.5,Start 3.45am.Uncapping & scratches.,,,0
31/7/2026,2,18,JIWAN,SM398,665673,0,C32- TOP CAP-RED-KKM,10703863,6,2.1,2.1,2267,360000,9000,51000,13602,12000,25.2,90720,269280,28.5642,0,0,0,0.5,0.017504429,18.9,11.90175,20,,,,,0.09825,,Discolour.,,,238
31/7/2026,2,19,SHESHNATH,PET PF CAN,588637,0,PF-JK57-24-82-KEKO,10703599,6,24.6,24.6,1323,144000,155250,161250,7938,7500,184.5,104420,39580,195.2748,0,0,0,0.2,0.001024198,32.2,11.8335,26,,,,,0.1665,,Run well.,,,8
31/7/2026,2,20,,,123456,0,,,,,,0,0,0,0,,0,0,0,,,,0,,0,,0,0,0,,,,,,12,NO SCHEDULE,,,
31/7/2026,2,21,ASMULLAH,MARLEX6007,573943,0,EBK38-2000-K-S-WH-PE(S2012),10702422,1,180,122,1276,21160,255,45,1276,1440,175.68,7965,13195,155.672,74.008,0,0,5.6,0.035973072,33.8,11.98022222,35,,,,,0.019777778,,Black dot.L.test.Stop 7am.conveyor belr broken.,,,45
31/7/2026,2,22,NA,MARLEX6007,618592,0,E22-0150-R-GY-HDPE ,10701479,4,26,15,0,43200,0,0,0,0,0,0,43200,0,0,0,,0,,24.3,0,25,,,,,12,,under tech.Top load out spec.,,,0
31/7/2026,2,23,NITESH,MARLEX6007,617192,0,EBK38-2017-K-S-BEIGE-HDPE,10704222,1,139.8,103,1288,20328,121,363,1288,968,99.704,1331,18997,132.664,47.3984,0,0,12.6,0.094976783,32.9,11.77088889,33,,,,,0.229111111,,Line mark & black dot.l.test,,,122
31/7/2026,2,24,RAM,SM840,621407,0,T-0226-BR-HERS-PP,10702665,1,27.8,27.8,2121,75040,840,700,2121,2240,62.272,15260,59780,58.9638,0,0,0,0.6,0.010175735,20,11.78333333,17.8,,,,,0.216666667,,Run well.,,,21
31/7/2026,2,25,NITESH/ASMULLAH,LLDPE6101 / HDPE6178,665674,0,C32-BOTTOM CAP-RED-KKM,10703862,8,3.801,3.801,1431,360000,4000,12000,11448,12000,45.612,74445,285555,43.513848,0,0,0,1,0.02298119,29.6,11.766,29,,,,,0.234,,Pull ring brken & oily mark.,,,263
31/7/2026,2,26,KALAMUDIN,PET CAN,588272,0,JK57-0350-R-CL-KEKO,10703795,2,24,18,1726,91800,0,170,3452,3060,55.08,18530,73270,62.136,20.712,0,0,4,0.06437492,7.4,3.547888889,6.8,,,,,8.452111111,,Often mc stop.Mould close error & bottle stuck.Mc stop 11.30pm.Preform jig dented.,,,222
31/7/2026,2,27,,,123456,0,,,,,,0,0,0,0,,0,0,0,,,,0,,0,,0,0,0,,,,,,12,NO SCHEDULE,,,
31/7/2026,2,28,,,123456,0,,,,,,0,0,0,0,,0,0,0,,,,0,,0,,0,0,0,,,,,,12,NO SCHEDULE,,,
31/7/2026,2,29,SHESHNATH,R-HDPE ASTERENE HXM 50100S,611846,0,B54-5000-S-CL-HDPE,10702666,2,453,329,636,4320,312,264,1272,1296,426.384,3720,600,418.488,157.728,0,0,7.9,0.018877483,61.7,10.90033333,40.1,,,,,1.099666667,,Weight 24pcs.Stop 7.30am.Up mould for run 4cav.,,,24
